"school_name","year","lea_name","hispanic_attendance","total_attendance","pct_hispanic","pct_change"
"High Point High",2025,"Prince Georges",2492,3012,82.7357237715804,3.91993327773144
"High Point High",2023,"Prince Georges",2422,3003,80.6526806526807,18.2040019521718
"High Point High",2024,"Prince Georges",2398,2960,81.0135135135135,-0.990916597853009
"High Point High",2026,"Prince Georges",2380,2865,83.0715532286213,-4.49438202247191
"High Point High",2020,"Prince Georges",2093,2747,76.1922096832909,NA
"High Point High",2022,"Prince Georges",2049,2627,77.997716025885,0.342801175318308
"High Point High",2021,"Prince Georges",2042,2634,77.5246772968869,-2.43669374104156
"Parkdale High",2024,"Prince Georges",1804,2571,70.1672500972384,2.03619909502262
"Parkdale High",2025,"Prince Georges",1794,2588,69.3199381761978,-0.554323725055428
"Parkdale High",2023,"Prince Georges",1768,2561,69.0355329949239,8.7330873308733
"Northwestern High",2025,"Prince Georges",1751,2396,73.0801335559265,1.44843568945539
"Parkdale High",2026,"Prince Georges",1728,2523,68.4898929845422,-3.67892976588629
"Northwestern High",2024,"Prince Georges",1726,2381,72.4905501889962,2.31179608772969
"Northwestern High",2023,"Prince Georges",1687,2346,71.9096334185848,8.07174887892377
"Wheaton High",2025,"Montgomery",1656,2794,59.2698639942734,4.4794952681388
"Bladensburg High",2025,"Prince Georges",1636,2114,77.3888363292337,2.44207889793362
"Bladensburg High",2023,"Prince Georges",1632,2164,75.4158964879852,11.7043121149897
"Northwestern High",2026,"Prince Georges",1626,2255,72.1064301552106,-7.13877784123358
"Parkdale High",2022,"Prince Georges",1626,2460,66.0975609756098,4.23076923076924
"Northwestern High",2021,"Prince Georges",1613,2313,69.7362732382188,0.561097256857845
"Northwestern High",2020,"Prince Georges",1604,2335,68.6937901498929,NA
"Bladensburg High",2024,"Prince Georges",1597,2095,76.2291169451074,-2.14460784313726
"Wheaton High",2024,"Montgomery",1585,2747,57.6993083363669,5.52596537949401
"Bladensburg High",2026,"Prince Georges",1569,2053,76.4247442766683,-4.09535452322738
"Wheaton High",2026,"Montgomery",1564,2689,58.162885831164,-5.55555555555556
"Northwestern High",2022,"Prince Georges",1561,2219,70.3470031545741,-3.2238065716057
"Parkdale High",2021,"Prince Georges",1560,2453,63.5955972278842,5.90631364562118
"Gaithersburg High",2025,"Montgomery",1528,2441,62.597296190086,0.394218134034174
"Gaithersburg High",2024,"Montgomery",1522,2454,62.0211898940505,4.74879559532002
"Wheaton High",2023,"Montgomery",1502,2599,57.7914582531743,12.5093632958801
"Parkdale High",2020,"Prince Georges",1473,2354,62.5743415463042,NA
"Bladensburg High",2022,"Prince Georges",1461,1965,74.3511450381679,4.65616045845272
"Gaithersburg High",2023,"Montgomery",1453,2436,59.6469622331691,8.11011904761905
"Gaithersburg High",2026,"Montgomery",1429,2343,60.9901835253948,-6.47905759162304
"Bladensburg High",2021,"Prince Georges",1396,1933,72.2193481634765,0.503959683225341
"Bladensburg High",2020,"Prince Georges",1389,1936,71.745867768595,NA
"Gaithersburg High",2021,"Montgomery",1366,2359,57.9058923272573,2.93896006028636
"Gaithersburg High",2022,"Montgomery",1344,2285,58.8183807439825,-1.61054172767203
"Wheaton High",2022,"Montgomery",1335,2375,56.2105263157895,4.78806907378335
"Gaithersburg High",2020,"Montgomery",1327,2397,55.3608677513559,NA
"John F. Kennedy High",2025,"Montgomery",1277,1880,67.9255319148936,1.10847189231988
"Wheaton High",2021,"Montgomery",1274,2280,55.8771929824561,2.08333333333333
"John F. Kennedy High",2024,"Montgomery",1263,1854,68.1229773462783,1.77276390008059
"Wheaton High",2020,"Montgomery",1248,2179,57.2739788893988,NA
"Montgomery Blair High",2024,"Montgomery",1245,3261,38.1784728610856,5.32994923857868
"Montgomery Blair High",2025,"Montgomery",1244,3266,38.0894060012247,-0.080321285140561
"John F. Kennedy High",2023,"Montgomery",1241,1827,67.9255610290093,8.19529206625982
"John F. Kennedy High",2026,"Montgomery",1191,1788,66.6107382550336,-6.734534064213
"Montgomery Blair High",2026,"Montgomery",1191,3196,37.2653316645807,-4.2604501607717
"Montgomery Blair High",2023,"Montgomery",1182,3204,36.8913857677903,6.19946091644206
"Buck Lodge Middle",2020,"Prince Georges",1159,1302,89.0168970814132,NA
"Buck Lodge Middle",2021,"Prince Georges",1158,1295,89.4208494208494,-0.0862812769628962
"John F. Kennedy High",2022,"Montgomery",1147,1776,64.5833333333333,0.879507475813535
"John F. Kennedy High",2021,"Montgomery",1137,1788,63.5906040268456,1.88172043010753
"Buck Lodge Middle",2023,"Prince Georges",1134,1242,91.304347826087,6.47887323943661
"Duval High",2026,"Prince Georges",1123,2603,43.1425278524779,1.17117117117118
"John F. Kennedy High",2020,"Montgomery",1116,1817,61.4199229499174,NA
"Montgomery Blair High",2022,"Montgomery",1113,3176,35.044080604534,0.632911392405067
"Duval High",2025,"Prince Georges",1110,2522,44.0126883425852,3.83536014967258
"Montgomery Blair High",2021,"Montgomery",1106,3220,34.3478260869565,1.93548387096774
"Montgomery Blair High",2020,"Montgomery",1085,3223,33.6642879304995,NA
"Duval High",2024,"Prince Georges",1069,2484,43.0354267310789,3.1853281853282
"Buck Lodge Middle",2022,"Prince Georges",1065,1172,90.8703071672355,-8.03108808290155
"Watkins Mill High",2023,"Montgomery",1044,1715,60.8746355685131,11.7773019271949
"Duval High",2023,"Prince Georges",1036,2503,41.3903316020775,13.7211855104281
"Northwood High",2023,"Montgomery",1036,1795,57.7158774373259,NA
"Northwood High",2024,"Montgomery",1034,1745,59.2550143266476,-0.193050193050193
"Annapolis High",2025,"Anne Arundel",1032,2075,49.7349397590361,5.95482546201231
"Albert Einstein High",2024,"Montgomery",1021,2024,50.4446640316206,0.889328063241113
"Albert Einstein High",2023,"Montgomery",1012,2012,50.2982107355865,13.4529147982063
"Laurel High",2026,"Prince Georges",1008,2105,47.8859857482185,0.598802395209574
"Laurel High",2025,"Prince Georges",1002,2129,47.0643494598403,5.91966173361522
"Mary Harris",2020,"Prince Georges",1000,1091,91.6590284142988,NA
"Sonia Sotomayor Middle At Adelphi",2026,"Prince Georges",994,1097,90.6107566089335,0.100704934541795
"Sonia Sotomayor Middle At Adelphi",2025,"Prince Georges",993,1077,92.2005571030641,2.05549845837616
"Watkins Mill High",2024,"Montgomery",991,1661,59.6628537025888,-5.07662835249042
"Dundalk High",2025,"Baltimore County",987,2087,47.292764734068,3.78548895899053
"Northwood High",2025,"Montgomery",985,1654,59.552599758162,-4.73887814313346
"Annapolis High",2024,"Anne Arundel",974,2089,46.6251795117281,4.39442658092175
"William Wirt Middle",2022,"Prince Georges",974,1271,76.6325727773407,1.24740124740124
"Sonia Sotomayor Middle At Adelphi",2024,"Prince Georges",973,1041,93.4678194044188,NA
"Albert Einstein High",2025,"Montgomery",968,1991,48.6187845303867,-5.19098922624878
"Annapolis High",2026,"Anne Arundel",965,1996,48.3466933867735,-6.4922480620155
"Northwood High School",2020,"Montgomery",965,1805,53.4626038781163,NA
"William Wirt Middle",2021,"Prince Georges",962,1280,75.15625,2.34042553191489
"Hyattsville Middle",2026,"Prince Georges",957,1406,68.0654338549075,10
"Watkins Mill High",2025,"Montgomery",956,1577,60.6214331008243,-3.53178607467205
"John Ruhrah Elementary/Middle",2025,"Baltimore City",952,1061,89.7266729500471,5.66037735849056
"Dundalk High",2024,"Baltimore County",951,2159,44.0481704492821,3.70774263904035
"Northwood High School",2022,"Montgomery",948,1784,53.1390134529148,5.45050055617353
"Laurel High",2024,"Prince Georges",946,2179,43.4144102799449,7.74487471526195
"William Wirt Middle",2020,"Prince Georges",940,1224,76.797385620915,NA
"Watkins Mill High",2022,"Montgomery",934,1594,58.594730238394,6.62100456621004
"Annapolis High",2023,"Anne Arundel",933,2127,43.8645980253879,5.66251415628538
"Mary Harris Mother Jones Elementary",2023,"Prince Georges",929,984,94.4105691056911,NA
"Mary Harris",2021,"Prince Georges",927,991,93.5418768920283,-7.3
"William Wirt Middle",2023,"Prince Georges",927,1246,74.3980738362761,-4.82546201232033
"Charles Carroll Middle",2021,"Prince Georges",922,1330,69.3233082706767,2.10409745293467
"Dundalk High",2023,"Baltimore County",917,2193,41.8148654810762,16.5184243964422
"Albert Einstein High",2021,"Montgomery",916,1921,47.6834981780323,3.8548752834467
"Nicholas Orem Middle",2020,"Prince Georges",912,1129,80.7794508414526,NA
"Duval High",2022,"Prince Georges",911,2254,40.4170363797693,4.47247706422018
"Watkins Mill High",2026,"Montgomery",908,1551,58.5428755641522,-5.02092050209205
"Nicholas Orem Middle",2021,"Prince Georges",905,1139,79.4556628621598,-0.767543859649122
"Nicholas Orem Middle",2023,"Prince Georges",905,1138,79.5254833040422,4.14269275028769
"Charles Carroll Middle",2020,"Prince Georges",903,1329,67.9458239277652,NA
"John Ruhrah Elementary/Middle",2024,"Baltimore City",901,1014,88.8560157790927,10.4166666666667
"Buck Lodge Middle",2025,"Prince Georges",900,1200,75,1.58013544018059
"Northwood High School",2021,"Montgomery",899,1708,52.6346604215457,-6.83937823834196
"John Ruhrah Elementary/Middle",2026,"Baltimore City",898,1005,89.3532338308458,-5.67226890756303
"Mary Harris",2022,"Prince Georges",894,959,93.2221063607925,-3.55987055016181
"Albert Einstein High",2022,"Montgomery",892,1885,47.3209549071618,-2.62008733624454
"Beltsville Academy",2025,"Prince Georges",888,1113,79.7843665768194,3.01624129930393
"Buck Lodge Middle",2024,"Prince Georges",886,1154,76.7764298093587,-21.8694885361552
"Nicholas Orem Middle",2024,"Prince Georges",886,1055,83.9810426540284,-2.09944751381216
"Dundalk High",2026,"Baltimore County",884,1866,47.374062165059,-10.435663627153
"Seneca Valley High",2026,"Montgomery",884,2373,37.2524230931311,2.55220417633411
"Annapolis High",2022,"Anne Arundel",883,2159,40.8985641500695,5.74850299401197
"Albert Einstein High",2020,"Montgomery",882,1818,48.5148514851485,NA
"Albert Einstein High",2026,"Montgomery",881,1917,45.9572248304643,-8.98760330578512
"Laurel High",2023,"Prince Georges",878,2134,41.1433926897844,15.0720838794233
"Northwood High",2026,"Montgomery",876,1538,56.9570871261378,-11.0659898477157
"Watkins Mill High",2021,"Montgomery",876,1597,54.8528490920476,0.689655172413794
"Nicholas Orem Middle",2025,"Prince Georges",874,1007,86.7924528301887,-1.35440180586908
"Duval High",2021,"Prince Georges",872,2206,39.5285584768812,5.18697225572979
"Hyattsville Middle",2025,"Prince Georges",870,1305,66.6666666666667,7.94044665012408
"Watkins Mill High",2020,"Montgomery",870,1590,54.7169811320755,NA
"Nicholas Orem Middle",2022,"Prince Georges",869,1118,77.7280858676207,-3.97790055248619
"Cool Spring Elementary",2020,"Prince Georges",867,915,94.7540983606557,NA
"Beltsville Academy",2024,"Prince Georges",862,1109,77.7276825969342,1.89125295508275
"Seneca Valley High",2025,"Montgomery",862,2409,35.7824823578248,4.23216444981862
"Springbrook High",2024,"Montgomery",859,1874,45.837780149413,3.743961352657
"Beltsville Academy",2026,"Prince Georges",857,1067,80.3186504217432,-3.49099099099099
"Charles Carroll Middle",2022,"Prince Georges",850,1230,69.1056910569106,-7.80911062906724
"Charles Carroll Middle",2023,"Prince Georges",847,1228,68.9739413680782,-0.352941176470589
"Beltsville Academy",2023,"Prince Georges",846,1102,76.7695099818512,2.42130750605327
"Springbrook High",2025,"Montgomery",845,1838,45.9738846572361,-1.62980209545984
"Buck Lodge Middle",2026,"Prince Georges",844,1153,73.2003469210755,-6.22222222222222
"Langley Park/Mccormick Elementary",2020,"Prince Georges",837,890,94.0449438202247,NA
"Annapolis High",2021,"Anne Arundel",835,2134,39.1283973758201,5.69620253164558
"William Wirt Middle",2025,"Prince Georges",831,1124,73.932384341637,12.4492557510149
"Charles Carroll Middle",2024,"Prince Georges",829,1200,69.0833333333333,-2.12514757969303
"Duval High",2020,"Prince Georges",829,2123,39.0485162505888,NA
"Springbrook High",2023,"Montgomery",828,1838,45.0489662676823,15.3203342618384
"Seneca Valley High",2024,"Montgomery",827,2386,34.6605196982397,7.96344647519582
"Beltsville Academy",2022,"Prince Georges",826,1132,72.9681978798586,0.731707317073171
"Beltsville Academy",2020,"Prince Georges",823,1162,70.8261617900172,NA
"Beltsville Academy",2021,"Prince Georges",820,1143,71.7410323709536,-0.364520048602668
"Nicholas Orem Middle",2026,"Prince Georges",817,938,87.1002132196162,-6.52173913043478
"John Ruhrah Elementary/Middle",2023,"Baltimore City",816,930,87.741935483871,3.16055625790139
"Lakeland Elementary/Middle",2025,"Baltimore City",814,1070,76.0747663551402,4.0920716112532
"Lakeland Elementary/Middle",2026,"Baltimore City",814,1043,78.0441035474593,0
"Frederick High",2024,"Frederick",809,1850,43.7297297297297,6.58761528326746
"Hyattsville Middle",2024,"Prince Georges",806,1194,67.5041876046901,65.8436213991769
"William Wirt Middle",2026,"Prince Georges",802,1102,72.7767695099818,-3.48977135980746
"Ellen Ochoa Middle",2026,"Prince Georges",794,1122,70.7664884135472,3.25097529258778
"Highlandtown Elementary/Middle #237",2025,"Baltimore City",794,899,88.3203559510567,5.02645502645502
"Frederick High",2025,"Frederick",791,1821,43.437671609006,-2.22496909765142
"John Ruhrah Elementary/Middle",2022,"Baltimore City",791,912,86.7324561403509,8.35616438356164
"Annapolis High",2020,"Anne Arundel",790,2103,37.5653827864955,NA
"Dundalk High",2022,"Baltimore County",787,2005,39.2518703241895,19.0620272314675
"Cool Spring Elementary",2021,"Prince Georges",784,834,94.0047961630695,-9.57324106113033
"Lakeland Elementary/Middle",2024,"Baltimore City",782,1052,74.3346007604563,6.83060109289617
"Quince Orchard High",2024,"Montgomery",776,2150,36.093023255814,7.62829403606102
"Gov. Thomas Johnson High",2025,"Frederick",772,2066,37.3668925459826,0.651890482398954
"Gov. Thomas Johnson High",2026,"Frederick",772,2045,37.7506112469438,0
"Ellen Ochoa Middle",2025,"Prince Georges",769,1086,70.8103130755064,NA
"Quince Orchard High",2025,"Montgomery",769,2100,36.6190476190476,-0.9020618556701
"Cool Spring Elementary",2022,"Prince Georges",768,805,95.4037267080745,-2.04081632653061
"Highlandtown Elementary/Middle #237",2026,"Baltimore City",768,895,85.8100558659218,-3.27455919395466
"Gov. Thomas Johnson High",2024,"Frederick",767,2031,37.7646479566716,5.93922651933703
"Springbrook High",2026,"Montgomery",767,1794,42.7536231884058,-9.23076923076923
"Seneca Valley High",2023,"Montgomery",766,2239,34.2117016525234,11.1756168359942
"Cool Spring Elementary",2023,"Prince Georges",765,797,95.9849435382685,-0.390625
"Laurel High",2022,"Prince Georges",763,2016,37.8472222222222,4.80769230769231
"Frederick High",2023,"Frederick",759,1829,41.4980863860033,16.0550458715596
"Highlandtown Elementary/Middle #237",2024,"Baltimore City",756,851,88.8366627497062,21.7391304347826
"Cherokee Lane Elementary",2026,"Prince Georges",751,909,82.6182618261826,6.37393767705383
"Port Towns Elementary",2020,"Prince Georges",751,1132,66.3427561837456,NA
"Meade High",2024,"Anne Arundel",748,2349,31.843337590464,6.70470756062767
"John Ruhrah Elementary/Middle",2020,"Baltimore City",741,851,87.0740305522914,NA
"Joann Leleck At Broad Acres Elementary",2020,"Montgomery",739,874,84.5537757437071,NA
"William Wirt Middle",2024,"Prince Georges",739,1000,73.9,-20.2804746494067
"Langley Park/Mccormick Elementary",2021,"Prince Georges",737,783,94.125159642401,-11.94743130227
"Col. Zadok Magruder High",2025,"Montgomery",735,1671,43.9856373429084,2.6536312849162
"Highlandtown Elementary/Middle #237",2020,"Baltimore City",732,882,82.9931972789116,NA
"Lakeland Elementary/Middle",2023,"Baltimore City",732,997,73.420260782347,1.24481327800829
"John Ruhrah Elementary/Middle",2021,"Baltimore City",730,854,85.480093676815,-1.48448043184886
"Laurel High",2020,"Prince Georges",728,1943,37.4678332475553,NA
"Laurel High",2021,"Prince Georges",728,1986,36.6565961732125,0
"Langley Park/Mccormick Elementary",2022,"Prince Georges",726,771,94.1634241245136,-1.49253731343284
"Frederick High",2026,"Frederick",724,1720,42.093023255814,-8.47029077117573
"Gov. Thomas Johnson High",2023,"Frederick",724,1962,36.901121304791,11.9010819165379
"Patterson High",2026,"Baltimore City",724,1328,54.5180722891566,8.54572713643178
"Rockville High",2025,"Montgomery",724,1550,46.7096774193548,2.98719772403984
"Lakeland Elementary/Middle",2022,"Baltimore City",723,1006,71.8687872763419,12.6168224299065
"Quince Orchard High",2023,"Montgomery",721,2154,33.47260909935,13.3647798742138
"Highlandtown Elementary/Middle #237",2021,"Baltimore City",720,860,83.7209302325581,-1.63934426229508
"Springbrook High",2022,"Montgomery",718,1681,42.7126710291493,7.96992481203007
"Col. Zadok Magruder High",2024,"Montgomery",716,1622,44.1430332922318,0.703234880450077
"Glen Burnie High",2024,"Anne Arundel",716,2391,29.9456294437474,7.83132530120483
"Langley Park/Mccormick Elementary",2023,"Prince Georges",713,756,94.3121693121693,-1.79063360881543
"Col. Zadok Magruder High",2023,"Montgomery",711,1686,42.1708185053381,4.71281296023565
"Mary Harris ""Mother"" Jones Elem",2024,"Prince Georges",711,782,90.920716112532,NA
"Springbrook High",2020,"Montgomery",708,1746,40.5498281786942,NA
"North County High",2024,"Anne Arundel",707,2507,28.2010370961308,12.4006359300477
"Cherokee Lane Elementary",2025,"Prince Georges",706,863,81.8076477404403,3.51906158357771
"Glen Burnie High",2026,"Anne Arundel",705,2113,33.3648840511122,1.14777618364419
"Rockville High",2024,"Montgomery",703,1538,45.7087126137841,4.92537313432835
"Meade High",2023,"Anne Arundel",701,2330,30.0858369098712,15.6765676567657
"Quince Orchard High",2026,"Montgomery",701,1985,35.3148614609572,-8.84265279583876
"Joann Leleck At Broad Acres Elementary",2022,"Montgomery",700,799,87.6095118898623,0.430416068866579
"Glen Burnie High",2025,"Anne Arundel",697,2226,31.3117699910153,-2.6536312849162
"Joann Leleck At Broad Acres Elementary",2021,"Montgomery",697,821,84.8964677222899,-5.68335588633289
"James Hubert Blake High",2026,"Montgomery",693,1924,36.018711018711,0.28943560057888
"Rogers Heights Elementary",2020,"Prince Georges",692,820,84.390243902439,NA
"James Hubert Blake High",2025,"Montgomery",691,1960,35.2551020408163,10.031847133758
"Col. Zadok Magruder High",2026,"Montgomery",690,1602,43.0711610486891,-6.12244897959183
"Seneca Valley High",2022,"Montgomery",689,2040,33.7745098039216,21.0896309314587
"Colin L Powell Academy",2026,"Prince Georges",687,1720,39.9418604651163,11.8892508143323
"Gaithersburg Elementary",2020,"Montgomery",684,865,79.0751445086705,NA
"Cherokee Lane Elementary",2024,"Prince Georges",682,816,83.578431372549,35.3174603174603
"Parkland Middle",2025,"Montgomery",682,1185,57.5527426160338,10.5348460291734
"Col. Zadok Magruder High",2022,"Montgomery",679,1616,42.0173267326733,4.3010752688172
"Langley Park-Mccormick Elementary",2025,"Prince Georges",679,697,97.4175035868006,0.147492625368728
"Langley Park-Mccormick Elementary",2024,"Prince Georges",678,696,97.4137931034483,NA
"Highlandtown Elementary/Middle #237",2022,"Baltimore City",675,766,88.1201044386423,-6.25
"Graceland Park/Odonnell Heights Elementary/Middle",2025,"Baltimore City",674,831,81.1070998796631,4.98442367601246
"Patterson High",2023,"Baltimore City",672,1335,50.3370786516854,13.3220910623946
"Col. Zadok Magruder High",2020,"Montgomery",671,1697,39.5403653506187,NA
"Parkland Middle",2026,"Montgomery",671,1186,56.5767284991568,-1.61290322580645
"Eleanor Roosevelt High",2025,"Prince Georges",670,2544,26.3364779874214,3.39506172839505
"Mary Harris ""Mother"" Jones Elem",2025,"Prince Georges",670,734,91.2806539509537,-5.76652601969058
"Rockville High",2023,"Montgomery",670,1516,44.1952506596306,10.1973684210526
"Joann Leleck At Broad Acres Elementary",2025,"Montgomery",668,756,88.3597883597884,0.149925037481258
"Joann Leleck At Broad Acres Elementary",2023,"Montgomery",667,761,87.6478318002628,-4.71428571428572
"Joann Leleck At Broad Acres Elementary",2024,"Montgomery",667,755,88.3443708609272,0
"Patterson High",2025,"Baltimore City",667,1330,50.1503759398496,3.41085271317829
"A. Mario Loiederman Middle",2023,"Montgomery",665,1001,66.4335664335664,14.065180102916
"Springbrook High",2021,"Montgomery",665,1694,39.2561983471074,-6.07344632768362
"Glen Burnie High",2023,"Anne Arundel",664,2324,28.5714285714286,25.5198487712665
"Rockville High",2026,"Montgomery",663,1536,43.1640625,-8.42541436464088
"Dundalk High",2021,"Baltimore County",661,1842,35.8849077090119,11.4671163575042
"Graceland Park/Odonnell Heights Elementary/Middle",2026,"Baltimore City",657,791,83.0594184576485,-2.52225519287834
"Meade High",2026,"Anne Arundel",657,2020,32.5247524752475,1.07692307692309
"Eleanor Roosevelt High",2026,"Prince Georges",656,2507,26.1667331471879,-2.08955223880597
"Gaithersburg Elementary",2021,"Montgomery",656,825,79.5151515151515,-4.09356725146199
"Frederick High",2022,"Frederick",654,1659,39.4213381555154,11.4139693356048
"Clarksburg High",2020,"Montgomery",653,2472,26.415857605178,NA
"Port Towns Elementary",2021,"Prince Georges",652,982,66.3951120162933,-13.1824234354194
"Col. Zadok Magruder High",2021,"Montgomery",651,1606,40.5354919053549,-2.9806259314456
"Meade High",2025,"Anne Arundel",650,2045,31.7848410757946,-13.1016042780749
"Richard Montgomery High",2023,"Montgomery",649,2390,27.1548117154812,16.1001788908766
"Eleanor Roosevelt High",2024,"Prince Georges",648,2557,25.3421978881502,3.5143769968051
"Gov. Thomas Johnson High",2022,"Frederick",647,1841,35.1439435089625,10.4095563139932
"Patterson High",2024,"Baltimore City",645,1266,50.9478672985782,-4.01785714285714
"Port Towns Elementary",2023,"Prince Georges",645,955,67.5392670157068,2.54372019077902
"A. Mario Loiederman Middle",2026,"Montgomery",642,985,65.1776649746193,3.38164251207729
"Graceland Park/Odonnell Heights Elementary/Middle",2024,"Baltimore City",642,801,80.1498127340824,18.0147058823529
"Lakeland Elementary/Middle",2021,"Baltimore City",642,984,65.2439024390244,3.38164251207729
"Richard Montgomery High",2024,"Montgomery",640,2386,26.8231349538977,-1.38674884437596
"A. Mario Loiederman Middle",2024,"Montgomery",639,981,65.1376146788991,-3.90977443609023
"North County High",2025,"Anne Arundel",639,2161,29.5696436834799,-9.61810466760962
"Port Towns Elementary",2024,"Prince Georges",636,913,69.6604600219058,-1.3953488372093
"Quince Orchard High",2022,"Montgomery",636,2069,30.7394876752054,3.24675324675325
"Thomas Johnson Middle",2024,"Prince Georges",636,1239,51.3317191283293,0.157480314960634
"Thomas Johnson Middle",2023,"Prince Georges",635,1274,49.8430141287284,0.633914421553095
"Mary Harris ""Mother"" Jones Elem",2026,"Prince Georges",633,705,89.7872340425532,-5.52238805970149
"North County High",2026,"Anne Arundel",632,2025,31.2098765432099,-1.09546165884195
"South Lake Elementary",2020,"Montgomery",632,893,70.7726763717805,NA
"Thomas Johnson Middle",2022,"Prince Georges",631,1344,46.9494047619048,9.16955017301038
"Richard Montgomery High",2025,"Montgomery",630,2366,26.6272189349112,-1.5625
"North County High",2023,"Anne Arundel",629,2451,25.6629946960424,17.1322160148976
"Port Towns Elementary",2022,"Prince Georges",629,930,67.6344086021505,-3.52760736196319
"Rogers Heights Elementary",2021,"Prince Georges",629,740,85,-9.10404624277457
"James Hubert Blake High",2024,"Montgomery",628,1809,34.7153123272526,5.36912751677852
"Riverdale Elementary",2020,"Prince Georges",628,720,87.2222222222222,NA
"A. Mario Loiederman Middle",2020,"Montgomery",626,999,62.6626626626627,NA
"Eleanor Roosevelt High",2023,"Prince Georges",626,2526,24.7822644497229,19.4656488549618
"Lewisdale Elementary",2020,"Prince Georges",624,699,89.2703862660944,NA
"Northwest High",2024,"Montgomery",624,2386,26.1525565800503,4.69798657718121
"A. Mario Loiederman Middle",2021,"Montgomery",622,996,62.4497991967871,-0.638977635782745
"A. Mario Loiederman Middle",2025,"Montgomery",621,978,63.4969325153374,-2.8169014084507
"Highlandtown Elementary/Middle #237",2023,"Baltimore City",621,726,85.5371900826446,-8
"Lakeland Elementary/Middle",2020,"Baltimore City",621,998,62.2244488977956,NA
"Langley Park-Mccormick Elementary",2026,"Prince Georges",621,639,97.1830985915493,-8.5419734904271
"Richard Montgomery High",2026,"Montgomery",621,2384,26.0486577181208,-1.42857142857142
"Weller Road Elementary",2020,"Montgomery",619,747,82.8647925033467,NA
"Parkland Middle",2024,"Montgomery",617,1092,56.5018315018315,6.56303972366148
"Quince Orchard High",2021,"Montgomery",616,2091,29.4595887135342,1.4827018121911
"Adelphi Elementary",2020,"Prince Georges",615,775,79.3548387096774,NA
"Clarksburg High",2025,"Montgomery",615,2241,27.4431057563588,2.49999999999999
"Colin L Powell Academy",2025,"Prince Georges",614,1661,36.9656833232992,93.0817610062893
"Parkland Middle",2022,"Montgomery",611,1157,52.8089887640449,0.991735537190075
"Rockville High",2022,"Montgomery",608,1407,43.2125088841507,1.67224080267558
"Clarksburg High",2023,"Montgomery",607,2251,26.9657929808974,4.6551724137931
"Quince Orchard High",2020,"Montgomery",607,2148,28.2588454376164,NA
"Meade High",2022,"Anne Arundel",606,2143,28.2781147923472,10.3825136612022
"Weller Road Elementary",2023,"Montgomery",606,742,81.6711590296496,5.75916230366491
"Northwest High",2020,"Montgomery",605,2623,23.0651925276401,NA
"Parkland Middle",2021,"Montgomery",605,1158,52.2452504317789,1.0016694490818
"Gaithersburg Elementary",2022,"Montgomery",604,774,78.0361757105943,-7.92682926829268
"Clarksburg High",2026,"Montgomery",602,2218,27.141568981064,-2.11382113821138
"Edward M. Felegy Es",2020,"Prince Georges",602,807,74.5972738537794,NA
"Northwest High",2025,"Montgomery",602,2300,26.1739130434783,-3.52564102564102
"Waverley Elementary",2026,"Frederick",602,986,61.0547667342799,3.4364261168385
"Clarksburg High",2024,"Montgomery",600,2214,27.10027100271,-1.15321252059308
"Argyle Middle",2021,"Montgomery",599,1043,57.4304889741131,2.9209621993127
"Parkland Middle",2020,"Montgomery",599,1141,52.4978089395267,NA
"Oxon Hill High",2025,"Prince Georges",598,1562,38.2842509603073,0.67340067340067
"Rockville High",2021,"Montgomery",598,1436,41.6434540389972,0.843170320404729
"Harmony Hills Elementary",2024,"Montgomery",597,693,86.1471861471861,0.674536256323788
"Oxon Hill High",2026,"Prince Georges",597,1554,38.4169884169884,-0.167224080267558
"James Hubert Blake High",2023,"Montgomery",596,1784,33.4080717488789,6.61896243291593
"Northwest High",2023,"Montgomery",596,2484,23.9935587761675,2.22984562607205
"Joann Leleck At Broad Acres Elementary",2026,"Montgomery",595,679,87.6288659793814,-10.9281437125748
"Oxon Hill High",2024,"Prince Georges",594,1581,37.5711574952562,5.69395017793595
"South Lake Elementary",2022,"Montgomery",594,823,72.1749696233293,5.3191489361702
"Dundalk High",2020,"Baltimore County",593,1782,33.2772166105499,NA
"Harmony Hills Elementary",2023,"Montgomery",593,699,84.8354792560801,5.89285714285714
"Patterson High",2022,"Baltimore City",593,1294,45.8268933539413,10.8411214953271
"Rockville High",2020,"Montgomery",593,1440,41.1805555555556,NA
"Thomas Johnson Middle",2025,"Prince Georges",593,1180,50.2542372881356,-6.76100628930818
"Weller Road Elementary",2024,"Montgomery",593,700,84.7142857142857,-2.14521452145214
"Parkville High",2023,"Baltimore County",592,2200,26.9090909090909,6.66666666666667
"South Lake Elementary",2023,"Montgomery",592,797,74.2785445420326,-0.336700336700335
"Richard Montgomery High",2020,"Montgomery",591,2505,23.5928143712575,NA
"Northwest High",2021,"Montgomery",588,2598,22.6327944572748,-2.8099173553719
"Northwest High",2026,"Montgomery",588,2208,26.6304347826087,-2.32558139534884
"Sargent Shriver Elementary",2022,"Montgomery",588,740,79.4594594594595,2.08333333333333
"Frederick High",2021,"Frederick",587,1542,38.0674448767834,4.63458110516934
"Sargent Shriver Elementary",2020,"Montgomery",587,744,78.8978494623656,NA
"Charles Carroll Middle",2025,"Prince Georges",586,884,66.289592760181,-29.3124246079614
"Gov. Thomas Johnson High",2021,"Frederick",586,1744,33.6009174311927,8.11808118081181
"Rogers Heights Elementary",2023,"Prince Georges",586,686,85.4227405247813,1.91304347826087
"Clarksburg High",2021,"Montgomery",585,2365,24.7357293868922,-10.4134762633997
"A. Mario Loiederman Middle",2022,"Montgomery",583,935,62.3529411764706,-6.27009646302251
"Northwest High",2022,"Montgomery",583,2519,23.1441048034935,-0.850340136054417
"Argyle Middle",2020,"Montgomery",582,1024,56.8359375,NA
"Rosa L. Parks Elementary",2020,"Prince Georges",582,674,86.3501483679525,NA
"Waverley Elementary",2025,"Frederick",582,965,60.3108808290155,2.64550264550265
"Rolling Terrace Elementary",2020,"Montgomery",581,775,74.9677419354839,NA
"Clarksburg High",2022,"Montgomery",580,2316,25.0431778929188,-0.854700854700852
"Weller Road Elementary",2025,"Montgomery",580,691,83.9363241678726,-2.19224283305227
"Parkland Middle",2023,"Montgomery",579,1050,55.1428571428571,-5.23731587561375
"Riverdale Elementary",2021,"Prince Georges",579,654,88.5321100917431,-7.80254777070064
"Thomas Johnson Middle",2021,"Prince Georges",578,1282,45.0858034321373,4.52079566003616
"Walter Johnson High",2025,"Montgomery",578,3016,19.1644562334217,3.9568345323741
"Richard Montgomery High",2021,"Montgomery",577,2410,23.9419087136929,-2.36886632825719
"Sargent Shriver Elementary",2023,"Montgomery",577,734,78.6103542234332,-1.87074829931972
"Sargent Shriver Elementary",2021,"Montgomery",576,736,78.2608695652174,-1.87393526405452
"Sargent Shriver Elementary",2025,"Montgomery",576,697,82.6398852223816,0.173913043478269
"Charles Carroll Middle",2026,"Prince Georges",575,841,68.3709869203329,-1.87713310580204
"Rogers Heights Elementary",2022,"Prince Georges",575,672,85.5654761904762,-8.58505564387917
"Rosa L. Parks Elementary",2023,"Prince Georges",575,663,86.7269984917044,6.67903525046383
"Sargent Shriver Elementary",2024,"Montgomery",575,714,80.5322128851541,-0.346620450606583
"South Lake Elementary",2024,"Montgomery",575,780,73.7179487179487,-2.87162162162162
"Armistead Gardens Elementary/Middle",2025,"Baltimore City",573,773,74.1267787839586,4.75319926873858
"Harmony Hills Elementary",2020,"Montgomery",573,745,76.9127516778524,NA
"Weller Road Elementary",2022,"Montgomery",573,688,83.2848837209302,1.05820105820107
"Eleanor Roosevelt High",2021,"Prince Georges",569,2546,22.3487824037706,4.0219378427788
"Seneca Valley High",2021,"Montgomery",569,1652,34.4430992736077,31.4087759815243
"Walter Johnson High",2026,"Montgomery",569,3011,18.8973762869479,-1.55709342560554
"Thomas Johnson Middle",2026,"Prince Georges",568,1142,49.7373029772329,-4.21585160202361
"Holabird Middle",2026,"Baltimore County",567,1027,55.2093476144109,8.41300191204588
"Hyattsville Middle",2020,"Prince Georges",567,909,62.3762376237624,NA
"Waverley Elementary",2024,"Frederick",567,926,61.231101511879,9.03846153846153
"Weller Road Elementary",2021,"Montgomery",567,677,83.7518463810931,-8.40064620355412
"Hillcrest Elementary",2022,"Frederick",565,763,74.0498034076016,564.705882352941
"Paint Branch High",2026,"Montgomery",564,2025,27.8518518518519,3.4862385321101
"South Lake Elementary",2021,"Montgomery",564,790,71.3924050632911,-10.7594936708861
"Lewisdale Elementary",2023,"Prince Georges",563,617,91.2479740680713,5.43071161048689
"Greenbelt Middle",2021,"Prince Georges",562,1471,38.2053025152957,4.07407407407407
"Oxon Hill High",2023,"Prince Georges",562,1553,36.1880231809401,11.9521912350598
"Frederick High",2020,"Frederick",561,1508,37.2015915119363,NA
"Hillcrest Elementary",2020,"Frederick",561,749,74.8998664886515,592.592592592593
"Harmony Hills Elementary",2022,"Montgomery",560,683,81.99121522694,3.7037037037037
"James Hubert Blake High",2022,"Montgomery",559,1751,31.9246145059966,3.51851851851852
"Richard Montgomery High",2022,"Montgomery",559,2334,23.9502999143102,-3.11958405545927
"Rogers Heights Elementary",2024,"Prince Georges",558,633,88.1516587677725,-4.77815699658704
"Bladensburg Elementary",2020,"Prince Georges",557,795,70.062893081761,NA
"Harmony Hills Elementary",2025,"Montgomery",557,655,85.0381679389313,-6.7001675041876
"Hyattsville Middle",2021,"Prince Georges",557,859,64.8428405122235,-1.7636684303351
"Rolling Terrace Elementary",2023,"Montgomery",557,709,78.5613540197461,3.9179104477612
"South Lake Elementary",2025,"Montgomery",557,746,74.6648793565684,-3.13043478260869
"Paint Branch High",2024,"Montgomery",556,2115,26.2884160756501,2.96296296296297
"Walter Johnson High",2024,"Montgomery",556,2984,18.6327077747989,3.15398886827458
"Parkville High",2022,"Baltimore County",555,2152,25.7899628252788,14.4329896907216
"Adelphi Elementary",2021,"Prince Georges",554,702,78.9173789173789,-9.91869918699187
"Forest Oak Middle",2023,"Montgomery",553,922,59.9783080260304,3.36448598130841
"Thomas Johnson Middle",2020,"Prince Georges",553,1269,43.5776201733649,NA
"Bladensburg Elementary",2026,"Prince Georges",552,712,77.5280898876404,2.22222222222221
"Riverdale Elementary",2022,"Prince Georges",551,635,86.7716535433071,-4.83592400690847
"Armistead Gardens Elementary/Middle",2026,"Baltimore City",550,726,75.7575757575758,-4.01396160558464
"Hillcrest Elementary",2021,"Frederick",550,714,77.03081232493,587.5
"Watkins Mill Elementary",2025,"Montgomery",550,734,74.9318801089918,9.34393638170974
"Annapolis Middle",2021,"Anne Arundel",549,1061,51.7436380772856,10.2409638554217
"Meade High",2021,"Anne Arundel",549,2087,26.3057019645424,8.07086614173229
"Armistead Gardens Elementary/Middle",2024,"Baltimore City",547,767,71.3168187744459,1.86219739292366
"Eleanor Roosevelt High",2020,"Prince Georges",547,2629,20.8063902624572,NA
"Forest Oak Middle",2020,"Montgomery",547,950,57.5789473684211,NA
"Lewisdale Elementary",2021,"Prince Georges",547,614,89.0879478827361,-12.3397435897436
"Weller Road Elementary",2026,"Montgomery",546,667,81.8590704647676,-5.86206896551724
"Dwight D. Eisenhower Middle",2023,"Prince Georges",545,1084,50.2767527675277,5.6201550387597
"Paint Branch High",2025,"Montgomery",545,2038,26.7419038272817,-1.97841726618705
"Port Towns Elementary",2026,"Prince Georges",545,723,75.3803596127248,3.41555977229602
"Graceland Park/Odonnell Heights Elementary/Middle",2023,"Baltimore City",544,699,77.8254649499285,5.63106796116506
"Potomac High",2026,"Prince Georges",544,1388,39.193083573487,7.08661417322836
"Adelphi Elementary",2023,"Prince Georges",543,683,79.502196193265,4.22264875239924
"Gov. Thomas Johnson High",2020,"Frederick",542,1730,31.3294797687861,NA
"Bladensburg Elementary",2025,"Prince Georges",540,713,75.7363253856942,2.46679316888045
"Greenbelt Middle",2020,"Prince Georges",540,1468,36.7847411444142,NA
"Harmony Hills Elementary",2021,"Montgomery",540,690,78.2608695652174,-5.75916230366492
"James Hubert Blake High",2021,"Montgomery",540,1815,29.7520661157025,4.24710424710424
"Paint Branch High",2023,"Montgomery",540,2135,25.2927400468384,14.1649048625793
"Riverdale Elementary",2023,"Prince Georges",539,630,85.5555555555556,-2.17785843920145
"Rosa L. Parks Elementary",2022,"Prince Georges",539,620,86.9354838709677,2.86259541984732
"Sargent Shriver Elementary",2026,"Montgomery",539,693,77.7777777777778,-6.42361111111112
"Walter Johnson High",2023,"Montgomery",539,2942,18.3208701563562,5.68627450980392
"Armistead Gardens Elementary/Middle",2023,"Baltimore City",537,756,71.031746031746,2.48091603053435
"Greenbelt Middle",2023,"Prince Georges",537,1342,40.0149031296572,2.67686424474187
"North County High",2022,"Anne Arundel",537,2446,21.9542109566639,15.9827213822894
"Rolling Terrace Elementary",2021,"Montgomery",536,727,73.7276478679505,-7.74526678141136
"Rolling Terrace Elementary",2022,"Montgomery",536,718,74.6518105849582,0
"Dwight D. Eisenhower Middle",2026,"Prince Georges",535,1044,51.2452107279694,0.187265917602986
"Forest Oak Middle",2022,"Montgomery",535,917,58.3424209378408,0.187265917602986
"Patterson High",2021,"Baltimore City",535,1213,44.1055234954658,2.09923664122138
"Dwight D. Eisenhower Middle",2025,"Prince Georges",534,1047,51.0028653295129,0.375939849624052
"Edward M. Felegy Es",2021,"Prince Georges",534,738,72.3577235772358,-11.2956810631229
"Forest Oak Middle",2021,"Montgomery",534,920,58.0434782608696,-2.37659963436929
"Lewisdale Elementary",2022,"Prince Georges",534,597,89.4472361809045,-2.37659963436929
"Bowie High",2025,"Prince Georges",533,2580,20.6589147286822,1.13851992409868
"Calverton Elementary",2023,"Prince Georges",533,836,63.755980861244,7.24346076458753
"Watkins Mill Elementary",2022,"Montgomery",533,795,67.0440251572327,15.1187904967603
"Dwight D. Eisenhower Middle",2024,"Prince Georges",532,1033,51.5004840271055,-2.38532110091743
"Tuscarora High",2026,"Frederick",530,1748,30.3203661327231,3.11284046692606
"Calverton Elementary",2020,"Prince Georges",529,853,62.0164126611958,NA
"Glen Burnie High",2022,"Anne Arundel",529,2193,24.1222070223438,12.0762711864407
"Argyle Middle",2023,"Montgomery",527,995,52.964824120603,0.190114068441072
"Bladensburg Elementary",2024,"Prince Georges",527,712,74.0168539325843,4.35643564356436
"Bowie High",2024,"Prince Georges",527,2534,20.7971586424625,6.46464646464646
"Port Towns Elementary",2025,"Prince Georges",527,747,70.5488621151272,-17.1383647798742
"Templeton Elementary",2020,"Prince Georges",527,943,55.8854718981972,NA
"Argyle Middle",2022,"Montgomery",526,968,54.3388429752066,-12.1869782971619
"Rolling Terrace Elementary",2025,"Montgomery",526,645,81.5503875968992,0.959692898272557
"Rosa L. Parks Elementary",2025,"Prince Georges",526,607,86.6556836902801,4.7808764940239
"Ridgecrest Elementary",2025,"Prince Georges",525,631,83.2012678288431,5.42168674698795
"Rolling Terrace Elementary",2026,"Montgomery",525,636,82.5471698113208,-0.190114068441061
"Armistead Gardens Elementary/Middle",2022,"Baltimore City",524,743,70.5248990578735,1.15830115830116
"Eleanor Roosevelt High",2022,"Prince Georges",524,2420,21.6528925619835,-7.90861159929701
"Forest Oak Middle",2024,"Montgomery",524,847,61.8654073199528,-5.24412296564195
"Patterson High",2020,"Baltimore City",524,1174,44.633730834753,NA
"Rosa L. Parks Elementary",2021,"Prince Georges",524,597,87.7721943048576,-9.96563573883161
"Watkins Mill Elementary",2026,"Montgomery",524,729,71.8792866941015,-4.72727272727272
"Greenbelt Middle",2022,"Prince Georges",523,1387,37.7072819033886,-6.93950177935944
"Holabird Middle",2025,"Baltimore County",523,1027,50.9250243427459,22.7699530516432
"Summit Hall Elementary",2020,"Montgomery",523,702,74.5014245014245,NA
"Adelphi Elementary",2022,"Prince Georges",521,673,77.4145616641902,-5.95667870036101
"Rolling Terrace Elementary",2024,"Montgomery",521,656,79.4207317073171,-6.46319569120287
"Edward M. Felegy Es",2023,"Prince Georges",520,726,71.6253443526171,7.88381742738589
"Odessa Shannon Middle",2023,"Montgomery",520,823,63.18347509113,5.4766734279919
"Templeton Elementary",2021,"Prince Georges",520,917,56.7066521264995,-1.32827324478179
"Waverley Elementary",2023,"Frederick",520,844,61.6113744075829,40.1617250673854
"Calverton Elementary",2024,"Prince Georges",519,799,64.9561952440551,-2.62664165103189
"Arcola Elementary",2020,"Montgomery",518,748,69.2513368983957,NA
"Armistead Gardens Elementary/Middle",2021,"Baltimore City",518,780,66.4102564102564,0.974658869395717
"Harmony Hills Elementary",2026,"Montgomery",518,609,85.0574712643678,-7.00179533213644
"James Hubert Blake High",2020,"Montgomery",518,1795,28.857938718663,NA
"Gaithersburg Elementary",2023,"Montgomery",517,717,72.1059972105997,-14.4039735099338
"Carole Highlands Elementary",2025,"Prince Georges",516,544,94.8529411764706,4.24242424242425
"Dwight D. Eisenhower Middle",2022,"Prince Georges",516,1086,47.5138121546961,4.24242424242425
"Rosa L. Parks Elementary",2026,"Prince Georges",516,596,86.5771812080537,-1.90114068441065
"Graceland Park/Odonnell Heights Elementary/Middle",2022,"Baltimore City",515,672,76.6369047619048,12.2004357298475
"Bowie High",2026,"Prince Georges",514,2494,20.6094627105052,-3.56472795497186
"Montgomery Village Middle",2025,"Montgomery",514,780,65.8974358974359,3.21285140562249
"Riverdale Elementary",2024,"Prince Georges",514,601,85.5241264559068,-4.63821892393321
"Tuscarora High",2024,"Frederick",514,1719,29.9011052937754,11.7391304347826
"Tuscarora High",2025,"Frederick",514,1735,29.6253602305475,0
"Armistead Gardens Elementary/Middle",2020,"Baltimore City",513,809,63.4116192830655,NA
"Forest Oak Middle",2025,"Montgomery",513,828,61.9565217391304,-2.09923664122137
"Lewisdale Elementary",2024,"Prince Georges",513,565,90.7964601769911,-8.8809946714032
"Annapolis Middle",2022,"Anne Arundel",512,964,53.1120331950208,-6.73952641165756
"James Mchenry Elementary",2021,"Prince Georges",512,754,67.9045092838196,1.99203187250996
"Gaithersburg Middle",2024,"Montgomery",510,899,56.7296996662959,2.40963855421688
"Walter Johnson High",2022,"Montgomery",510,2870,17.7700348432056,6.91823899371069
"Bethesda-Chevy Chase High",2025,"Montgomery",509,2377,21.4135464871687,2.20883534136547
"Calverton Elementary",2025,"Prince Georges",509,767,66.3624511082138,-1.92678227360308
"Eastern Middle School",2020,"Montgomery",509,1010,50.3960396039604,NA
"Watkins Mill Elementary",2023,"Montgomery",509,735,69.2517006802721,-4.50281425891182
"Meade High",2020,"Anne Arundel",508,2029,25.0369640216856,NA
"Potomac High",2025,"Prince Georges",508,1347,37.713437268003,20.0945626477541
"Calverton Elementary",2021,"Prince Georges",507,811,62.5154130702836,-4.15879017013232
"Bladensburg Elementary",2023,"Prince Georges",505,710,71.1267605633803,2.02020202020201
"Cherokee Lane Elementary",2023,"Prince Georges",504,619,81.421647819063,17.7570093457944
"Digital Harbor High School",2024,"Baltimore City",504,1722,29.2682926829268,16.1290322580645
"Gaithersburg Middle",2025,"Montgomery",504,869,57.9976985040276,-1.17647058823529
"James Mchenry Elementary",2022,"Prince Georges",504,738,68.2926829268293,-1.5625
"Silver Spring International Middle",2023,"Montgomery",503,1158,43.4369602763385,3.71134020618558
"Watkins Mill Elementary",2024,"Montgomery",503,716,70.2513966480447,-1.17878192534381
"James Mchenry Elementary",2020,"Prince Georges",502,769,65.2795838751625,NA
"Oxon Hill High",2022,"Prince Georges",502,1498,33.5113484646195,11.3082039911308
"Rosa L. Parks Elementary",2024,"Prince Georges",502,586,85.6655290102389,-12.695652173913
"Summit Hall Elementary",2021,"Montgomery",502,683,73.4992679355783,-4.01529636711281
"Digital Harbor High School",2025,"Baltimore City",501,1359,36.8653421633554,-0.595238095238093
"Odessa Shannon Middle",2026,"Montgomery",501,766,65.4046997389034,0.804828973843064
"Ridgecrest Elementary",2020,"Prince Georges",501,690,72.6086956521739,NA
"Montgomery Village Middle",2026,"Montgomery",500,754,66.3129973474801,-2.72373540856031
"Silver Spring International Middle",2021,"Montgomery",500,1160,43.1034482758621,1.62601626016261
"Bladensburg Elementary",2021,"Prince Georges",499,714,69.8879551820728,-10.4129263913824
"Forest Oak Middle",2026,"Montgomery",499,761,65.5716162943495,-2.72904483430799
"Neelsville Middle",2020,"Montgomery",499,945,52.8042328042328,NA
"Oxon Hill Middle",2024,"Prince Georges",499,867,57.5547866205306,9.42982456140351
"Annapolis Middle",2020,"Anne Arundel",498,1044,47.7011494252874,NA
"Bethesda-Chevy Chase High",2024,"Montgomery",498,2369,21.021528070916,0.809716599190291
"Dr. Henry A. Wise, Jr. High",2025,"Prince Georges",498,2291,21.737232649498,7.09677419354839
"Gaithersburg Middle",2023,"Montgomery",498,875,56.9142857142857,2.68041237113401
"Montgomery Village Middle",2024,"Montgomery",498,807,61.7100371747212,9.69162995594715
"Oxon Hill Middle",2026,"Prince Georges",498,784,63.5204081632653,2.68041237113401
"Ridgecrest Elementary",2024,"Prince Georges",498,636,78.3018867924528,2.46913580246915
"Calverton Elementary",2022,"Prince Georges",497,806,61.6625310173697,-1.9723865877712
"Odessa Shannon Middle",2025,"Montgomery",497,784,63.3928571428571,0.404040404040407
"Bladensburg Elementary",2022,"Prince Georges",495,699,70.8154506437768,-0.801603206412826
"Bowie High",2023,"Prince Georges",495,2460,20.1219512195122,20.7317073170732
"Carole Highlands Elementary",2024,"Prince Georges",495,535,92.5233644859813,24.6851385390428
"Dwight D. Eisenhower Middle",2021,"Prince Georges",495,1112,44.5143884892086,13.2723112128146
"Odessa Shannon Middle",2024,"Montgomery",495,771,64.2023346303502,-4.80769230769231
"Arcola Elementary",2025,"Montgomery",494,747,66.1311914323962,2.06611570247934
"Bethesda-Chevy Chase High",2023,"Montgomery",494,2335,21.1563169164882,17.8997613365155
"South Lake Elementary",2026,"Montgomery",494,689,71.6981132075472,-11.310592459605
"Gaithersburg Middle",2026,"Montgomery",493,880,56.0227272727273,-2.18253968253969
"Odessa Shannon Middle",2022,"Montgomery",493,760,64.8684210526316,NA
"Riverdale Elementary",2025,"Prince Georges",493,586,84.1296928327645,-4.08560311284046
"Col. E. Brooke Lee Middle",2021,"Montgomery",492,795,61.8867924528302,1.86335403726707
"Oxon Hill Middle",2021,"Prince Georges",492,922,53.3622559652928,13.3640552995392
"Parkville High & Center For Math/Science",2020,"Baltimore County",492,2074,23.7222757955641,NA
"Silver Spring International Middle",2020,"Montgomery",492,1153,42.6712922810061,NA
"James Mchenry Elementary",2023,"Prince Georges",491,693,70.8513708513709,-2.57936507936508
"Greenbelt Middle",2025,"Prince Georges",490,1270,38.5826771653543,3.59408033826638
"Dr. Henry A. Wise, Jr. High",2026,"Prince Georges",488,2280,21.4035087719298,-2.00803212851406
"Old Mill High",2024,"Anne Arundel",488,2489,19.6062675773403,6.08695652173914
"Earle B. Wood Middle",2024,"Montgomery",487,1039,46.8719923002887,9.68468468468469
"Argyle Middle",2024,"Montgomery",486,919,52.8835690968444,-7.77988614800759
"Earle B. Wood Middle",2025,"Montgomery",486,1019,47.693817468106,-0.205338809034905
"Easton Elementary",2025,"Talbot",486,1075,45.2093023255814,0.829875518672196
"Greenbelt Middle",2026,"Prince Georges",486,1310,37.0992366412214,-0.816326530612244
"Hyattsville Middle",2023,"Prince Georges",486,705,68.936170212766,5.4229934924078
"Ridgecrest Elementary",2023,"Prince Georges",486,636,76.4150943396226,8.24053452115814
"Templeton Elementary",2022,"Prince Georges",486,829,58.6248492159228,-6.53846153846154
"Arcola Elementary",2021,"Montgomery",485,703,68.9900426742532,-6.37065637065637
"Gaithersburg Middle",2022,"Montgomery",485,874,55.4919908466819,4.75161987041037
"Oxon Hill Middle",2025,"Prince Georges",485,773,62.7425614489004,-2.80561122244489
"Parkville High",2021,"Baltimore County",485,2075,23.3734939759036,NA
"Silver Spring International Middle",2022,"Montgomery",485,1157,41.9187554019015,-3
"Arcola Elementary",2023,"Montgomery",484,709,68.2651622002821,10.7551487414188
"Arcola Elementary",2024,"Montgomery",484,724,66.8508287292818,0
"Lewisdale Elementary",2025,"Prince Georges",484,533,90.8067542213884,-5.65302144249513
"Ridgecrest Elementary",2026,"Prince Georges",484,586,82.5938566552901,-7.80952380952381
"Summit Hall Elementary",2022,"Montgomery",484,675,71.7037037037037,-3.58565737051793
"Col. E. Brooke Lee Middle",2020,"Montgomery",483,771,62.6459143968872,NA
"Annapolis Middle",2023,"Anne Arundel",482,879,54.835039817975,-5.859375
"Easton Elementary",2024,"Talbot",482,1070,45.0467289719626,1.90274841437632
"Edward M. Felegy Es",2022,"Prince Georges",482,687,70.1601164483261,-9.73782771535581
"Lewisdale Elementary",2026,"Prince Georges",482,526,91.6349809885932,-0.413223140495866
"Annapolis Middle",2026,"Anne Arundel",481,779,61.7458279845956,0.208333333333344
"Calverton Elementary",2026,"Prince Georges",481,753,63.8778220451527,-5.50098231827112
"Riverdale Elementary",2026,"Prince Georges",481,562,85.5871886120996,-2.43407707910751
"Annapolis Middle",2025,"Anne Arundel",480,790,60.7594936708861,3.67170626349893
"Gaithersburg Elementary",2024,"Montgomery",479,665,72.0300751879699,-7.35009671179884
"Eastern Middle School",2021,"Montgomery",478,966,49.4824016563147,-6.09037328094303
"Ridgecrest Elementary",2021,"Prince Georges",478,666,71.7717717717718,-4.59081836327345
"Springhill Lake Elementary",2020,"Prince Georges",478,891,53.6475869809203,NA
"Bethesda-Chevy Chase High",2026,"Montgomery",477,2288,20.8479020979021,-6.286836935167
"Walter Johnson High",2021,"Montgomery",477,2820,16.9148936170213,1.27388535031847
"Cool Spring Elementary",2024,"Prince Georges",476,500,95.2,-37.7777777777778
"Edward M. Felegy Es",2025,"Prince Georges",476,641,74.2589703588144,0.634249471458781
"Edward M. Felegy Es",2026,"Prince Georges",476,645,73.7984496124031,0
"Arcola Elementary",2026,"Montgomery",475,729,65.1577503429355,-3.84615384615384
"Earle B. Wood Middle",2026,"Montgomery",473,999,47.3473473473473,-2.67489711934157
"Easton Elementary",2022,"Talbot",473,1064,44.4548872180451,11.5566037735849
"Easton Elementary",2023,"Talbot",473,1078,43.8775510204082,0
"Edward M. Felegy Es",2024,"Prince Georges",473,656,72.1036585365854,-9.03846153846154
"Greenbelt Middle",2024,"Prince Georges",473,1242,38.0837359098229,-11.9180633147114
"Paint Branch High",2022,"Montgomery",473,2061,22.9500242600679,4.87804878048781
"Glen Burnie High",2021,"Anne Arundel",472,2132,22.1388367729831,12.3809523809524
"Old Mill High",2026,"Anne Arundel",472,1775,26.5915492957746,2.38611713665944
"Templeton Elementary",2023,"Prince Georges",472,799,59.0738423028786,-2.88065843621399
"Eastern Middle",2023,"Montgomery",471,893,52.7435610302352,NA
"Eastern Middle School",2022,"Montgomery",471,901,52.2752497225305,-1.46443514644351
"Julius West Middle",2025,"Montgomery",471,1365,34.5054945054945,10.8235294117647
"Walter Johnson High",2020,"Montgomery",471,2747,17.1459774299236,NA
"Hillcrest Elementary",2025,"Frederick",470,581,80.895008605852,360.78431372549
"James Mchenry Elementary",2024,"Prince Georges",470,676,69.5266272189349,-4.27698574338086
"Oxon Hill Middle",2022,"Prince Georges",470,825,56.969696969697,-4.47154471544715
"Fairmont Heights High",2026,"Prince Georges",469,1105,42.4434389140271,3.53200883002207
"Eastern Middle",2024,"Montgomery",466,910,51.2087912087912,-1.06157112526539
"Tyler Heights Elementary",2020,"Anne Arundel",466,488,95.4918032786885,NA
"Dr. Henry A. Wise, Jr. High",2024,"Prince Georges",465,2270,20.4845814977974,13.9705882352941
"Benjamin Franklin High School At Masonville Cove",2025,"Baltimore City",464,786,59.0330788804071,4.5045045045045
"Long Reach High",2023,"Howard",464,1714,27.071178529755,6.66666666666667
"Annapolis Middle",2024,"Anne Arundel",463,793,58.3858764186633,-3.94190871369294
"Gaithersburg Middle",2021,"Montgomery",463,868,53.3410138248848,2.20750551876379
"Greensboro Elementary School",2026,"Caroline",463,875,52.9142857142857,9.97624703087887
"North County High",2021,"Anne Arundel",463,2327,19.8968629136227,11.8357487922705
"Watkins Mill Elementary",2021,"Montgomery",463,749,61.8157543391188,4.51467268623025
"Silver Spring International Middle",2024,"Montgomery",462,1062,43.5028248587571,-8.15109343936382
"White Oak Middle",2021,"Montgomery",462,860,53.7209302325581,1.53846153846153
"Hyattsville Middle",2022,"Prince Georges",461,733,62.8922237380628,-17.2351885098743
"James Mchenry Elementary",2025,"Prince Georges",461,610,75.5737704918033,-1.91489361702127
"Old Mill High",2025,"Anne Arundel",461,1832,25.1637554585153,-5.5327868852459
"Cherokee Lane Elementary",2020,"Prince Georges",460,580,79.3103448275862,NA
"Old Mill High",2023,"Anne Arundel",460,2445,18.8139059304703,14.713216957606
"Tuscarora High",2023,"Frederick",460,1717,26.7909143855562,11.6504854368932
"Graceland Park/Odonnell Heights Elementary/Middle",2021,"Baltimore City",459,608,75.4934210526316,NA
"Lansdowne High",2024,"Baltimore County",459,1352,33.9497041420118,0.437636761487958
"Georgian Forest Elementary",2026,"Montgomery",458,623,73.5152487961477,1.55210643015522
"Hillcrest Elementary",2026,"Frederick",458,574,79.7909407665505,392.47311827957
"Maree Garnett Farring Elementary/Middle",2026,"Baltimore City",458,706,64.8725212464589,3.15315315315314
"National Academy Foundation",2025,"Baltimore City",458,801,57.1785268414482,6.75990675990676
"Lansdowne High",2023,"Baltimore County",457,1410,32.4113475177305,9.33014354066986
"Earle B. Wood Middle",2020,"Montgomery",456,994,45.8752515090543,NA
"Gaithersburg Elementary",2025,"Montgomery",456,603,75.6218905472637,-4.80167014613778
"Oxon Hill Middle",2023,"Prince Georges",456,767,59.4524119947849,-2.97872340425532
"Gaithersburg Elementary",2026,"Montgomery",455,583,78.0445969125214,-0.21929824561403
"White Oak Middle",2020,"Montgomery",455,845,53.8461538461538,NA
"Argyle Middle",2025,"Montgomery",454,868,52.3041474654378,-6.5843621399177
"Montgomery Village Middle",2023,"Montgomery",454,773,58.732212160414,NA
"Fairmont Heights High",2025,"Prince Georges",453,1090,41.5596330275229,7.34597156398105
"Gaithersburg Middle",2020,"Montgomery",453,877,51.6533637400228,NA
"Eastern Middle",2025,"Montgomery",452,963,46.9366562824507,-3.00429184549357
"Francis Scott Key Middle",2024,"Montgomery",452,991,45.6104944500505,1.57303370786517
"Templeton Elementary",2024,"Prince Georges",452,781,57.8745198463508,-4.23728813559322
"White Oak Middle",2023,"Montgomery",452,852,53.0516431924883,6.10328638497653
"Argyle Middle",2026,"Montgomery",451,843,53.4994068801898,-0.660792951541855
"Georgian Forest Elementary",2025,"Montgomery",451,600,75.1666666666667,15.6410256410257
"Oxon Hill High",2020,"Prince Georges",451,1497,30.126920507682,NA
"Oxon Hill High",2021,"Prince Georges",451,1467,30.7430129516019,0
"Paint Branch High",2021,"Montgomery",451,2064,21.8507751937984,7.38095238095238
"Eastern Middle",2026,"Montgomery",450,953,47.2193074501574,-0.442477876106195
"Francis Scott Key Middle",2022,"Montgomery",450,968,46.4876033057851,3.92609699769053
"Glenridge Elementary",2023,"Prince Georges",450,769,58.51755526658,13.9240506329114
"Digital Harbor High School",2026,"Baltimore City",449,1334,33.6581709145427,-10.3792415169661
"Glenridge Elementary",2024,"Prince Georges",449,760,59.0789473684211,-0.222222222222224
"Judge Sylvania W. Woods Sr. Elementary",2020,"Prince Georges",449,761,59.0013140604468,NA
"Montgomery Village Middle School",2020,"Montgomery",449,790,56.8354430379747,NA
"Ridgecrest Elementary",2022,"Prince Georges",449,603,74.4610281923715,-6.06694560669456
"Springhill Lake Elementary",2026,"Prince Georges",449,803,55.9153175591532,2.04545454545455
"Lansdowne High",2025,"Baltimore County",448,1313,34.1203351104341,-2.39651416122004
"Easton Elementary",2026,"Talbot",447,1046,42.7342256214149,-8.02469135802469
"Hillcrest Elementary",2023,"Frederick",447,575,77.7391304347826,473.076923076923
"Parkville High",2024,"Baltimore County",447,2021,22.117763483424,-24.4932432432432
"Cherokee Lane Elementary",2021,"Prince Georges",446,558,79.9283154121864,-3.04347826086957
"Francis Scott Key Middle",2023,"Montgomery",445,965,46.1139896373057,-1.11111111111111
"Silver Spring International Middle",2025,"Montgomery",445,1015,43.8423645320197,-3.67965367965368
"Tyler Heights Elementary",2021,"Anne Arundel",445,467,95.2890792291221,-4.50643776824035
"Benjamin Franklin High School At Masonville Cove",2024,"Baltimore City",444,800,55.5,20.3252032520325
"Damascus High",2026,"Montgomery",444,1451,30.5995864920744,3.98126463700235
"Earle B. Wood Middle",2021,"Montgomery",444,998,44.4889779559118,-2.63157894736842
"Earle B. Wood Middle",2023,"Montgomery",444,1068,41.5730337078652,0.909090909090904
"Maree Garnett Farring Elementary/Middle",2025,"Baltimore City",444,717,61.9246861924686,7.24637681159421
"Glenridge Elementary",2020,"Prince Georges",443,826,53.6319612590799,NA
"Montgomery Village Middle School",2022,"Montgomery",443,755,58.6754966887417,1.14155251141552
"Watkins Mill Elementary",2020,"Montgomery",443,731,60.6019151846785,NA
"White Oak Middle",2024,"Montgomery",443,805,55.0310559006211,-1.99115044247787
"Owings Mills High",2023,"Baltimore County",442,1199,36.8640533778148,11.8987341772152
"Hillcrest Elementary",2024,"Frederick",441,558,79.0322580645161,379.347826086957
"Lansdowne High",2026,"Baltimore County",441,1215,36.2962962962963,-1.5625
"White Oak Middle",2025,"Montgomery",441,808,54.5792079207921,-0.451467268623029
"White Oak Middle",2026,"Montgomery",441,833,52.9411764705882,0
"Earle B. Wood Middle",2022,"Montgomery",440,1036,42.4710424710425,-0.900900900900903
"Springhill Lake Elementary",2025,"Prince Georges",440,804,54.726368159204,0.456621004566204
"Graceland Park/Odonnel Heights Elementary/Middle",2020,"Baltimore City",439,587,74.7870528109029,NA
"Carole Highlands Elementary",2026,"Prince Georges",438,470,93.1914893617021,-15.1162790697674
"Montgomery Village Middle School",2021,"Montgomery",438,776,56.4432989690722,-2.44988864142539
"Springhill Lake Elementary",2024,"Prince Georges",438,757,57.8599735799207,8.14814814814815
"Arcola Elementary",2022,"Montgomery",437,631,69.2551505546751,-9.89690721649484
"Dwight D. Eisenhower Middle",2020,"Prince Georges",437,1052,41.5399239543726,NA
"Martin Luther King Jr. Middle",2023,"Prince Georges",437,911,47.9692645444566,44.7019867549669
"Cool Spring Elementary",2025,"Prince Georges",436,458,95.1965065502183,-8.40336134453782
"James Mchenry Elementary",2026,"Prince Georges",436,577,75.5632582322357,-5.42299349240781
"Judge Sylvania W. Woods Sr. Elementary",2021,"Prince Georges",435,723,60.1659751037344,-3.11804008908686
"Julius West Middle",2026,"Montgomery",435,1283,33.9049103663289,-7.64331210191083
"Long Reach High",2022,"Howard",435,1639,26.5405735204393,14.4736842105263
"Thomas S. Stone Elementary",2025,"Prince Georges",435,580,75,9.57178841309825
"Digital Harbor High School",2023,"Baltimore City",434,1591,27.2784412319296,9.3198992443325
"Oxon Hill Middle",2020,"Prince Georges",434,865,50.1734104046243,NA
"Francis Scott Key Middle",2021,"Montgomery",433,966,44.824016563147,3.09523809523808
"Seneca Valley High",2020,"Montgomery",433,1226,35.3181076672104,NA
"Springhill Lake Elementary",2021,"Prince Georges",433,815,53.1288343558282,-9.41422594142259
"Kenwood High",2026,"Baltimore County",432,1836,23.5294117647059,2.12765957446808
"National Academy Foundation",2023,"Baltimore City",432,828,52.1739130434783,25.5813953488372
"Damascus High",2024,"Montgomery",431,1398,30.829756795422,7.48129675810474
"National Academy Foundation",2024,"Baltimore City",429,753,56.9721115537849,-0.694444444444442
"Whetstone Elementary",2026,"Montgomery",429,741,57.8947368421053,5.66502463054188
"Cherokee Lane Elementary",2022,"Prince Georges",428,541,79.1127541589649,-4.03587443946188
"Crestwood Middle",2025,"Frederick",427,996,42.8714859437751,55.8394160583941
"Damascus High",2025,"Montgomery",427,1390,30.7194244604317,-0.928074245939681
"Holabird Middle",2024,"Baltimore County",426,993,42.9003021148036,32.2981366459627
"White Oak Middle",2022,"Montgomery",426,815,52.2699386503067,-7.79220779220779
"Carole Highlands Elementary",2020,"Prince Georges",425,515,82.5242718446602,NA
"Julius West Middle",2024,"Montgomery",425,1307,32.5172149961744,4.16666666666667
"Thomas S. Stone Elementary",2020,"Prince Georges",425,557,76.3016157989228,NA
"Easton Elementary",2021,"Talbot",424,1048,40.4580152671756,0.236406619385332
"Easton Elementary",2020,"Talbot",423,1039,40.7122232916266,NA
"Glenridge Elementary",2026,"Prince Georges",423,739,57.2395128552097,3.17073170731708
"Kenwood High",2025,"Baltimore County",423,1900,22.2631578947368,16.5289256198347
"Potomac High",2024,"Prince Georges",423,1183,35.7565511411665,4.44444444444445
"Woodlawn High",2025,"Baltimore County",423,1922,22.0083246618106,11.3157894736842
"Woodlawn High",2026,"Baltimore County",423,1867,22.6566684520621,0
"Fairmont Heights High",2024,"Prince Georges",422,1054,40.0379506641366,17.2222222222222
"Greensboro Elementary School",2025,"Caroline",421,840,50.1190476190476,6.04534005037782
"Long Reach High",2024,"Howard",421,1448,29.0745856353591,-9.26724137931034
"Francis Scott Key Middle",2020,"Montgomery",420,1004,41.8326693227092,NA
"Glen Burnie High",2020,"Anne Arundel",420,2076,20.2312138728324,NA
"Neelsville Middle",2021,"Montgomery",420,842,49.8812351543943,-15.8316633266533
"Paint Branch High",2020,"Montgomery",420,1996,21.0420841683367,NA
"Bethesda-Chevy Chase High",2022,"Montgomery",419,2289,18.3049366535605,4.75000000000001
"Lansdowne High",2022,"Baltimore County",418,1336,31.2874251497006,22.2222222222222
"Martin Luther King Jr. Middle",2022,"Prince Georges",418,938,44.5628997867804,36.1563517915309
"Brown Station Elementary",2024,"Montgomery",417,631,66.0855784469097,4.77386934673367
"Highland Elementary",2025,"Montgomery",417,509,81.9253438113949,2.70935960591132
"Rogers Heights Elementary",2025,"Prince Georges",416,450,92.4444444444444,-25.4480286738351
"Whetstone Elementary",2020,"Montgomery",416,742,56.0646900269542,NA
"Thomas S. Stone Elementary",2026,"Prince Georges",415,540,76.8518518518518,-4.59770114942529
"Maree Garnett Farring Elementary/Middle",2024,"Baltimore City",414,688,60.1744186046512,3.75939849624061
"North County High",2020,"Anne Arundel",414,2286,18.1102362204724,NA
"Adelphi Elementary",2026,"Prince Georges",413,548,75.3649635036496,7.27272727272728
"Franklin High",2026,"Baltimore County",413,1468,28.133514986376,1.47420147420148
"Highland Elementary",2020,"Montgomery",413,555,74.4144144144144,NA
"Martin Luther King Jr. Middle",2021,"Prince Georges",413,981,42.0998980632008,45.9363957597173
"Tuscarora High",2022,"Frederick",412,1682,24.4946492271106,8.70712401055409
"Glenridge Elementary",2021,"Prince Georges",411,730,56.3013698630137,-7.2234762979684
"Bowie High",2022,"Prince Georges",410,2379,17.2341319882303,7.61154855643045
"Glenridge Elementary",2025,"Prince Georges",410,723,56.7081604426003,-8.68596881959911
"Dr. Henry A. Wise, Jr. High",2023,"Prince Georges",408,2257,18.0770934869296,22.5225225225225
"Harriet R. Tubman Elementary",2026,"Montgomery",408,586,69.6245733788396,4.34782608695652
"Julius West Middle",2023,"Montgomery",408,1325,30.7924528301887,4.88431876606683
"Francis Scott Key Middle",2025,"Montgomery",407,950,42.8421052631579,-9.95575221238938
"Franklin High",2025,"Baltimore County",407,1481,27.4814314652262,15.954415954416
"Judge Sylvania W. Woods Sr. Elementary",2022,"Prince Georges",407,680,59.8529411764706,-6.43678160919541
"South Hagerstown High",2026,"Washington",407,1643,24.7717589774802,0.992555831265518
"Highland Elementary",2024,"Montgomery",406,510,79.6078431372549,1.49999999999999
"Whetstone Elementary",2025,"Montgomery",406,711,57.1026722925457,2.78481012658227
"Potomac High",2023,"Prince Georges",405,1253,32.3224261771748,16.7146974063401
"Severn Run High School",2026,"Anne Arundel",405,1895,21.3720316622691,8.28877005347595
"Silver Spring International Middle",2026,"Montgomery",405,952,42.5420168067227,-8.98876404494382
"Springhill Lake Elementary",2023,"Prince Georges",405,790,51.2658227848101,4.92227979274611
"Holabird Academy",2026,"Baltimore City",403,660,61.0606060606061,2.02531645569621
"South Hagerstown High",2025,"Washington",403,1690,23.8461538461538,16.8115942028986
"Georgian Forest Elementary",2020,"Montgomery",402,625,64.32,NA
"Owings Mills High",2024,"Baltimore County",402,1169,34.3883661248931,-9.04977375565611
"Damascus High",2023,"Montgomery",401,1414,28.3592644978784,4.9738219895288
"Highland Elementary",2021,"Montgomery",401,530,75.6603773584906,-2.90556900726392
"Newport Mill Middle",2021,"Montgomery",401,670,59.8507462686567,3.35051546391754
"Northwestern Evening/Saturday High",2020,"Prince Georges",401,481,83.3679833679834,NA
"Old Mill High",2022,"Anne Arundel",401,2394,16.750208855472,16.5697674418605
"Bethesda-Chevy Chase High",2021,"Montgomery",400,2270,17.6211453744493,3.09278350515463
"Dulaney High",2025,"Baltimore County",400,1889,21.1752249867655,10.803324099723
"Highland Elementary",2023,"Montgomery",400,515,77.6699029126214,0.755667506297231
"Long Reach High",2025,"Howard",400,1334,29.9850074962519,-4.98812351543943
"Neelsville Middle",2023,"Montgomery",400,815,49.079754601227,6.66666666666667
"Crestwood Middle",2026,"Frederick",399,983,40.5900305188199,-6.55737704918032
"Dundalk Middle",2023,"Baltimore County",399,860,46.3953488372093,10.2209944751381
"Maree Garnett Farring Elementary/Middle",2023,"Baltimore City",399,694,57.492795389049,9.91735537190081
"Viers Mill Elementary",2020,"Montgomery",399,579,68.9119170984456,NA
"Brown Station Elementary",2023,"Montgomery",398,617,64.5056726094003,11.484593837535
"Newport Mill Middle",2026,"Montgomery",398,681,58.4434654919236,3.91644908616189
"Tyler Heights Elementary",2022,"Anne Arundel",398,418,95.2153110047847,-10.561797752809
"Carole Highlands Elementary",2023,"Prince Georges",397,484,82.0247933884298,8.17438692098094
"Digital Harbor High School",2022,"Baltimore City",397,1367,29.0416971470373,6.4343163538874
"Greensboro Elementary School",2024,"Caroline",397,840,47.2619047619048,9.36639118457301
"Highland Elementary",2022,"Montgomery",397,521,76.1996161228407,-0.99750623441397
"Roberto W. Clemente Middle",2020,"Montgomery",397,1287,30.8469308469308,NA
"Thomas S. Stone Elementary",2024,"Prince Georges",397,532,74.6240601503759,17.4556213017751
"Tyler Heights Elementary",2023,"Anne Arundel",397,424,93.6320754716981,-0.251256281407031
"Guilford Park High",2026,"Howard",396,1653,23.956442831216,32
"Highland Elementary",2026,"Montgomery",396,494,80.1619433198381,-5.03597122302159
"Kemp Mill Elementary",2020,"Montgomery",396,486,81.4814814814815,NA
"Colgate Elementary",2026,"Baltimore County",395,541,73.0129390018484,2.86458333333333
"Glenridge Elementary",2022,"Prince Georges",395,703,56.1877667140825,-3.89294403892944
"Holabird Academy",2025,"Baltimore City",395,650,60.7692307692308,16.1764705882353
"Owings Mills High",2022,"Baltimore County",395,1121,35.2363960749331,8.81542699724518
"Whetstone Elementary",2024,"Montgomery",395,718,55.0139275766017,0.765306122448983
"Laurel Elementary",2020,"Prince Georges",394,619,63.6510500807754,NA
"Monocacy Middle",2024,"Frederick",394,932,42.274678111588,3.95778364116095
"Waverley Elementary",2020,"Frederick",394,548,71.8978102189781,NA
"Judge Sylvania W. Woods, Sr. Elementary",2024,"Prince Georges",393,631,62.2820919175911,NA
"West Frederick Middle",2022,"Frederick",393,889,44.206974128234,2.87958115183247
"Carrollton Elementary",2020,"Prince Georges",392,623,62.9213483146067,NA
"Rogers Heights Elementary",2026,"Prince Georges",392,423,92.6713947990544,-5.76923076923077
"Whetstone Elementary",2023,"Montgomery",392,715,54.8251748251748,6.23306233062331
"Harriet R. Tubman Elementary",2025,"Montgomery",391,571,68.476357267951,0.256410256410255
"Highlandtown Elementary/Middle #215",2022,"Baltimore City",391,468,83.5470085470085,3.71352785145889
"Georgian Forest Elementary",2024,"Montgomery",390,552,70.6521739130435,12.3919308357349
"Harriet R. Tubman Elementary",2024,"Montgomery",390,575,67.8260869565217,32.6530612244898
"Julius West Middle",2021,"Montgomery",390,1375,28.3636363636364,3.44827586206897
"Julius West Middle",2022,"Montgomery",389,1352,28.7721893491124,-0.256410256410255
"Tyler Heights Elementary",2026,"Anne Arundel",389,419,92.8400954653938,0.257731958762886
"Bethesda-Chevy Chase High",2020,"Montgomery",388,2257,17.1909614532565,NA
"Long Reach High",2020,"Howard",388,1696,22.877358490566,NA
"Monocacy Middle",2021,"Frederick",388,978,39.6728016359918,2.10526315789474
"Newport Mill Middle",2020,"Montgomery",388,702,55.2706552706553,NA
"Tyler Heights Elementary",2025,"Anne Arundel",388,416,93.2692307692308,2.10526315789474
"Highlandtown Elementary/Middle #215",2020,"Baltimore City",387,476,81.3025210084034,NA
"Whetstone Elementary",2021,"Montgomery",387,693,55.8441558441558,-6.97115384615384
"Meade Middle",2026,"Anne Arundel",386,720,53.6111111111111,5.17711171662125
"Springhill Lake Elementary",2022,"Prince Georges",386,766,50.3916449086162,-10.8545034642032
"Adelphi Elementary",2025,"Prince Georges",385,505,76.2376237623762,6.64819944598338
"Carole Highlands Elementary",2021,"Prince Georges",385,462,83.3333333333333,-9.41176470588235
"Monocacy Middle",2022,"Frederick",385,951,40.4837013669821,-0.773195876288657
"Owings Mills High",2020,"Baltimore County",385,1189,32.3801513877208,NA
"Brown Station Elementary",2026,"Montgomery",384,559,68.6940966010733,1.05263157894737
"Colgate Elementary",2025,"Baltimore County",384,533,72.0450281425891,3.50404312668464
"Cool Spring Elementary",2026,"Prince Georges",384,406,94.5812807881773,-11.9266055045872
"Wheaton Woods Elementary",2025,"Montgomery",384,556,69.0647482014388,4.63215258855585
"Fallstaff Elementary/Middle",2026,"Baltimore City",383,619,61.8739903069467,1.32275132275133
"Newport Mill Middle",2025,"Montgomery",383,652,58.7423312883436,8.19209039548023
"Damascus High",2022,"Montgomery",382,1381,27.6611151339609,3.52303523035231
"Francis Scott Key Middle",2026,"Montgomery",382,950,40.2105263157895,-6.14250614250614
"Judge Sylvania W. Woods Sr. Elementary",2023,"Prince Georges",382,632,60.4430379746835,-6.14250614250614
"West Frederick Middle",2021,"Frederick",382,925,41.2972972972973,2.13903743315509
"Bowie High",2021,"Prince Georges",381,2406,15.8354114713217,6.12813370473537
"Friendly High",2026,"Prince Georges",381,865,44.0462427745665,5.54016620498614
"Brown Station Elementary",2025,"Montgomery",380,572,66.4335664335664,-8.87290167865707
"Long Reach High",2021,"Howard",380,1595,23.8244514106583,-2.0618556701031
"Monocacy Middle",2020,"Frederick",380,969,39.2156862745098,NA
"Tyler Heights Elementary",2024,"Anne Arundel",380,406,93.5960591133005,-4.28211586901763
"Woodlawn High",2024,"Baltimore County",380,1896,20.042194092827,18.3800623052959
"Monocacy Middle",2023,"Frederick",379,926,40.9287257019438,-1.55844155844156
"Tuscarora High",2021,"Frederick",379,1645,23.0395136778115,12.1301775147929
"Fallstaff Elementary/Middle",2025,"Baltimore City",378,611,61.8657937806874,16.3076923076923
"Highlandtown Elementary/Middle #215",2021,"Baltimore City",377,463,81.4254859611231,-2.58397932816538
"Julius West Middle",2020,"Montgomery",377,1382,27.2793053545586,NA
"Viers Mill Elementary",2025,"Montgomery",377,556,67.8057553956834,1.89189189189189
"Carrollton Elementary",2022,"Prince Georges",376,588,63.9455782312925,5.02793296089385
"Carrollton Elementary",2023,"Prince Georges",375,580,64.6551724137931,-0.265957446808507
"Dulaney High",2026,"Baltimore County",375,1891,19.8307773664728,-6.25
"Neelsville Middle",2022,"Montgomery",375,792,47.3484848484849,-10.7142857142857
"Parkville High",2025,"Baltimore County",374,1877,19.9254128929142,-16.331096196868
"Severn Run High School",2025,"Anne Arundel",374,1608,23.2587064676617,NA
"West Frederick Middle",2020,"Frederick",374,947,39.493136219641,NA
"Digital Harbor High School",2021,"Baltimore City",373,1315,28.3650190114068,7.80346820809248
"Newport Mill Middle",2022,"Montgomery",373,647,57.6506955177743,-6.98254364089775
"North Hagerstown High",2026,"Washington",373,1600,23.3125,14.4171779141104
"Viers Mill Elementary",2023,"Montgomery",373,528,70.6439393939394,6.26780626780628
"Neelsville Middle",2024,"Montgomery",372,782,47.5703324808184,-6.99999999999999
"Colgate Elementary",2024,"Baltimore County",371,522,71.0727969348659,15.2173913043478
"Dundalk Middle",2024,"Baltimore County",371,775,47.8709677419355,-7.01754385964912
"Sherwood High",2020,"Montgomery",371,1964,18.8900203665988,NA
"Waverley Elementary",2022,"Frederick",371,542,68.450184501845,2.20385674931129
"Viers Mill Elementary",2024,"Montgomery",370,539,68.6456400742115,-0.804289544235925
"Benjamin Franklin High School At Masonville Cove",2023,"Baltimore City",369,755,48.8741721854305,29.4736842105263
"Damascus High",2021,"Montgomery",369,1404,26.2820512820513,17.1428571428571
"Whetstone Elementary",2022,"Montgomery",369,681,54.1850220264317,-4.65116279069767
"Highlandtown Elementary/Middle #215",2023,"Baltimore City",368,424,86.7924528301887,-5.88235294117647
"National Academy Foundation",2026,"Baltimore City",368,733,50.2046384720327,-19.6506550218341
"Carole Highlands Elementary",2022,"Prince Georges",367,440,83.4090909090909,-4.67532467532468
"Martin Luther King Jr. Middle",2020,"Prince Georges",367,1003,36.5902293120638,37.4531835205993
"Meade Middle",2025,"Anne Arundel",367,697,52.6542324246772,5.76368876080691
"Wheaton Woods Elementary",2024,"Montgomery",367,556,66.0071942446043,0.273224043715836
"Reservoir High",2023,"Howard",366,1837,19.9237887860642,3.97727272727273
"Wheaton Woods Elementary",2023,"Montgomery",366,559,65.474060822898,15.0943396226415
"Newport Mill Middle",2023,"Montgomery",364,623,58.4269662921348,-2.41286863270778
"Deep Run Elementary",2022,"Howard",363,711,51.0548523206751,13.4375
"Greensboro Elementary School",2023,"Caroline",363,785,46.2420382165605,1.39664804469273
"Kenwood High",2024,"Baltimore County",363,1963,18.4921039225675,27.8169014084507
"Maree Garnett Farring Elementary/Middle",2020,"Baltimore City",363,763,47.5753604193971,NA
"Maree Garnett Farring Elementary/Middle",2022,"Baltimore City",363,673,53.9375928677563,4.01146131805157
"Owings Mills High",2021,"Baltimore County",363,1120,32.4107142857143,-5.71428571428572
"Sherwood High",2021,"Montgomery",363,1912,18.9853556485356,-2.15633423180593
"Waverley Elementary",2021,"Frederick",363,511,71.0371819960861,-7.86802030456852
"Wheaton Woods Elementary",2026,"Montgomery",363,559,64.9373881932022,-5.46875
"Carrollton Elementary",2024,"Prince Georges",362,591,61.2521150592217,-3.46666666666666
"Dundalk Middle",2022,"Baltimore County",362,838,43.1980906921241,16.025641025641
"Lamont Elementary",2020,"Prince Georges",362,543,66.6666666666667,NA
"Twinbrook Elementary",2020,"Montgomery",362,558,64.8745519713262,NA
"Viers Mill Elementary",2026,"Montgomery",362,541,66.913123844732,-3.97877984084881
"Adelphi Elementary",2024,"Prince Georges",361,477,75.6813417190776,-33.5174953959484
"Dulaney High",2024,"Baltimore County",361,1845,19.5663956639566,46.1538461538461
"Franklin Middle",2026,"Baltimore County",361,1134,31.8342151675485,11.7647058823529
"Friendly High",2025,"Prince Georges",361,894,40.3803131991051,4.33526011560694
"Georgian Forest Elementary",2022,"Montgomery",361,554,65.1624548736462,0.277777777777777
"Kemp Mill Elementary",2021,"Montgomery",361,458,78.82096069869,-8.83838383838383
"Rocky Hill Middle",2025,"Montgomery",361,1010,35.7425742574257,0.83798882681565
"Deep Run Elementary",2023,"Howard",360,723,49.792531120332,-0.826446280991733
"Fairmont Heights High",2023,"Prince Georges",360,1039,34.6487006737247,23.2876712328767
"Gaywood Elementary",2020,"Prince Georges",360,519,69.364161849711,NA
"Gaywood Elementary",2025,"Prince Georges",360,525,68.5714285714286,4.34782608695652
"Georgian Forest Elementary",2021,"Montgomery",360,568,63.3802816901408,-10.4477611940298
"Marley Middle",2026,"Anne Arundel",360,992,36.2903225806452,2.56410256410255
"Suitland High",2026,"Prince Georges",360,1801,19.9888950583009,10.4294478527607
"Thomas S. Stone Elementary",2021,"Prince Georges",360,466,77.2532188841202,-15.2941176470588
"Bowie High",2020,"Prince Georges",359,2428,14.7858319604613,NA
"Roberto W. Clemente Middle",2021,"Montgomery",359,1040,34.5192307692308,-9.57178841309824
"Carrollton Elementary",2021,"Prince Georges",358,579,61.8307426597582,-8.67346938775511
"Gaywood Elementary",2023,"Prince Georges",358,497,72.0321931589537,6.23145400593472
"Greensboro Elementary School",2022,"Caroline",358,778,46.0154241645244,3.17002881844379
"New Hampshire Estates Elem",2020,"Montgomery",358,478,74.8953974895397,NA
"Rocky Hill Middle",2024,"Montgomery",358,1041,34.3900096061479,0.561797752808979
"Brown Station Elementary",2022,"Montgomery",357,604,59.1059602649007,10.8695652173913
"Kemp Mill Elementary",2023,"Montgomery",357,422,84.5971563981043,2.58620689655173
"Greensboro Elementary School",2020,"Caroline",356,825,43.1515151515151,NA
"Highlandtown Elementary/Middle #215",2025,"Baltimore City",356,405,87.9012345679012,0.849858356940514
"Rocky Hill Middle",2023,"Montgomery",356,1058,33.648393194707,7.87878787878789
"Thomas S. Stone Elementary",2022,"Prince Georges",356,451,78.9356984478936,-1.11111111111111
"Walter S. Mills - Parole Elementary",2020,"Anne Arundel",355,615,57.7235772357724,NA
"Newport Mill Middle",2024,"Montgomery",354,607,58.3196046128501,-2.74725274725275
"Benjamin Franklin High School At Masonville Cove",2026,"Baltimore City",353,630,56.031746031746,-23.9224137931034
"Highlandtown Elementary/Middle #215",2024,"Baltimore City",353,414,85.2657004830918,-4.07608695652174
"Kemp Mill Elementary",2024,"Montgomery",353,412,85.6796116504854,-1.1204481792717
"Templeton Elementary",2025,"Prince Georges",353,646,54.6439628482972,-21.9026548672566
"Viers Mill Elementary",2021,"Montgomery",353,503,70.1789264413519,-11.5288220551378
"Beacon Heights Elementary",2020,"Prince Georges",352,461,76.3557483731019,NA
"Carrollton Elementary",2025,"Prince Georges",352,539,65.3061224489796,-2.76243093922652
"Lansdowne Middle",2023,"Baltimore County",352,869,40.5063291139241,7.64525993883791
"Reservoir High",2022,"Howard",352,1814,19.4046306504961,9.65732087227413
"Dundalk Elementary",2026,"Baltimore County",351,759,46.2450592885375,9.00621118012421
"Franklin High",2024,"Baltimore County",351,1493,23.5097119892833,33.4600760456274
"Kemp Mill Elementary",2025,"Montgomery",351,412,85.1941747572815,-0.566572237960339
"Marley Middle",2025,"Anne Arundel",351,991,35.4187689202825,17.3913043478261
"Viers Mill Elementary",2022,"Montgomery",351,492,71.3414634146341,-0.566572237960339
"Commodore John Rodgers Elementary/Middle",2025,"Baltimore City",350,774,45.2196382428941,7.69230769230769
"Gaywood Elementary",2021,"Prince Georges",350,497,70.4225352112676,-2.77777777777778
"Meade Middle",2022,"Anne Arundel",350,827,42.3216444981862,10.410094637224
"Carrollton Elementary",2026,"Prince Georges",349,540,64.6296296296296,-0.852272727272729
"Laurel Elementary",2023,"Prince Georges",349,566,61.660777385159,0.576368876080702
"Maree Garnett Farring Elementary/Middle",2021,"Baltimore City",349,706,49.4334277620397,-3.85674931129476
"Deep Run Elementary",2020,"Howard",348,767,45.3715775749674,NA
"Kemp Mill Elementary",2022,"Montgomery",348,417,83.4532374100719,-3.601108033241
"Georgian Forest Elementary",2023,"Montgomery",347,519,66.859344894027,-3.8781163434903
"Greensboro Elementary School",2021,"Caroline",347,739,46.9553450608931,-2.52808988764045
"Laurel Elementary",2022,"Prince Georges",347,554,62.6353790613718,1.46198830409356
"Meade Middle",2024,"Anne Arundel",347,779,44.5442875481386,3.27380952380953
"Potomac High",2022,"Prince Georges",347,1216,28.5361842105263,11.2179487179487
"Roberto W. Clemente Middle",2026,"Montgomery",347,909,38.1738173817382,8.43750000000001
"Digital Harbor High School",2020,"Baltimore City",346,1162,29.776247848537,NA
"Friendly High",2024,"Prince Georges",346,943,36.6914103923648,19.7231833910035
"Kenmoor Middle",2026,"Prince Georges",346,1034,33.4622823984526,6.13496932515338
"Surrattsville High",2026,"Prince Georges",346,938,36.8869936034115,29.1044776119403
"Charles Herbert Flowers High",2025,"Prince Georges",345,2712,12.7212389380531,9.87261146496816
"Gaywood Elementary",2024,"Prince Georges",345,506,68.1818181818182,-3.63128491620112
"South Hagerstown High",2024,"Washington",345,1645,20.9726443768997,11.6504854368932
"National Academy Foundation",2022,"Baltimore City",344,810,42.4691358024691,10.6109324758842
"Old Mill High",2021,"Anne Arundel",344,2364,14.5516074450085,10.6109324758842
"Glenallan Elementary",2026,"Montgomery",343,679,50.5154639175258,0.292397660818722
"Glenallan Elementary",2025,"Montgomery",342,679,50.3681885125184,3.63636363636364
"International High School @ Largo",2020,"Prince Georges",342,385,88.8311688311688,NA
"Lansdowne High",2021,"Baltimore County",342,1296,26.3888888888889,NA
"Lansdowne Middle",2026,"Baltimore County",342,660,51.8181818181818,12.1311475409836
"Laurel Elementary",2021,"Prince Georges",342,570,60,-13.1979695431472
"Neelsville Middle",2025,"Montgomery",342,781,43.7900128040973,-8.06451612903226
"New Hampshire Estates Elem",2024,"Montgomery",342,455,75.1648351648352,8.22784810126582
"Commodore John Rodgers Elementary/Middle",2026,"Baltimore City",341,786,43.3842239185751,-2.57142857142857
"Oakland Mills High",2024,"Howard",341,1422,23.9803094233474,5.57275541795665
"Rocky Hill Middle",2026,"Montgomery",341,999,34.1341341341341,-5.54016620498615
"Walter S. Mills - Parole Elementary",2023,"Anne Arundel",341,578,58.9965397923876,4.60122699386503
"Easton High",2024,"Talbot",340,1210,28.099173553719,3.97553516819571
"Holabird Academy",2024,"Baltimore City",340,597,56.9514237855946,7.93650793650793
"Judge Sylvania W. Woods, Sr. Elementary",2025,"Prince Georges",339,540,62.7777777777778,-13.7404580152672
"Accokeek Academy",2024,"Prince Georges",338,1622,20.8384710234279,12.2923588039867
"Crossland High",2023,"Prince Georges",338,1082,31.2384473197782,19.0140845070422
"Gaywood Elementary",2026,"Prince Georges",338,500,67.6,-6.11111111111111
"New Hampshire Estates Elem",2021,"Montgomery",338,448,75.4464285714286,-5.58659217877095
"Potomac High",2020,"Prince Georges",338,1196,28.2608695652174,NA
"Sherwood High",2022,"Montgomery",338,1769,19.1068400226116,-6.8870523415978
"Thomas S. Stone Elementary",2023,"Prince Georges",338,432,78.2407407407407,-5.0561797752809
"Tuscarora High",2020,"Frederick",338,1590,21.2578616352201,NA
"Gaywood Elementary",2022,"Prince Georges",337,483,69.7722567287785,-3.71428571428571
"Hampstead Hill Academy",2025,"Baltimore City",337,933,36.1200428724544,1.81268882175227
"Berwyn Heights Elementary",2023,"Prince Georges",336,480,70,10.8910891089109
"Berwyn Heights Elementary",2024,"Prince Georges",336,477,70.440251572327,0
"Glenallan Elementary",2020,"Montgomery",336,744,45.1612903225806,NA
"Long Reach High",2026,"Howard",336,1176,28.5714285714286,-16
"Meade Middle",2023,"Anne Arundel",336,788,42.6395939086294,-4
"Summit Hall Elementary",2023,"Montgomery",336,473,71.0359408033827,-30.5785123966942
"Bel Pre Elementary",2020,"Montgomery",335,612,54.7385620915033,NA
"Deep Run Elementary",2024,"Howard",335,677,49.4830132939439,-6.94444444444444
"Lansdowne High & Academy Of Finance",2020,"Baltimore County",335,1326,25.26395173454,NA
"Charles Herbert Flowers High",2026,"Prince Georges",334,2631,12.694792854428,-3.18840579710145
"Easton High",2025,"Talbot",334,1179,28.3290924512299,-1.76470588235295
"Kemp Mill Elementary",2026,"Montgomery",334,399,83.7092731829574,-4.84330484330484
"Reservoir High",2024,"Howard",334,1729,19.3175245806825,-8.7431693989071
"Dr. Henry A. Wise, Jr. High",2022,"Prince Georges",333,2208,15.0815217391304,4.71698113207548
"Lamont Elementary",2021,"Prince Georges",333,493,67.5456389452333,-8.0110497237569
"Sherwood High",2023,"Montgomery",333,1721,19.3492155723417,-1.4792899408284
"Hampstead Hill Academy",2020,"Baltimore City",332,840,39.5238095238095,NA
"Hampstead Hill Academy",2026,"Baltimore City",332,931,35.6605800214823,-1.48367952522255
"Neelsville Middle",2026,"Montgomery",332,759,43.7417654808959,-2.92397660818714
"Hampstead Hill Academy",2024,"Baltimore City",331,890,37.1910112359551,2.47678018575852
"Owings Mills High",2025,"Baltimore County",331,1040,31.8269230769231,-17.6616915422886
"Walter S. Mills - Parole Elementary",2025,"Anne Arundel",331,559,59.2128801431127,3.4375
"Glenallan Elementary",2024,"Montgomery",330,673,49.0341753343239,4.43037974683544
"Highlandtown Elementary/Middle #215",2026,"Baltimore City",330,408,80.8823529411765,-7.30337078651685
"Rocky Hill Middle",2022,"Montgomery",330,999,33.033033033033,15.7894736842105
"Templeton Elementary",2026,"Prince Georges",330,562,58.7188612099644,-6.51558073654391
"Hampstead Hill Academy",2022,"Baltimore City",329,879,37.4288964732651,1.23076923076924
"Walter S. Mills - Parole Elementary",2021,"Anne Arundel",329,555,59.2792792792793,-7.32394366197183
"International High School @ Largo",2022,"Prince Georges",328,385,85.1948051948052,1.54798761609907
"Easton High",2023,"Talbot",327,1203,27.1820448877805,17.2043010752688
"Lansdowne Middle",2022,"Baltimore County",327,874,37.4141876430206,3.48101265822784
"Roberto W. Clemente Middle",2022,"Montgomery",327,943,34.6765641569459,-8.91364902506964
"Bel Pre Elementary",2024,"Montgomery",326,527,61.8595825426945,7.59075907590758
"Kenmoor Middle",2025,"Prince Georges",326,1021,31.9294809010774,19.4139194139194
"North Hagerstown High",2025,"Washington",326,1583,20.5938092229943,12.4137931034483
"Sherwood High",2025,"Montgomery",326,1675,19.4626865671642,2.19435736677116
"Suitland High",2025,"Prince Georges",326,1847,17.6502436383324,38.135593220339
"Walter S. Mills - Parole Elementary",2022,"Anne Arundel",326,559,58.3184257602862,-0.911854103343468
"Commodore John Rodgers Elementary/Middle",2024,"Baltimore City",325,756,42.989417989418,2.20125786163523
"Fallstaff Elementary/Middle",2024,"Baltimore City",325,539,60.2968460111317,5.86319218241043
"Hampstead Hill Academy",2021,"Baltimore City",325,855,38.0116959064327,-2.10843373493976
"Captain James E. Daly Elementary",2020,"Montgomery",324,618,52.4271844660194,NA
"Cooper Lane Elementary",2020,"Prince Georges",324,527,61.4800759013283,NA
"Twinbrook Elementary",2021,"Montgomery",324,508,63.7795275590551,-10.4972375690608
"West Frederick Middle",2023,"Frederick",324,776,41.7525773195876,-17.5572519083969
"Franklin Middle",2025,"Baltimore County",323,1150,28.0869565217391,8.0267558528428
"Hampstead Hill Academy",2023,"Baltimore City",323,861,37.5145180023229,-1.82370820668692
"International High School @ Largo",2021,"Prince Georges",323,373,86.5951742627346,-5.55555555555556
"Lamont Elementary",2022,"Prince Georges",323,513,62.962962962963,-3.003003003003
"Oakland Mills High",2023,"Howard",323,1401,23.0549607423269,8.38926174496644
"Bel Pre Elementary",2025,"Montgomery",322,558,57.7060931899642,-1.22699386503068
"Brown Station Elementary",2021,"Montgomery",322,612,52.6143790849673,3.87096774193549
"Colgate Elementary",2023,"Baltimore County",322,502,64.1434262948207,2.22222222222221
"Dundalk Elementary",2025,"Baltimore County",322,757,42.5363276089828,14.5907473309609
"Holabird Middle",2023,"Baltimore County",322,912,35.3070175438597,5.92105263157894
"International High School @ Langley Park",2025,"Prince Georges",322,368,87.5,3.87096774193549
"Martin Luther King Jr. Middle",2024,"Montgomery",322,858,37.5291375291375,-26.3157894736842
"Easton High",2026,"Talbot",321,1105,29.0497737556561,-3.89221556886228
"New Hampshire Estates Elem",2025,"Montgomery",321,455,70.5494505494506,-6.14035087719298
"New Hampshire Estates Elem",2026,"Montgomery",321,441,72.7891156462585,0
"Oakland Mills High",2026,"Howard",321,1388,23.1268011527378,1.26182965299684
"Reservoir High",2021,"Howard",321,1788,17.9530201342282,17.1532846715329
"Woodlawn High",2023,"Baltimore County",321,1815,17.6859504132231,15.0537634408602
"Crossland High",2020,"Prince Georges",320,975,32.8205128205128,NA
"Deep Run Elementary",2021,"Howard",320,680,47.0588235294118,-8.04597701149426
"Deep Run Elementary",2025,"Howard",320,638,50.1567398119122,-4.47761194029851
"New Hampshire Estates Elem",2022,"Montgomery",320,427,74.9414519906323,-5.32544378698225
"Roberto W. Clemente Middle",2025,"Montgomery",320,888,36.036036036036,3.2258064516129
"Summit Hall Elementary",2024,"Montgomery",320,422,75.8293838862559,-4.76190476190477
"Walter S. Mills - Parole Elementary",2024,"Anne Arundel",320,550,58.1818181818182,-6.15835777126099
"Wheaton Woods Elementary",2020,"Montgomery",320,503,63.6182902584493,NA
"Bel Pre Elementary",2022,"Montgomery",319,542,58.8560885608856,10
"International High School @ Largo",2023,"Prince Georges",319,389,82.0051413881748,-2.74390243902439
"Sherwood High",2024,"Montgomery",319,1693,18.8422917897224,-4.20420420420421
"Colin L Powell Academy",2024,"Prince Georges",318,898,35.4120267260579,NA
"Commodore John Rodgers Elementary/Middle",2023,"Baltimore City",318,855,37.1929824561403,0.315457413249209
"Cooper Lane Elementary",2023,"Prince Georges",318,475,66.9473684210526,8.90410958904109
"Crossland High",2024,"Prince Georges",318,1202,26.4559068219634,-5.91715976331361
"Dr. Henry A. Wise, Jr. High",2021,"Prince Georges",318,2294,13.8622493461203,14.8014440433213
"Judge Sylvania W. Woods, Sr. Elementary",2026,"Prince Georges",318,534,59.5505617977528,-6.19469026548672
"Wheaton Woods Elementary",2022,"Montgomery",318,499,63.7274549098196,5.29801324503312
"Beacon Heights Elementary",2021,"Prince Georges",317,412,76.9417475728155,-9.94318181818182
"Commodore John Rodgers Elementary/Middle",2022,"Baltimore City",317,887,35.7384441939121,4.62046204620461
"Meade Middle",2021,"Anne Arundel",317,826,38.3777239709443,4.27631578947369
"Oakland Mills High",2025,"Howard",317,1413,22.4345364472753,-7.03812316715543
"Patterson Park Public Charter School",2023,"Baltimore City",317,727,43.6038514442916,3.93442622950819
"Central High",2023,"Prince Georges",316,877,36.0319270239453,33.3333333333333
"Drew-Freeman Middle",2026,"Prince Georges",316,1046,30.2103250478011,22.4806201550388
"Glenallan Elementary",2023,"Montgomery",316,656,48.1707317073171,5.33333333333332
"Lansdowne Middle",2021,"Baltimore County",316,910,34.7252747252747,8.21917808219179
"New Hampshire Estates Elem",2023,"Montgomery",316,434,72.8110599078341,-1.25
"Colgate Elementary",2022,"Baltimore County",315,505,62.3762376237624,21.6216216216216
"Damascus High",2020,"Montgomery",315,1353,23.2815964523282,NA
"Holabird Academy",2023,"Baltimore City",315,528,59.6590909090909,11.7021276595745
"Patterson Park Public Charter School",2024,"Baltimore City",315,727,43.3287482806052,-0.630914826498419
"Rock View Elementary",2020,"Montgomery",315,654,48.1651376146789,NA
"Charles Herbert Flowers High",2024,"Prince Georges",314,2779,11.2990284274919,7.90378006872852
"Lansdowne Middle",2024,"Baltimore County",314,739,42.489851150203,-10.7954545454545
"Beacon Heights Elementary",2022,"Prince Georges",312,406,76.8472906403941,-1.57728706624606
"Dundalk Middle",2021,"Baltimore County",312,827,37.726723095526,25.8064516129032
"North Caroline High School",2026,"Caroline",312,1208,25.8278145695364,1.62866449511401
"Potomac High",2021,"Prince Georges",312,1187,26.284751474305,-7.69230769230769
"Twinbrook Elementary",2022,"Montgomery",312,504,61.9047619047619,-3.70370370370371
"Beacon Heights Elementary",2024,"Prince Georges",311,405,76.7901234567901,4.0133779264214
"National Academy Foundation",2021,"Baltimore City",311,805,38.6335403726708,4.36241610738255
"Old Mill High",2020,"Anne Arundel",311,2281,13.6343708899605,NA
"Rock View Elementary",2026,"Montgomery",311,599,51.9198664440735,0.647249190938504
"Brown Station Elementary",2020,"Montgomery",310,636,48.7421383647799,NA
"International High School @ Langley Park",2024,"Prince Georges",310,347,89.3371757925072,2.3102310231023
"Roberto W. Clemente Middle",2024,"Montgomery",310,866,35.796766743649,5.08474576271187
"Rock View Elementary",2023,"Montgomery",310,600,51.6666666666667,1.30718954248366
"Sligo Middle",2021,"Montgomery",310,738,42.0054200542005,0.649350649350655
"Patterson Park Public Charter School",2026,"Baltimore City",309,739,41.8132611637348,0.651465798045603
"Rock View Elementary",2025,"Montgomery",309,588,52.5510204081633,2.65780730897009
"South Hagerstown High",2023,"Washington",309,1487,20.7800941492939,13.6029411764706
"Captain James E. Daly Elementary",2021,"Montgomery",308,578,53.2871972318339,-4.93827160493827
"Commodore John Rogers Elementary/Middle",2020,"Baltimore City",308,907,33.9581036383683,NA
"Laurel Elementary",2025,"Prince Georges",308,472,65.2542372881356,1.98675496688743
"Sherwood High",2026,"Montgomery",308,1678,18.3551847437426,-5.52147239263804
"Sligo Middle",2020,"Montgomery",308,722,42.6592797783933,NA
"Butterfly Ridge Elementary",2022,"Frederick",307,682,45.0146627565982,11.231884057971
"Cooper Lane Elementary",2024,"Prince Georges",307,471,65.1804670912951,-3.45911949685535
"Fallstaff Elementary/Middle",2023,"Baltimore City",307,524,58.587786259542,5.86206896551724
"Martin Luther King Jr. Middle",2022,"Montgomery",307,905,33.9226519337017,-25.6658595641646
"Martin Luther King Jr. Middle",2025,"Montgomery",307,841,36.5041617122473,-4.65838509316771
"North Caroline High School",2025,"Caroline",307,1238,24.7980613893376,5.86206896551724
"Patterson Park Public Charter School",2025,"Baltimore City",307,730,42.0547945205479,-2.53968253968254
"Rock View Elementary",2021,"Montgomery",307,625,49.12,-2.53968253968254
"Thurgood Marshall Middle",2026,"Prince Georges",307,712,43.1179775280899,5.13698630136987
"West Frederick Middle",2026,"Frederick",307,830,36.9879518072289,0.655737704918025
"Accokeek Academy",2025,"Prince Georges",306,1445,21.1764705882353,-9.46745562130178
"Reservoir High",2025,"Howard",306,1597,19.1609267376331,-8.38323353293413
"Rock View Elementary",2022,"Montgomery",306,612,50,-0.325732899022801
"Glenallan Elementary",2021,"Montgomery",305,707,43.1400282885431,-9.22619047619048
"International High School @ Langley Park",2026,"Prince Georges",305,355,85.9154929577465,-5.27950310559007
"Lansdowne Middle",2025,"Baltimore County",305,661,46.142208774584,-2.86624203821656
"Patterson Park Public Charter School",2022,"Baltimore City",305,729,41.838134430727,1.32890365448506
"West Frederick Middle",2025,"Frederick",305,820,37.1951219512195,0.660066006600668
"Holabird Middle",2022,"Baltimore County",304,945,32.1693121693122,4.46735395189004
"Meade Middle",2020,"Anne Arundel",304,832,36.5384615384615,NA
"Scotchtown Hills Elementary",2023,"Prince Georges",304,612,49.6732026143791,10.5454545454545
"Bel Pre Elementary",2023,"Montgomery",303,522,58.0459770114943,-5.01567398119123
"Berwyn Heights Elementary",2022,"Prince Georges",303,436,69.4954128440367,1.67785234899329
"Commodore John Rodgers Elementary/Middle",2021,"Baltimore City",303,871,34.7876004592422,NA
"International High School @ Langley Park",2023,"Prince Georges",303,330,91.8181818181818,1
"West Frederick Middle",2024,"Frederick",303,770,39.3506493506494,-6.48148148148148
"Bay-Brook Elementary/Middle",2026,"Baltimore City",302,717,42.1199442119944,0.332225913621254
"Berwyn Heights Elementary",2020,"Prince Georges",302,473,63.8477801268499,NA
"Deep Run Elementary",2026,"Howard",302,625,48.32,-5.625
"Laurel Elementary",2024,"Prince Georges",302,498,60.6425702811245,-13.4670487106017
"Martin Luther King Jr. Middle",2023,"Montgomery",302,890,33.9325842696629,-27.7511961722488
"Wheaton Woods Elementary",2021,"Montgomery",302,494,61.1336032388664,-5.625
"Accokeek Academy",2023,"Prince Georges",301,1567,19.2086790044671,12.7340823970038
"Bay-Brook Elementary/Middle",2025,"Baltimore City",301,706,42.6345609065156,17.578125
"Bel Pre Elementary",2026,"Montgomery",301,540,55.7407407407407,-6.52173913043478
"Lakelands Park Middle",2021,"Montgomery",301,1182,25.4653130287648,1.00671140939597
"Lindale Middle",2024,"Anne Arundel",301,1174,25.6388415672913,4.15224913494809
"Patterson Park Public Charter School",2021,"Baltimore City",301,742,40.5660377358491,6.73758865248226
"Rock View Elementary",2024,"Montgomery",301,570,52.8070175438596,-2.90322580645161
"Rosemont Elementary",2020,"Montgomery",301,645,46.6666666666667,NA
"Rosemont Elementary",2023,"Montgomery",301,615,48.9430894308943,15.7692307692308
"Glenallan Elementary",2022,"Montgomery",300,689,43.5413642960813,-1.63934426229508
"Guilford Park High",2025,"Howard",300,1218,24.6305418719212,58.7301587301587
"International High School @ Langley Park",2020,"Prince Georges",300,340,88.2352941176471,NA
"International High School @ Langley Park",2022,"Prince Georges",300,337,89.0207715133531,6.38297872340425
"Reservoir High",2026,"Howard",300,1499,20.0133422281521,-1.96078431372549
"Summit Hall Elementary",2025,"Montgomery",300,413,72.6392251815981,-6.25
"Beacon Heights Elementary",2023,"Prince Georges",299,381,78.4776902887139,-4.16666666666666
"Clay Hill Public Charter School",2026,"Baltimore City",299,402,74.3781094527363,18.6507936507937
"Franklin Middle",2024,"Baltimore County",299,1165,25.6652360515021,32.3008849557522
"Marley Middle",2024,"Anne Arundel",299,990,30.2020202020202,9.52380952380953
"Berwyn Heights Elementary",2021,"Prince Georges",298,447,66.6666666666667,-1.32450331125827
"Lakelands Park Middle",2020,"Montgomery",298,1200,24.8333333333333,NA
"National Academy Foundation",2020,"Baltimore City",298,830,35.9036144578313,NA
"Oakland Mills High",2022,"Howard",298,1336,22.3053892215569,6.04982206405693
"Padonia International Elementary",2024,"Baltimore County",298,567,52.5573192239859,6.81003584229392
"Cooper Lane Elementary",2021,"Prince Georges",297,481,61.7463617463617,-8.33333333333334
"Lakelands Park Middle",2026,"Montgomery",297,992,29.9395161290323,4.94699646643109
"Oaklands Elementary",2025,"Prince Georges",297,483,61.4906832298137,7.22021660649819
"Summit Hall Elementary",2026,"Montgomery",297,407,72.972972972973,-1
"Captain James E. Daly Elementary",2022,"Montgomery",296,521,56.8138195777351,-3.8961038961039
"Scotchtown Hills Elementary",2020,"Prince Georges",296,678,43.6578171091445,NA
"John T. Baker Middle School",2026,"Montgomery",295,819,36.019536019536,0.6825938566553
"Roberto W. Clemente Middle",2023,"Montgomery",295,857,34.4224037339557,-9.78593272171254
"Berwyn Heights Elementary",2025,"Prince Georges",294,421,69.833729216152,-12.5
"Harriet R. Tubman Elementary",2023,"Montgomery",294,440,66.8181818181818,NA
"International High School @ Largo",2024,"Prince Georges",294,362,81.2154696132597,-7.83699059561128
"Twinbrook Elementary",2023,"Montgomery",294,489,60.1226993865031,-5.76923076923077
"John T. Baker Middle School",2025,"Montgomery",293,841,34.8394768133175,6.93430656934306
"Cooper Lane Elementary",2022,"Prince Georges",292,453,64.4591611479029,-1.68350168350169
"Fairmont Heights High",2022,"Prince Georges",292,933,31.2968917470525,22.1757322175732
"Flintstone Elementary",2020,"Prince Georges",292,449,65.0334075723831,NA
"Forest Knolls Elementary",2020,"Montgomery",292,755,38.6754966887417,NA
"Glen Haven Elementary",2024,"Montgomery",292,564,51.7730496453901,3.54609929078014
"Lansdowne Middle",2020,"Baltimore County",292,866,33.7182448036951,NA
"Thurgood Marshall Middle",2025,"Prince Georges",292,707,41.3012729844413,13.6186770428016
"Washington Grove Elementary",2020,"Montgomery",292,462,63.2034632034632,NA
"Waters Landing Elementary",2025,"Montgomery",292,735,39.7278911564626,5.03597122302157
"Butterfly Ridge Elementary",2026,"Frederick",291,630,46.1904761904762,1.74825174825175
"Charles Herbert Flowers High",2023,"Prince Georges",291,2569,11.3273647333593,8.98876404494382
"G. James Gholson Middle",2023,"Prince Georges",291,867,33.5640138408304,18.2926829268293
"Holabird Middle",2021,"Baltimore County",291,945,30.7936507936508,0.69204152249136
"Padonia International Elementary",2025,"Baltimore County",291,505,57.6237623762376,-2.34899328859061
"Bel Pre Elementary",2021,"Montgomery",290,549,52.8233151183971,-13.4328358208955
"Captain James E. Daly Elementary",2023,"Montgomery",290,515,56.3106796116505,-2.02702702702703
"Fallstaff Elementary/Middle",2022,"Baltimore City",290,523,55.4493307839388,11.969111969112
"North Caroline High School",2024,"Caroline",290,1237,23.4438156831043,3.20284697508897
"North Hagerstown High",2024,"Washington",290,1558,18.6136071887035,16
"Rosemont Elementary",2026,"Montgomery",290,593,48.9038785834739,6.61764705882353
"Friendly High",2023,"Prince Georges",289,881,32.8036322360953,31.9634703196347
"Glen Haven Elementary",2025,"Montgomery",289,540,53.5185185185185,-1.02739726027398
"Holabird Middle",2020,"Baltimore County",289,970,29.7938144329897,NA
"Lindale Middle",2023,"Anne Arundel",289,1178,24.5331069609508,17.9591836734694
"Walker Mill Middle",2026,"Prince Georges",289,1050,27.5238095238095,2.84697508896796
"Fox Chapel Elementary",2025,"Montgomery",288,617,46.677471636953,2.49110320284698
"Waters Landing Elementary",2026,"Montgomery",288,744,38.7096774193548,-1.36986301369864
"Germantown Elementary",2020,"Anne Arundel",287,512,56.0546875,NA
"Scotchtown Hills Elementary",2026,"Prince Georges",287,611,46.9721767594108,1.41342756183747
"Sligo Middle",2025,"Montgomery",287,685,41.8978102189781,5.12820512820513
"Twinbrook Elementary",2025,"Montgomery",287,459,62.5272331154684,2.13523131672597
"Walter S. Mills - Parole Elementary",2026,"Anne Arundel",287,492,58.3333333333333,-13.2930513595166
"Butterfly Ridge Elementary",2025,"Frederick",286,607,47.1169686985173,0.704225352112675
"Oaklands Elementary",2026,"Prince Georges",286,478,59.8326359832636,-3.70370370370371
"Benjamin Franklin High School At Masonville Cove",2022,"Baltimore City",285,698,40.8309455587393,22.8448275862069
"Crossland High",2025,"Prince Georges",285,1094,26.0511882998172,-10.377358490566
"Rocky Hill Middle",2021,"Montgomery",285,986,28.9046653144016,85.0649350649351
"Sligo Middle",2022,"Montgomery",285,718,39.6935933147632,-8.06451612903226
"Thomas Stone High School",2026,"Charles",285,1198,23.7896494156928,5.55555555555556
"Berwyn Heights Elementary",2026,"Prince Georges",284,414,68.5990338164251,-3.40136054421769
"Butterfly Ridge Elementary",2024,"Frederick",284,619,45.8804523424879,1.42857142857142
"Crossland High",2022,"Prince Georges",284,1004,28.2868525896414,3.64963503649636
"Kenwood High",2023,"Baltimore County",284,1908,14.8846960167715,15.4471544715447
"Strawberry Knoll Elementary",2020,"Montgomery",284,651,43.6251920122888,NA
"Waters Landing Elementary",2022,"Montgomery",284,720,39.4444444444444,7.16981132075472
"Lakelands Park Middle",2025,"Montgomery",283,993,28.4994964753273,2.53623188405796
"Martin Luther King Jr. Middle",2021,"Montgomery",283,888,31.8693693693694,-22.8882833787466
"Scotchtown Hills Elementary",2025,"Prince Georges",283,589,48.0475382003396,2.16606498194947
"Southern High",2025,"Anne Arundel",283,1080,26.2037037037037,10.546875
"Southern High",2026,"Anne Arundel",283,1042,27.1593090211132,0
"William Paca Elementary",2025,"Baltimore City",283,414,68.3574879227053,29.8165137614679
"Woodridge Elementary",2024,"Prince Georges",283,332,85.2409638554217,10.1167315175097
"Cooper Lane Elementary",2025,"Prince Georges",282,407,69.2874692874693,-8.14332247557004
"Cooper Lane Elementary",2026,"Prince Georges",282,387,72.8682170542636,0
"Glen Haven Elementary",2023,"Montgomery",282,551,51.1796733212341,14.6341463414634
"Holabird Academy",2022,"Baltimore City",282,489,57.6687116564417,17.0124481327801
"International High School @ Langley Park",2021,"Prince Georges",282,317,88.9589905362776,-6.00000000000001
"Norwood Elementary",2025,"Baltimore County",282,521,54.126679462572,7.22433460076046
"Owings Mills High",2026,"Baltimore County",282,922,30.58568329718,-14.8036253776435
"Patterson Park Public Charter School",2020,"Baltimore City",282,733,38.4720327421555,NA
"Accokeek Academy",2026,"Prince Georges",281,1414,19.8727015558699,-8.16993464052288
"Dundalk Elementary",2024,"Baltimore County",281,745,37.7181208053691,13.7651821862348
"Fox Chapel Elementary",2024,"Montgomery",281,598,46.9899665551839,1.44404332129964
"International High School @ Largo",2025,"Prince Georges",281,354,79.3785310734463,-4.421768707483
"North Caroline High School",2023,"Caroline",281,1226,22.9200652528548,17.0833333333333
"Oakland Mills High",2021,"Howard",281,1269,22.1434200157604,6.84410646387832
"Redland Middle",2021,"Montgomery",281,646,43.4984520123839,11.5079365079365
"Twinbrook Elementary",2024,"Montgomery",281,461,60.9544468546638,-4.421768707483
"Walker Mill Middle",2025,"Prince Georges",281,1054,26.6603415559772,22.707423580786
"Waters Landing Elementary",2023,"Montgomery",281,753,37.3173970783533,-1.05633802816901
"Butterfly Ridge Elementary",2023,"Frederick",280,625,44.8,-8.79478827361564
"Rosemont Elementary",2024,"Montgomery",280,595,47.0588235294118,-6.97674418604651
"Brooklyn Park Middle",2026,"Anne Arundel",279,821,33.9829476248477,4.1044776119403
"Easton High",2022,"Talbot",279,1172,23.8054607508532,6.08365019011408
"Germantown Elementary",2022,"Anne Arundel",279,500,55.8,272
"Hollywood Elementary",2023,"Prince Georges",279,484,57.6446280991736,1113.04347826087
"Hyattsville Elementary",2020,"Prince Georges",279,508,54.9212598425197,NA
"Martin Luther King Jr. Middle",2026,"Montgomery",279,773,36.0931435963778,-9.12052117263844
"Padonia International Elementary",2023,"Baltimore County",279,565,49.3805309734513,2.95202952029521
"Woodlawn High",2022,"Baltimore County",279,1769,15.7716223855285,12.9554655870445
"Fox Chapel Elementary",2020,"Montgomery",278,611,45.4991816693944,NA
"Rosemont Elementary",2021,"Montgomery",278,602,46.1794019933555,-7.64119601328903
"Waters Landing Elementary",2024,"Montgomery",278,717,38.7726638772664,-1.06761565836299
"Dr. Henry A. Wise, Jr. High",2020,"Prince Georges",277,2220,12.4774774774775,NA
"Fox Chapel Elementary",2023,"Montgomery",277,593,46.7116357504216,5.32319391634981
"Oak View Elementary",2020,"Montgomery",277,423,65.4846335697399,NA
"Oaklands Elementary",2024,"Prince Georges",277,462,59.95670995671,24.7747747747748
"Scotchtown Hills Elementary",2024,"Prince Georges",277,568,48.7676056338028,-8.88157894736842
"Butterfly Ridge Elementary",2021,"Frederick",276,649,42.5269645608629,0.72992700729928
"Glen Haven Elementary",2026,"Montgomery",276,500,55.2,-4.49826989619377
"Lakelands Park Middle",2022,"Montgomery",276,1074,25.6983240223464,-8.30564784053156
"Lakelands Park Middle",2024,"Montgomery",276,1014,27.2189349112426,1.47058823529411
"Washington Grove Elementary",2025,"Montgomery",276,480,57.5,1.09890109890109
"Scotchtown Hills Elementary",2022,"Prince Georges",275,624,44.0705128205128,4.16666666666667
"Twinbrook Elementary",2026,"Montgomery",275,437,62.929061784897,-4.18118466898955
"Butterfly Ridge Elementary",2020,"Frederick",274,675,40.5925925925926,NA
"Crestwood Middle",2024,"Frederick",274,747,36.6800535475234,1.10701107011071
"Crossland High",2021,"Prince Georges",274,957,28.6311389759666,-14.375
"Fox Chapel Elementary",2026,"Montgomery",274,590,46.4406779661017,-4.86111111111112
"John T. Baker Middle School",2024,"Montgomery",274,842,32.541567695962,4.18250950570342
"Lamont Elementary",2023,"Prince Georges",274,453,60.485651214128,-15.1702786377709
"Owings Mills Elementary",2023,"Baltimore County",274,745,36.7785234899329,5.7915057915058
"Reservoir High",2020,"Howard",274,1624,16.871921182266,NA
"Riverview Elementary",2025,"Baltimore County",274,552,49.6376811594203,7.8740157480315
"Sligo Middle",2026,"Montgomery",274,700,39.1428571428571,-4.52961672473867
"Woodridge Elementary",2020,"Prince Georges",274,324,84.5679012345679,NA
"Kenmoor Middle",2024,"Prince Georges",273,914,29.8687089715536,5
"Marley Middle",2023,"Anne Arundel",273,924,29.5454545454545,5.8139534883721
"Padonia International Elementary",2026,"Baltimore County",273,491,55.6008146639511,-6.18556701030928
"Sligo Middle",2024,"Montgomery",273,702,38.8888888888889,5.40540540540539
"Stedwick Elementary",2020,"Montgomery",273,537,50.8379888268156,NA
"Strawberry Knoll Elementary",2022,"Montgomery",273,598,45.6521739130435,3.0188679245283
"Washington Grove Elementary",2024,"Montgomery",273,459,59.4771241830065,8.33333333333333
"William W. Hall Academy",2026,"Prince Georges",273,456,59.8684210526316,7.90513833992095
"Brookhaven Elementary",2025,"Montgomery",272,436,62.3853211009174,4.21455938697317
"Captain James E. Daly Elementary",2024,"Montgomery",272,502,54.1832669322709,-6.20689655172414
"Captain James E. Daly Elementary",2025,"Montgomery",272,472,57.6271186440678,0
"Lakelands Park Middle",2023,"Montgomery",272,1042,26.1036468330134,-1.44927536231884
"Lamont Elementary",2026,"Prince Georges",272,450,60.4444444444444,6.25
"Overlea High",2026,"Baltimore County",272,1611,16.8839230291744,23.0769230769231
"Owings Mills Elementary",2020,"Baltimore County",272,793,34.3001261034048,NA
"Rosemont Elementary",2025,"Montgomery",272,564,48.2269503546099,-2.85714285714286
"South Hagerstown High",2022,"Washington",272,1417,19.1954834156669,28.3018867924528
"Central High",2024,"Prince Georges",271,803,33.7484433374844,-14.2405063291139
"Crestwood Middle",2023,"Frederick",271,739,36.6711772665765,45.6989247311828
"Germantown Elementary",2021,"Anne Arundel",271,485,55.8762886597938,251.948051948052
"Padonia International Elementary",2022,"Baltimore County",271,537,50.4655493482309,14.3459915611814
"Riverview Elementary",2026,"Baltimore County",271,554,48.9169675090253,-1.09489051094891
"Hollywood Elementary",2020,"Prince Georges",270,458,58.9519650655022,NA
"North Point High School",2026,"Charles",270,1987,13.5883241066935,14.406779661017
"Oak View Elementary",2021,"Montgomery",270,419,64.4391408114558,-2.52707581227437
"Thomas Stone High School",2025,"Charles",270,1230,21.9512195121951,13.9240506329114
"Germantown Elementary",2024,"Anne Arundel",269,481,55.9251559251559,240.506329113924
"Parkville High",2026,"Baltimore County",269,1723,15.6123041207197,-28.0748663101604
"Brooklyn Park Middle",2025,"Anne Arundel",268,784,34.1836734693878,15.5172413793103
"Germantown Elementary",2023,"Anne Arundel",268,482,55.6016597510373,252.631578947368
"Lamont Elementary",2024,"Prince Georges",268,461,58.1344902386117,-2.18978102189781
"Owings Mills Elementary",2024,"Baltimore County",268,722,37.1191135734072,-2.18978102189781
"Prince Street School",2025,"Wicomico",268,976,27.4590163934426,13.5593220338983
"Rock Creek Forest Elementary",2025,"Montgomery",268,690,38.8405797101449,3.87596899224807
"Surrattsville High",2025,"Prince Georges",268,875,30.6285714285714,39.5833333333333
"Walt Whitman High",2026,"Montgomery",268,2002,13.3866133866134,3.87596899224807
"Accokeek Academy",2022,"Prince Georges",267,1609,16.5941578620261,23.6111111111111
"Beacon Heights Elementary",2025,"Prince Georges",267,342,78.0701754385965,-14.1479099678457
"Charles Herbert Flowers High",2022,"Prince Georges",267,2457,10.8669108669109,30.8823529411765
"College Park Academy",2026,"Prince Georges",267,682,39.1495601173021,0.754716981132075
"Easton High",2020,"Talbot",267,1224,21.8137254901961,NA
"Martin Luther King Jr. Middle",2020,"Montgomery",267,764,34.9476439790576,NA
"Fallstaff Elementary/Middle",2020,"Baltimore City",266,526,50.5703422053232,NA
"Flintstone Elementary",2021,"Prince Georges",266,410,64.8780487804878,NA
"Fox Chapel Elementary",2021,"Montgomery",266,589,45.1612903225806,-4.31654676258992
"Laurel Elementary",2026,"Prince Georges",266,424,62.7358490566038,-13.6363636363636
"Woodridge Elementary",2021,"Prince Georges",266,314,84.7133757961784,-2.91970802919708
"Berkshire Elementary",2026,"Baltimore County",265,552,48.0072463768116,15.2173913043478
"College Park Academy",2025,"Prince Georges",265,682,38.8563049853372,12.7659574468085
"Strathmore Elementary",2023,"Montgomery",265,487,54.4147843942505,13.7339055793992
"Strawberry Knoll Elementary",2021,"Montgomery",265,594,44.6127946127946,-6.69014084507042
"Waters Landing Elementary",2021,"Montgomery",265,673,39.3759286775632,6.85483870967742
"Flower Hill Elementary",2025,"Montgomery",264,454,58.1497797356828,4.34782608695652
"Park Elementary",2026,"Anne Arundel",264,583,45.2830188679245,14.7826086956522
"Rock Creek Forest Elementary",2026,"Montgomery",264,708,37.2881355932203,-1.49253731343284
"Scotchtown Hills Elementary",2021,"Prince Georges",264,619,42.6494345718901,-10.8108108108108
"Strathmore Elementary",2025,"Montgomery",264,464,56.8965517241379,2.7237354085603
"Wiley H. Bates Middle",2026,"Anne Arundel",264,708,37.2881355932203,5.6
"Broadneck High",2026,"Anne Arundel",263,2082,12.6320845341018,2.734375
"Corkran Middle School",2026,"Anne Arundel",263,568,46.3028169014084,4.36507936507937
"Easton High",2021,"Talbot",263,1170,22.4786324786325,-1.49812734082397
"Flower Hill Elementary",2026,"Montgomery",263,453,58.0573951434879,-0.378787878787878
"Fox Chapel Elementary",2022,"Montgomery",263,573,45.8987783595113,-1.12781954887218
"Franklin High",2023,"Baltimore County",263,1504,17.4867021276596,17.9372197309417
"International High School @ Largo",2026,"Prince Georges",263,327,80.4281345565749,-6.40569395017794
"Jackson Road Elementary",2023,"Montgomery",263,661,39.7881996974281,7.3469387755102
"John T. Baker Middle School",2023,"Montgomery",263,825,31.8787878787879,3.95256916996047
"Lucy V. Barnsley Elementary",2023,"Montgomery",263,657,40.0304414003044,6.91056910569106
"Norwood Elementary",2024,"Baltimore County",263,519,50.6743737957611,4.7808764940239
"Oakland Mills High",2020,"Howard",263,1246,21.107544141252,NA
"Stedwick Elementary",2021,"Montgomery",263,516,50.968992248062,-3.66300366300366
"University Park Elementary",2025,"Prince Georges",263,538,48.8847583643123,10.0418410041841
"Bay-Brook Elementary/Middle",2023,"Baltimore City",262,710,36.9014084507042,1.15830115830116
"Central High",2020,"Prince Georges",262,798,32.8320802005013,NA
"Easton Middle",2026,"Talbot",262,725,36.1379310344828,12.9310344827586
"Hyattsville Elementary",2021,"Prince Georges",262,477,54.9266247379455,-6.09318996415771
"Monarch Academy Annapolis Es",2026,"Anne Arundel",262,617,42.4635332252836,4.8
"Patapsco High And Center For Arts",2026,"Baltimore County",262,1346,19.4650817236256,15.929203539823
"Brookhaven Elementary",2024,"Montgomery",261,426,61.2676056338028,7.40740740740742
"G. James Gholson Middle",2024,"Prince Georges",261,749,34.8464619492657,-10.3092783505155
"Hollywood Elementary",2022,"Prince Georges",261,478,54.602510460251,866.666666666667
"Jackson Road Elementary",2021,"Montgomery",261,696,37.5,2.35294117647058
"Oak View Elementary",2024,"Montgomery",261,409,63.8141809290954,3.57142857142858
"Oak View Elementary",2025,"Montgomery",261,423,61.7021276595745,0
"Ridgeview Middle",2021,"Montgomery",261,792,32.9545454545455,9.20502092050208
"South River High",2025,"Anne Arundel",261,1680,15.5357142857143,9.6638655462185
"Strawberry Knoll Elementary",2023,"Montgomery",261,500,52.2,-4.39560439560439
"Cresthaven Elementary",2020,"Montgomery",260,505,51.4851485148515,NA
"Goshen Elementary",2025,"Montgomery",260,494,52.6315789473684,3.17460317460319
"Kenmoor Middle",2023,"Prince Georges",260,929,27.9870828848224,0.775193798449614
"Norwood Elementary",2026,"Baltimore County",260,508,51.1811023622047,-7.80141843971631
"Redland Middle",2022,"Montgomery",260,614,42.3452768729642,-7.47330960854092
"Rosemont Elementary",2022,"Montgomery",260,595,43.6974789915966,-6.4748201438849
"Bay-Brook Elementary/Middle",2022,"Baltimore City",259,708,36.5819209039548,26.9607843137255
"Brookhaven Elementary",2026,"Montgomery",259,409,63.3251833740831,-4.77941176470589
"Colgate Elementary",2021,"Baltimore County",259,458,56.5502183406114,9.28270042194093
"Fallstaff Elementary/Middle",2021,"Baltimore City",259,510,50.7843137254902,-2.63157894736842
"Owings Mills Elementary",2022,"Baltimore County",259,750,34.5333333333333,11.6379310344828
"Padonia International Elementary",2020,"Baltimore County",259,524,49.4274809160305,NA
"Ridgeview Middle",2024,"Montgomery",259,749,34.5794392523364,4.43548387096775
"Sligo Middle",2023,"Montgomery",259,676,38.3136094674556,-9.12280701754385
"Urbana High",2024,"Frederick",259,2012,12.8727634194831,4.01606425702812
"Crossland High",2026,"Prince Georges",258,1079,23.9110287303058,-9.47368421052631
"Drew-Freeman Middle",2025,"Prince Georges",258,1022,25.2446183953033,0.389105058365757
"Dundalk Middle",2025,"Baltimore County",258,598,43.1438127090301,-30.4582210242588
"Jackson Road Elementary",2024,"Montgomery",258,647,39.8763523956723,-1.90114068441065
"Kenmoor Middle",2022,"Prince Georges",258,951,27.1293375394322,4.87804878048781
"Marley Middle",2022,"Anne Arundel",258,940,27.4468085106383,7.05394190871369
"Rock Creek Forest Elementary",2021,"Montgomery",258,734,35.149863760218,4.45344129554657
"Rock Creek Forest Elementary",2024,"Montgomery",258,669,38.5650224215247,8.86075949367089
"Walt Whitman High",2025,"Montgomery",258,2056,12.5486381322957,1.97628458498025
"Drew-Freeman Middle",2024,"Prince Georges",257,1075,23.906976744186,NA
"Flora M. Singer Elementary",2025,"Montgomery",257,653,39.3568147013783,6.63900414937759
"Glen Haven Elementary",2020,"Montgomery",257,511,50.293542074364,NA
"Stedwick Elementary",2024,"Montgomery",257,512,50.1953125,5.76131687242798
"Strathmore Elementary",2024,"Montgomery",257,469,54.7974413646055,-3.0188679245283
"Thurgood Marshall Middle",2024,"Prince Georges",257,731,35.1573187414501,NA
"Woodridge Elementary",2022,"Prince Georges",257,301,85.3820598006645,-3.38345864661654
"Woodridge Elementary",2023,"Prince Georges",257,300,85.6666666666667,0
"Bay-Brook Elementary/Middle",2024,"Baltimore City",256,683,37.4816983894583,-2.29007633587787
"Broadneck High",2025,"Anne Arundel",256,2143,11.945870275315,1.58730158730158
"Lamont Elementary",2025,"Prince Georges",256,460,55.6521739130435,-4.47761194029851
"Oak View Elementary",2026,"Montgomery",256,423,60.5200945626478,-1.91570881226054
"Roscoe R Nix Elementary",2024,"Montgomery",256,480,53.3333333333333,0.392156862745097
"Southern High",2024,"Anne Arundel",256,1073,23.8583410997204,9.87124463519313
"Urbana High",2025,"Frederick",256,1989,12.8707893413776,-1.15830115830116
"Wicomico High",2023,"Wicomico",256,1325,19.3207547169811,25.4901960784314
"William Paca Elementary",2023,"Baltimore City",256,450,56.8888888888889,64.1025641025641
"Woodridge Elementary",2026,"Prince Georges",256,299,85.61872909699,2.81124497991967
"Flora M. Singer Elementary School",2020,"Montgomery",255,683,37.3352855051244,NA
"Germantown Elementary",2025,"Anne Arundel",255,467,54.6038543897216,174.193548387097
"Jackson Road Elementary",2020,"Montgomery",255,732,34.8360655737705,NA
"Lincoln Elementary",2026,"Frederick",255,629,40.5405405405405,8.51063829787233
"Roscoe R Nix Elementary",2023,"Montgomery",255,473,53.9112050739958,1.59362549800797
"Stedwick Elementary",2022,"Montgomery",255,497,51.307847082495,-3.04182509505704
"Stedwick Elementary",2025,"Montgomery",255,492,51.8292682926829,-0.778210116731515
"Wicomico High",2025,"Wicomico",255,1304,19.5552147239264,0.393700787401574
"Clopper Mill Elementary",2020,"Montgomery",254,539,47.1243042671614,NA
"G. James Gholson Middle",2021,"Prince Georges",254,949,26.7650158061117,0.793650793650791
"Lucy V. Barnsley Elementary",2020,"Montgomery",254,737,34.4640434192673,NA
"Riverview Elementary",2024,"Baltimore County",254,553,45.9312839059675,8.54700854700854
"Urbana High",2026,"Frederick",254,2021,12.5680356259278,-0.78125
"Wicomico High",2024,"Wicomico",254,1307,19.433817903596,-0.78125
"Flower Hill Elementary",2024,"Montgomery",253,461,54.880694143167,2.01612903225807
"Hyattsville Elementary",2022,"Prince Georges",253,440,57.5,-3.43511450381679
"John T. Baker Middle School",2022,"Montgomery",253,832,30.4086538461538,11.4537444933921
"Owings Mills Elementary",2025,"Baltimore County",253,666,37.987987987988,-5.59701492537313
"Owings Mills Elementary",2026,"Baltimore County",253,636,39.7798742138365,0
"South River High",2026,"Anne Arundel",253,1651,15.3240460327075,-3.06513409961686
"Stephen Decatur Middle",2026,"Prince Georges",253,794,31.8639798488665,246.575342465753
"Walt Whitman High",2024,"Montgomery",253,2042,12.3898139079334,4.54545454545454
"Washington Grove Elementary",2021,"Montgomery",253,403,62.7791563275434,-13.3561643835616
"William W. Hall Academy",2024,"Prince Georges",253,515,49.126213592233,11.4537444933921
"William W. Hall Academy",2025,"Prince Georges",253,444,56.981981981982,0
"Arundel High",2026,"Anne Arundel",252,1818,13.8613861386139,1.20481927710843
"Briggs Chaney Middle",2026,"Montgomery",252,844,29.8578199052133,0.800000000000001
"Broadneck High",2024,"Anne Arundel",252,2172,11.6022099447514,4.5643153526971
"Brock Bridge Elementary",2024,"Anne Arundel",252,532,47.3684210526316,12.5
"Cesar Chavez Elementary",2024,"Prince Georges",252,371,67.9245283018868,5.43933054393306
"Clay Hill Public Charter School",2025,"Baltimore City",252,335,75.2238805970149,16.6666666666667
"Corkran Middle School",2025,"Anne Arundel",252,553,45.5696202531646,20
"Cresthaven Elementary",2021,"Montgomery",252,491,51.3238289205703,-3.07692307692308
"Flora M. Singer Elementary",2026,"Montgomery",252,642,39.2523364485981,-1.9455252918288
"G. James Gholson Middle",2020,"Prince Georges",252,898,28.0623608017817,NA
"Goshen Elementary",2024,"Montgomery",252,501,50.2994011976048,1.61290322580645
"Goshen Elementary",2026,"Montgomery",252,475,53.0526315789474,-3.07692307692308
"Maryland City Elementary",2026,"Anne Arundel",252,476,52.9411764705882,6.32911392405062
"Oak View Elementary",2023,"Montgomery",252,415,60.7228915662651,0.800000000000001
"Redland Middle",2020,"Montgomery",252,635,39.6850393700787,NA
"Washington Grove Elementary",2023,"Montgomery",252,434,58.0645161290323,2.4390243902439
"Baltimore Highlands Elementary",2023,"Baltimore County",251,523,47.9923518164436,2.8688524590164
"Brock Bridge Elementary",2020,"Anne Arundel",251,600,41.8333333333333,NA
"Judith A. Resnik Elementary",2020,"Montgomery",251,602,41.6943521594684,NA
"Norwood Elementary",2023,"Baltimore County",251,524,47.9007633587786,16.2037037037037
"Roscoe R Nix Elementary",2022,"Montgomery",251,470,53.4042553191489,5.02092050209204
"Shady Grove Middle",2026,"Montgomery",251,574,43.7282229965157,10.5726872246696
"Tayac Elementary",2026,"Prince Georges",251,519,48.3622350674374,13.0630630630631
"Tilden Middle",2023,"Montgomery",251,1100,22.8181818181818,NA
"Briggs Chaney Middle",2025,"Montgomery",250,858,29.1375291375291,8.22510822510822
"Lucy V. Barnsley Elementary",2026,"Montgomery",250,615,40.650406504065,2.45901639344261
"Monarch Academy Annapolis Es",2025,"Anne Arundel",250,634,39.4321766561514,48.8095238095238
"North Hagerstown High",2023,"Washington",250,1438,17.3852573018081,27.5510204081633
"Oak View Elementary",2022,"Montgomery",250,399,62.65664160401,-7.40740740740741
"Ridgeview Middle",2022,"Montgomery",250,772,32.3834196891192,-4.21455938697318
"Wiley H. Bates Middle",2025,"Anne Arundel",250,707,35.3606789250354,7.29613733905579
"William Paca Elementary",2022,"Baltimore City",250,479,52.1920668058455,52.4390243902439
"Arundel High",2025,"Anne Arundel",249,1778,14.0044994375703,16.3551401869159
"Baltimore Highlands Elementary",2020,"Baltimore County",249,551,45.1905626134301,NA
"Lucy V. Barnsley Elementary",2024,"Montgomery",249,646,38.5448916408669,-5.32319391634981
"Urbana High",2023,"Frederick",249,1940,12.8350515463918,4.18410041841004
"Wicomico High",2026,"Wicomico",249,1289,19.3173002327386,-2.35294117647059
"Woodridge Elementary",2025,"Prince Georges",249,299,83.2775919732441,-12.0141342756184
"Captain James E. Daly Elementary",2026,"Montgomery",248,463,53.5637149028078,-8.82352941176471
"Dundalk Middle",2020,"Baltimore County",248,793,31.2736443883985,NA
"Flower Hill Elementary",2023,"Montgomery",248,460,53.9130434782609,15.3488372093023
"Goshen Elementary",2023,"Montgomery",248,516,48.062015503876,1.63934426229508
"Phelps Luck Elementary",2023,"Howard",248,746,33.2439678284182,7.82608695652174
"Ridgeview Middle",2023,"Montgomery",248,751,33.0226364846871,-0.800000000000001
"Waters Landing Elementary",2020,"Montgomery",248,659,37.6327769347496,NA
"William Paca Elementary",2026,"Baltimore City",248,369,67.2086720867209,13.2420091324201
"Briggs Chaney Middle",2021,"Montgomery",247,978,25.2556237218814,4.66101694915255
"Cesar Chavez Elementary",2021,"Prince Georges",247,371,66.5768194070081,12.7853881278539
"Chillum Elementary",2023,"Prince Georges",247,368,67.1195652173913,12.2727272727273
"Dulaney High",2023,"Baltimore County",247,1821,13.563975837452,12.2727272727273
"Dundalk Elementary",2023,"Baltimore County",247,743,33.2436069986541,2.48962655601659
"Hollywood Elementary",2021,"Prince Georges",247,431,57.3085846867749,782.142857142857
"Lansdowne Elementary",2026,"Baltimore County",247,571,43.2574430823117,5.55555555555556
"Old Mill Middle South",2026,"Anne Arundel",247,1143,21.6097987751531,2.91666666666666
"Rock Creek Forest Elementary",2020,"Montgomery",247,760,32.5,NA
"Strawberry Knoll Elementary",2024,"Montgomery",247,470,52.5531914893617,-5.3639846743295
"Tilden Middle",2024,"Montgomery",247,1085,22.7649769585253,-1.59362549800797
"Woodlawn High",2021,"Baltimore County",247,1680,14.702380952381,NA
"G. James Gholson Middle",2022,"Prince Georges",246,897,27.4247491638796,-3.1496062992126
"Glen Haven Elementary",2022,"Montgomery",246,502,49.003984063745,3.79746835443038
"Judith A. Resnik Elementary",2021,"Montgomery",246,591,41.6243654822335,-1.99203187250996
"Kenmoor Middle",2021,"Prince Georges",246,962,25.5717255717256,0.408163265306127
"Kenwood High",2022,"Baltimore County",246,1821,13.5090609555189,26.8041237113402
"Lucy V. Barnsley Elementary",2021,"Montgomery",246,701,35.09272467903,-3.1496062992126
"Lucy V. Barnsley Elementary",2022,"Montgomery",246,689,35.7039187227866,0
"Maryland City Elementary",2024,"Anne Arundel",246,431,57.07656612529,8.84955752212388
"South River High",2023,"Anne Arundel",246,1649,14.9181322013341,2.07468879668049
"St. Charles High School",2026,"Charles",246,1530,16.078431372549,10.8108108108108
"Stedwick Elementary",2026,"Montgomery",246,480,51.25,-3.52941176470588
"Washington Grove Elementary",2022,"Montgomery",246,397,61.9647355163728,-2.76679841897233
"Bayard Rustin Elementary",2025,"Montgomery",245,757,32.3645970937913,0.409836065573765
"Briggs Chaney Middle",2022,"Montgomery",245,943,25.9809119830329,-0.80971659919028
"Flora M. Singer Elementary School",2022,"Montgomery",245,619,39.5799676898223,6.52173913043479
"Goshen Elementary",2020,"Montgomery",245,571,42.907180385289,NA
"Jackson Road Elementary",2022,"Montgomery",245,660,37.1212121212121,-6.13026819923371
"Kenmoor Middle",2020,"Prince Georges",245,964,25.4149377593361,NA
"Lindale Middle",2022,"Anne Arundel",245,1185,20.6751054852321,10.3603603603604
"Monocacy Middle",2025,"Frederick",245,710,34.5070422535211,-37.8172588832487
"University Park Elementary",2026,"Prince Georges",245,540,45.3703703703704,-6.84410646387833
"Baltimore Highlands Elementary",2022,"Baltimore County",244,506,48.2213438735178,9.4170403587444
"Bayard Rustin Elementary",2024,"Montgomery",244,787,31.0038119440915,3.82978723404255
"Central High",2021,"Prince Georges",244,777,31.4028314028314,-6.87022900763359
"Cesar Chavez Elementary",2025,"Prince Georges",244,355,68.7323943661972,-3.17460317460317
"Columbia Park Elementary",2023,"Prince Georges",244,498,48.995983935743,4.72103004291846
"Goshen Elementary",2022,"Montgomery",244,517,47.1953578336557,3.38983050847457
"Hammond High",2023,"Howard",244,1287,18.958818958819,3.38983050847457
"Hyattsville Elementary",2023,"Prince Georges",244,423,57.6832151300236,-3.55731225296443
"Lucy V. Barnsley Elementary",2025,"Montgomery",244,621,39.2914653784219,-2.00803212851406
"Maryvale Elementary",2023,"Montgomery",244,631,38.6687797147385,10.4072398190045
"Redland Middle",2023,"Montgomery",244,571,42.7320490367776,-6.15384615384615
"Brookhaven Elementary",2020,"Montgomery",243,467,52.03426124197,NA
"Brookhaven Elementary",2023,"Montgomery",243,410,59.2682926829268,8.96860986547086
"Great Mills High",2024,"Saint Marys",243,1748,13.9016018306636,5.1948051948052
"Maryvale Elementary",2024,"Montgomery",243,631,38.5103011093502,-0.409836065573765
"Montgomery Knolls Elementary",2022,"Montgomery",243,519,46.8208092485549,13.0232558139535
"Rock Creek Forest Elementary",2022,"Montgomery",243,691,35.1664254703329,-5.81395348837209
"Stedwick Elementary",2023,"Montgomery",243,501,48.502994011976,-4.70588235294118
"Sudbrook Magnet Middle",2023,"Baltimore County",243,929,26.1571582346609,3.40425531914894
"Brock Bridge Elementary",2026,"Anne Arundel",242,528,45.8333333333333,1.68067226890756
"Cesar Chavez Elementary",2022,"Prince Georges",242,360,67.2222222222222,-2.02429149797571
"Cresthaven Elementary",2025,"Montgomery",242,474,51.0548523206751,9.50226244343892
"Gladys Noon Spellman Elementary",2025,"Prince Georges",242,518,46.7181467181467,21
"Strathmore Elementary",2021,"Montgomery",242,491,49.2871690427699,9.50226244343892
"Strathmore Elementary",2026,"Montgomery",242,434,55.7603686635945,-8.33333333333334
"Urbana High",2021,"Frederick",242,1908,12.6834381551363,9.50226244343892
"Walt Whitman High",2023,"Montgomery",242,2018,11.99207135778,6.60792951541851
"Broadneck High",2023,"Anne Arundel",241,2174,11.0855565777369,3.43347639484979
"Cesar Chavez Elementary",2026,"Prince Georges",241,363,66.3911845730028,-1.22950819672131
"Dundalk Elementary",2022,"Baltimore County",241,781,30.8578745198464,36.9318181818182
"Flora M. Singer Elementary",2024,"Montgomery",241,618,38.9967637540453,2.1186440677966
"Holabird Academy",2021,"Baltimore City",241,475,50.7368421052632,NA
"Jackson Road Elementary",2025,"Montgomery",241,623,38.6837881219904,-6.58914728682171
"Marley Middle",2021,"Anne Arundel",241,956,25.2092050209205,13.1455399061033
"Paint Branch Elementary",2026,"Prince Georges",241,544,44.3014705882353,1.26050420168067
"Shady Grove Middle",2021,"Montgomery",241,578,41.6955017301038,1.26050420168067
"South River High",2022,"Anne Arundel",241,1787,13.4862898712927,5.70175438596492
"William Paca Elementary",2024,"Baltimore City",241,417,57.7937649880096,18.7192118226601
"Edgewood High",2026,"Harford",240,1399,17.1551107934239,2.12765957446808
"Flintstone Elementary",2025,"Prince Georges",240,367,65.3950953678474,NA
"North Caroline High School",2022,"Caroline",240,1180,20.3389830508475,12.6760563380282
"Old Mill Middle South",2025,"Anne Arundel",240,1173,20.460358056266,23.0769230769231
"Roscoe R Nix Elementary",2020,"Montgomery",240,482,49.792531120332,NA
"Cesar Chavez Elementary",2023,"Prince Georges",239,355,67.3239436619718,-1.2396694214876
"Fairmont Heights High",2021,"Prince Georges",239,910,26.2637362637363,18.9054726368159
"Flintstone Elementary",2024,"Prince Georges",239,380,62.8947368421053,NA
"Holabird Elementary/Middle",2020,"Baltimore City",239,504,47.4206349206349,NA
"John T. Baker Middle School",2020,"Montgomery",239,830,28.7951807228916,NA
"Meadow Hall Elementary",2020,"Montgomery",239,407,58.7223587223587,NA
"Montgomery Knolls Elementary",2024,"Montgomery",239,506,47.2332015810277,0.843881856540074
"Ridgeview Middle",2020,"Montgomery",239,784,30.484693877551,NA
"Roscoe R Nix Elementary",2021,"Montgomery",239,481,49.6881496881497,-0.416666666666665
"University Park Elementary",2024,"Prince Georges",239,535,44.6728971962617,49.375
"Urbana High",2022,"Frederick",239,1929,12.3898392949715,-1.2396694214876
"Brock Bridge Elementary",2025,"Anne Arundel",238,514,46.3035019455253,-5.55555555555556
"Deerfield Run Elementary",2020,"Prince Georges",238,619,38.4491114701131,NA
"Jackson Road Elementary",2026,"Montgomery",238,620,38.3870967741935,-1.24481327800829
"Lincoln Elementary",2024,"Frederick",238,625,38.08,5.30973451327434
"Mayfield Woods Middle",2025,"Howard",238,731,32.5581395348837,17.2413793103448
"Nottingham Middle",2025,"Baltimore County",238,1279,18.608287724785,NA
"Paint Branch Elementary",2025,"Prince Georges",238,488,48.7704918032787,3.93013100436681
"Prince Street School",2023,"Wicomico",238,854,27.8688524590164,26.5957446808511
"Ridgeview Middle",2025,"Montgomery",238,722,32.9639889196676,-8.1081081081081
"Shady Grove Middle",2020,"Montgomery",238,575,41.3913043478261,NA
"South River High",2024,"Anne Arundel",238,1634,14.5654834761322,-3.2520325203252
"Central High",2022,"Prince Georges",237,750,31.6,-2.86885245901639
"Colgate Elementary",2020,"Baltimore County",237,433,54.7344110854504,NA
"Flintstone Elementary",2023,"Prince Georges",237,384,61.71875,NA
"Glen Haven Elementary",2021,"Montgomery",237,480,49.375,-7.78210116731517
"Great Mills High",2025,"Saint Marys",237,1697,13.9658220388922,-2.46913580246914
"Maryland City Elementary",2025,"Anne Arundel",237,450,52.6666666666667,-3.65853658536586
"Montgomery Knolls Elementary",2023,"Montgomery",237,515,46.0194174757282,-2.46913580246914
"Padonia International Elementary",2021,"Baltimore County",237,508,46.6535433070866,-8.4942084942085
"Rock Creek Forest Elementary",2023,"Montgomery",237,673,35.2154531946508,-2.46913580246914
"Thomas Stone High School",2024,"Charles",237,1173,20.2046035805627,0.423728813559321
"Wiley H. Bates Middle",2023,"Anne Arundel",237,682,34.7507331378299,3.4934497816594
"Briggs Chaney Middle",2020,"Montgomery",236,936,25.2136752136752,NA
"Crofton High School",2024,"Anne Arundel",236,1896,12.4472573839662,9.25925925925926
"Flintstone Elementary",2026,"Prince Georges",236,358,65.9217877094972,NA
"Flora M. Singer Elementary",2023,"Montgomery",236,634,37.2239747634069,NA
"Goshen Elementary",2021,"Montgomery",236,522,45.2107279693487,-3.6734693877551
"Hammond High",2022,"Howard",236,1306,18.0704441041348,2.60869565217392
"Hyattsville Elementary",2024,"Prince Georges",236,421,56.0570071258907,-3.27868852459017
"Martin Luther King, Jr. Middle",2024,"Prince Georges",236,628,37.5796178343949,NA
"North Point High School",2025,"Charles",236,1960,12.0408163265306,5.82959641255605
"Prince Street School",2024,"Wicomico",236,878,26.879271070615,-0.840336134453779
"Suitland High",2024,"Prince Georges",236,1719,13.7289121582315,15.1219512195122
"Thomas Stone High School",2023,"Charles",236,1177,20.0509770603229,11.8483412322275
"Tilden Middle",2025,"Montgomery",236,1112,21.2230215827338,-4.45344129554656
"Bayard Rustin Elementary",2023,"Montgomery",235,758,31.0026385224274,10.3286384976526
"Chillum Elementary",2026,"Prince Georges",235,298,78.8590604026846,2.17391304347827
"College Park Academy",2024,"Prince Georges",235,681,34.5080763582966,5.3811659192825
"Cresthaven Elementary",2023,"Montgomery",235,472,49.7881355932203,3.52422907488987
"Edgewood High",2025,"Harford",235,1440,16.3194444444444,2.17391304347827
"James M. Bennett High",2020,"Wicomico",235,1567,14.9968091895341,NA
"Lincoln Elementary",2025,"Frederick",235,615,38.2113821138211,-1.26050420168067
"North Bethesda Middle",2026,"Montgomery",235,1229,19.1212367778682,3.98230088495575
"Sudbrook Magnet Middle",2022,"Baltimore County",235,971,24.2018537590113,10.3286384976526
"Broadneck High",2021,"Anne Arundel",234,2233,10.4791759964174,10.377358490566
"Brock Bridge Elementary",2021,"Anne Arundel",234,543,43.0939226519337,-6.77290836653387
"Great Mills High",2026,"Saint Marys",234,1675,13.9701492537313,-1.26582278481012
"Hyattsville Elementary",2025,"Prince Georges",234,422,55.4502369668246,-0.847457627118642
"Lansdowne Elementary",2025,"Baltimore County",234,603,38.8059701492537,4.46428571428572
"Laurel Woods Elementary",2023,"Howard",234,662,35.3474320241692,21.2435233160622
"Redland Middle",2024,"Montgomery",234,583,40.1372212692967,-4.09836065573771
"Riverview Elementary",2023,"Baltimore County",234,546,42.8571428571429,14.7058823529412
"Broadneck High",2022,"Anne Arundel",233,2203,10.5764866091693,-0.427350427350426
"Clopper Mill Elementary",2025,"Montgomery",233,458,50.8733624454148,7.37327188940091
"Columbia Park Elementary",2022,"Prince Georges",233,525,44.3809523809524,10.4265402843602
"Cresthaven Elementary",2026,"Montgomery",233,450,51.7777777777778,-3.71900826446281
"Hammond High",2020,"Howard",233,1394,16.7144906743185,NA
"Judith A. Resnik Elementary",2023,"Montgomery",233,576,40.4513888888889,0.43103448275863
"Judith A. Resnik Elementary",2025,"Montgomery",233,516,45.1550387596899,4.48430493273542
"Southern High",2023,"Anne Arundel",233,1066,21.8574108818011,29.4444444444444
"Strathmore Elementary",2022,"Montgomery",233,475,49.0526315789474,-3.71900826446281
"Wiley H. Bates Middle",2024,"Anne Arundel",233,657,35.4642313546423,-1.68776371308017
"Benjamin Franklin High School At Masonville Cove",2021,"Baltimore City",232,638,36.3636363636364,19.5876288659794
"Brooklyn Park Middle",2024,"Anne Arundel",232,744,31.1827956989247,19.5876288659794
"Cockeysville Middle",2026,"Baltimore County",232,893,25.979843225084,3.57142857142858
"Columbia Park Elementary",2026,"Prince Georges",232,430,53.953488372093,3.11111111111111
"Curtis Bay Elementary",2026,"Baltimore City",232,466,49.7854077253219,3.11111111111111
"Deerfield Run Elementary",2023,"Prince Georges",232,577,40.207972270364,3.11111111111111
"Easton Middle",2025,"Talbot",232,703,33.0014224751067,11.0047846889952
"Great Mills High",2022,"Saint Marys",232,1740,13.3333333333333,5.93607305936072
"James M. Bennett High",2025,"Wicomico",232,1474,15.7394843962008,8.92018779342722
"Judith A. Resnik Elementary",2022,"Montgomery",232,559,41.5026833631485,-5.6910569105691
"Nottingham Middle",2026,"Baltimore County",232,1296,17.9012345679012,-2.52100840336135
"Owings Mills Elementary",2021,"Baltimore County",232,746,31.0991957104558,-14.7058823529412
"Briggs Chaney Middle",2024,"Montgomery",231,868,26.6129032258064,2.21238938053097
"Great Mills High",2023,"Saint Marys",231,1779,12.9848229342327,-0.431034482758619
"Washington Grove Elementary",2026,"Montgomery",231,449,51.4476614699332,-16.3043478260869
"Berkshire Elementary",2025,"Baltimore County",230,514,44.7470817120623,9.52380952380953
"Chillum Elementary",2025,"Prince Georges",230,308,74.6753246753247,4.07239819004526
"Edgewood High",2024,"Harford",230,1417,16.2314749470713,16.1616161616162
"Flora M. Singer Elementary School",2021,"Montgomery",230,613,37.5203915171289,-9.80392156862745
"Hammond High",2021,"Howard",230,1316,17.4772036474164,-1.28755364806867
"Hollywood Elementary",2024,"Prince Georges",230,301,76.4119601328904,538.888888888889
"Linganore High",2026,"Frederick",230,1635,14.0672782874618,10.0478468899522
"Meadow Hall Elementary",2021,"Montgomery",230,406,56.6502463054187,-3.76569037656904
"Park Elementary",2025,"Anne Arundel",230,538,42.7509293680297,1.76991150442478
"Phelps Luck Elementary",2020,"Howard",230,633,36.3349131121643,NA
"Phelps Luck Elementary",2022,"Howard",230,694,33.1412103746398,12.7450980392157
"Redland Middle",2025,"Montgomery",230,562,40.9252669039146,-1.70940170940171
"Ballenger Creek Elementary",2024,"Frederick",229,709,32.2990126939351,16.243654822335
"Beacon Heights Elementary",2026,"Prince Georges",229,295,77.6271186440678,-14.2322097378277
"Hollywood Elementary",2026,"Prince Georges",229,297,77.1043771043771,432.558139534884
"Mayfield Woods Middle",2026,"Howard",229,714,32.0728291316527,-3.78151260504201
"Paint Branch Elementary",2024,"Prince Georges",229,481,47.6091476091476,11.7073170731707
"Tuscarora Elementary",2024,"Frederick",229,779,29.3966623876765,2.23214285714286
"Walker Mill Middle",2024,"Prince Georges",229,1049,21.8303145853194,84.6774193548387
"Wiley H. Bates Middle",2022,"Anne Arundel",229,700,32.7142857142857,6.51162790697675
"William Paca Elementary",2026,"Prince Georges",229,560,40.8928571428571,-7.66129032258065
"Woodlawn High Center For Pre-Eng. Res.",2020,"Baltimore County",229,1656,13.8285024154589,NA
"Baltimore Polytechnic Institute",2024,"Baltimore City",228,1580,14.4303797468354,7.04225352112675
"Chillum Elementary",2020,"Prince Georges",228,379,60.1583113456464,NA
"Martin Luther King, Jr. Middle",2026,"Prince Georges",228,589,38.7096774193548,3.16742081447965
"Maryvale Elementary",2025,"Montgomery",228,617,36.9529983792545,-6.17283950617284
"Monarch Global Academy Pcs Laurel Campus",2026,"Anne Arundel",228,836,27.2727272727273,0.884955752212391
"Phelps Luck Elementary",2024,"Howard",228,704,32.3863636363636,-8.06451612903226
"Pine Crest Elementary",2025,"Montgomery",228,493,46.2474645030426,0.884955752212391
"South River High",2021,"Anne Arundel",228,1916,11.8997912317328,5.55555555555556
"Tilden Middle School",2022,"Montgomery",228,1022,22.3091976516634,0.440528634361237
"Tuscarora Elementary",2025,"Frederick",228,793,28.7515762925599,-0.436681222707425
"Baltimore Polytechnic Institute",2026,"Baltimore City",227,1659,13.6829415310428,1.33928571428572
"Bayard Rustin Elementary",2026,"Montgomery",227,726,31.267217630854,-7.3469387755102
"Cresthaven Elementary",2022,"Montgomery",227,465,48.8172043010753,-9.92063492063492
"John T. Baker Middle School",2021,"Montgomery",227,797,28.4818067754078,-5.02092050209205
"Shady Grove Middle",2025,"Montgomery",227,514,44.1634241245136,7.0754716981132
"Thurgood Marshall Middle School",2023,"Prince Georges",227,704,32.2443181818182,2.71493212669682
"Tilden Middle School",2021,"Montgomery",227,1022,22.2113502935421,6.57276995305165
"Walt Whitman High",2022,"Montgomery",227,2029,11.1877772301626,10.7317073170732
"William Paca Elementary",2020,"Baltimore City",227,509,44.5972495088409,NA
"William W. Hall Academy",2022,"Prince Georges",227,541,41.9593345656192,10.7317073170732
"William W. Hall Academy",2023,"Prince Georges",227,496,45.7661290322581,0
"Bollman Bridge Elementary",2025,"Howard",226,775,29.1612903225806,5.11627906976744
"Briggs Chaney Middle",2023,"Montgomery",226,864,26.1574074074074,-7.75510204081633
"Flintstone Elementary",2022,"Prince Georges",226,393,57.5063613231552,NA
"Franklin Middle",2023,"Baltimore County",226,1153,19.6010407632264,20.2127659574468
"Lincoln Elementary",2023,"Frederick",226,618,36.5695792880259,2.72727272727273
"Maryland City Elementary",2023,"Anne Arundel",226,436,51.8348623853211,11.8811881188119
"Mayfield Woods Middle",2021,"Howard",226,795,28.4276729559748,9.17874396135265
"Monarch Global Academy Pcs Laurel Campus",2025,"Anne Arundel",226,830,27.2289156626506,5.60747663551402
"North Bethesda Middle",2025,"Montgomery",226,1224,18.4640522875817,21.505376344086
"Park Elementary",2024,"Anne Arundel",226,551,41.016333938294,18.3246073298429
"Patapsco High And Center For Arts",2025,"Baltimore County",226,1385,16.3176895306859,21.505376344086
"Pine Crest Elementary",2024,"Montgomery",226,471,47.9830148619958,8.13397129186604
"Wilde Lake High",2023,"Howard",226,1341,16.8530947054437,6.60377358490567
"Brock Bridge Elementary",2022,"Anne Arundel",225,481,46.7775467775468,-3.84615384615384
"Central High",2025,"Prince Georges",225,754,29.8408488063661,-16.9741697416974
"Columbia Park Elementary",2025,"Prince Georges",225,429,52.4475524475524,4.16666666666667
"Curtis Bay Elementary",2025,"Baltimore City",225,470,47.8723404255319,22.9508196721311
"Deerfield Run Elementary",2022,"Prince Georges",225,617,36.4667747163695,3.21100917431192
"Great Mills High",2020,"Saint Marys",225,1678,13.4088200238379,NA
"Apple Grove Elementary",2020,"Prince Georges",224,512,43.75,NA
"Baltimore Polytechnic Institute",2025,"Baltimore City",224,1632,13.7254901960784,-1.75438596491229
"Brock Bridge Elementary",2023,"Anne Arundel",224,472,47.4576271186441,-0.444444444444447
"Cockeysville Middle",2025,"Baltimore County",224,928,24.1379310344828,5.1643192488263
"Lansdowne Elementary",2024,"Baltimore County",224,621,36.0708534621578,17.2774869109948
"Phelps Luck Elementary",2025,"Howard",224,681,32.8928046989721,-1.75438596491229
"Roscoe R Nix Elementary",2025,"Montgomery",224,437,51.2585812356979,-12.5
"Tilden Middle",2026,"Montgomery",224,1109,20.1983769161407,-5.08474576271186
"Tuscarora Elementary",2023,"Frederick",224,781,28.6811779769526,8.21256038647342
"Baltimore Highlands Elementary",2021,"Baltimore County",223,469,47.5479744136461,-10.4417670682731
"Brookhaven Elementary",2022,"Montgomery",223,422,52.8436018957346,5.18867924528301
"College Park Academy",2023,"Prince Georges",223,692,32.2254335260116,6.19047619047619
"Franklin High",2022,"Baltimore County",223,1452,15.3581267217631,17.3684210526316
"Glassmanor Elementary",2020,"Prince Georges",223,319,69.9059561128527,NA
"Judith A. Resnik Elementary",2024,"Montgomery",223,542,41.1439114391144,-4.29184549356223
"Meadow Hall Elementary",2023,"Montgomery",223,389,57.3264781491003,2.29357798165137
"Meadow Hall Elementary",2024,"Montgomery",223,377,59.1511936339523,0
"Montgomery Knolls Elementary",2020,"Montgomery",223,469,47.5479744136461,NA
"North Point High School",2024,"Charles",223,1914,11.6509926854754,18.6170212765957
"Ridgeview Middle",2026,"Montgomery",223,684,32.6023391812866,-6.30252100840336
"Flower Hill Elementary",2021,"Montgomery",222,441,50.3401360544218,0.452488687782804
"Galway Elementary",2026,"Montgomery",222,680,32.6470588235294,2.77777777777777
"Germantown Elementary",2026,"Anne Arundel",222,424,52.3584905660377,167.469879518072
"Gladys Noon Spellman Elementary",2026,"Prince Georges",222,475,46.7368421052632,-8.26446280991735
"Lindale Middle",2021,"Anne Arundel",222,1194,18.5929648241206,9.90099009900991
"Oaklands Elementary",2023,"Prince Georges",222,395,56.2025316455696,6.73076923076923
"St. Charles High School",2025,"Charles",222,1617,13.7291280148423,6.2200956937799
"Tayac Elementary",2025,"Prince Georges",222,459,48.3660130718954,45.0980392156863
"Chillum Elementary",2024,"Prince Georges",221,305,72.4590163934426,-10.5263157894737
"Cresthaven Elementary",2024,"Montgomery",221,454,48.6784140969163,-5.95744680851064
"Dulaney High",2021,"Baltimore County",221,1930,11.4507772020725,11.0552763819096
"E. Russell Hicks Middle",2026,"Washington",221,891,24.8035914702581,4.24528301886793
"Flower Hill Elementary",2020,"Montgomery",221,458,48.2532751091703,NA
"James M. Bennett High",2026,"Wicomico",221,1453,15.2099105299381,-4.74137931034483
"Laurel Woods Elementary",2025,"Howard",221,625,35.36,7.28155339805825
"Martin Luther King, Jr. Middle",2025,"Prince Georges",221,605,36.5289256198347,-6.35593220338984
"Maryvale Elementary",2022,"Montgomery",221,609,36.2889983579639,18.8172043010753
"Overlea High",2025,"Baltimore County",221,1474,14.9932157394844,24.1573033707865
"Redland Middle",2026,"Montgomery",221,567,38.9770723104056,-3.91304347826087
"Strathmore Elementary",2020,"Montgomery",221,483,45.7556935817805,NA
"Thurgood Marshall Middle School",2022,"Prince Georges",221,730,30.2739726027397,4.24528301886793
"Timber Grove Elementary",2026,"Baltimore County",221,592,37.3310810810811,2.7906976744186
"Urbana High",2020,"Frederick",221,1851,11.9394921663965,NA
"Chillum Elementary",2021,"Prince Georges",220,347,63.4005763688761,-3.50877192982456
"Chillum Elementary",2022,"Prince Georges",220,335,65.6716417910448,0
"Dulaney High",2022,"Baltimore County",220,1867,11.7836100696304,-0.452488687782804
"Lincoln Elementary",2022,"Frederick",220,614,35.8306188925081,3.28638497652582
"Meadow Hall Elementary",2025,"Montgomery",220,348,63.2183908045977,-1.34529147982063
"Monocacy Middle",2026,"Frederick",220,698,31.5186246418338,-10.2040816326531
"Old Post Road Elementary",2026,"Harford",220,824,26.6990291262136,6.28019323671498
"S. Christa Mcauliffe Elementary",2026,"Montgomery",220,508,43.3070866141732,13.9896373056995
"Seabrook Elementary",2026,"Prince Georges",220,394,55.8375634517767,5.76923076923077
"Cesar Chavez Elementary",2020,"Prince Georges",219,354,61.864406779661,NA
"Crofton High School",2025,"Anne Arundel",219,1906,11.4900314795383,-7.20338983050848
"Forest Knolls Elementary",2021,"Montgomery",219,543,40.3314917127072,-25
"Friendly High",2022,"Prince Georges",219,831,26.3537906137184,23.728813559322
"Great Mills High",2021,"Saint Marys",219,1713,12.784588441331,-2.66666666666666
"Hollywood Elementary",2025,"Prince Georges",219,284,77.112676056338,434.146341463415
"Hyattsville Elementary",2026,"Prince Georges",219,398,55.0251256281407,-6.41025641025641
"Lake Seneca Elementary",2020,"Montgomery",219,510,42.9411764705882,NA
"Mayfield Woods Middle",2022,"Howard",219,758,28.8918205804749,-3.09734513274337
"Stephen Decatur Middle",2025,"Prince Georges",219,751,29.1611185086551,192
"Strawberry Knoll Elementary",2025,"Montgomery",219,448,48.8839285714286,-11.336032388664
"Wilde Lake High",2024,"Howard",219,1270,17.244094488189,-3.09734513274337
"William Paca Elementary",2025,"Prince Georges",219,563,38.898756660746,-22.6148409893993
"Deerfield Run Elementary",2021,"Prince Georges",218,582,37.4570446735395,-8.40336134453782
"Glassmanor Elementary",2024,"Prince Georges",218,276,78.9855072463768,0.460829493087567
"Jessup Elementary",2026,"Anne Arundel",218,654,33.3333333333333,6.34146341463415
"Lake Seneca Elementary",2023,"Montgomery",218,459,47.4945533769063,10.1010101010101
"Lincoln Elementary",2020,"Frederick",218,598,36.4548494983278,NA
"Meadow Hall Elementary",2022,"Montgomery",218,385,56.6233766233766,-5.21739130434783
"Oakdale High",2025,"Frederick",218,1702,12.8084606345476,7.38916256157636
"Southern Middle",2024,"Anne Arundel",218,765,28.4967320261438,419.047619047619
"William Paca Elementary",2024,"Prince Georges",218,574,37.9790940766551,-9.54356846473029
"Atholton High",2025,"Howard",217,1540,14.0909090909091,7.42574257425743
"Clopper Mill Elementary",2024,"Montgomery",217,460,47.1739130434783,5.33980582524272
"Glassmanor Elementary",2023,"Prince Georges",217,288,75.3472222222222,10.1522842639594
"Lake Seneca Elementary",2024,"Montgomery",217,478,45.397489539749,-0.458715596330272
"Montgomery Knolls Elementary",2026,"Montgomery",217,437,49.6567505720824,1.4018691588785
"Morrell Park Elementary/Middle",2026,"Baltimore City",217,451,48.1152993348115,3.33333333333334
"Roscoe R Nix Elementary",2026,"Montgomery",217,432,50.2314814814815,-3.125
"Strawberry Knoll Elementary",2026,"Montgomery",217,430,50.4651162790698,-0.91324200913242
"Accokeek Academy",2021,"Prince Georges",216,1543,13.99870382372,3.34928229665072
"Bollman Bridge Elementary",2026,"Howard",216,755,28.6092715231788,-4.42477876106194
"Clay Hill Public Charter School",2024,"Baltimore City",216,293,73.7201365187713,22.0338983050848
"Columbia Park Elementary",2024,"Prince Georges",216,413,52.3002421307506,-11.4754098360656
"Crofton High School",2023,"Anne Arundel",216,1805,11.9667590027701,47.945205479452
"Galway Elementary",2025,"Montgomery",216,695,31.0791366906475,2.85714285714285
"Judith A. Resnik Elementary",2026,"Montgomery",216,483,44.7204968944099,-7.2961373390558
"Norwood Elementary",2022,"Baltimore County",216,470,45.9574468085106,22.7272727272727
"Sequoyah Elementary",2026,"Montgomery",216,488,44.2622950819672,4.85436893203883
"Shady Grove Middle",2022,"Montgomery",216,524,41.2213740458015,-10.3734439834025
"South River High",2020,"Anne Arundel",216,2224,9.71223021582734,NA
"Vansville Elementary",2025,"Prince Georges",216,677,31.9054652880355,1.88679245283019
"Allenwood Elementary",2026,"Prince Georges",215,399,53.8847117794486,10.8247422680412
"Ballenger Creek Elementary",2026,"Frederick",215,731,29.4117647058824,4.87804878048781
"Bollman Bridge Elementary",2024,"Howard",215,754,28.5145888594164,5.3921568627451
"Clopper Mill Elementary",2021,"Montgomery",215,478,44.9790794979079,-15.3543307086614
"Clopper Mill Elementary",2026,"Montgomery",215,440,48.8636363636364,-7.72532188841202
"Flower Hill Elementary",2022,"Montgomery",215,427,50.3512880562061,-3.15315315315315
"Largo High",2026,"Prince Georges",215,1258,17.0906200317965,8.58585858585858
"Maryvale Elementary",2026,"Montgomery",215,593,36.256323777403,-5.70175438596491
"Montgomery Knolls Elementary",2021,"Montgomery",215,490,43.8775510204082,-3.58744394618834
"Southern Middle",2025,"Anne Arundel",215,726,29.6143250688705,424.390243902439
"Takoma Park Middle",2025,"Montgomery",215,1177,18.2667799490229,14.3617021276596
"Timber Grove Elementary",2025,"Baltimore County",215,608,35.3618421052632,15.5913978494624
"Vansville Elementary",2020,"Prince Georges",215,775,27.741935483871,NA
"Vansville Elementary",2026,"Prince Georges",215,644,33.3850931677019,-0.462962962962965
"Western Heights Middle",2026,"Washington",215,832,25.8413461538462,10.8247422680412
"Wiley H. Bates Middle",2021,"Anne Arundel",215,682,31.524926686217,6.43564356435644
"William Paca Elementary",2021,"Baltimore City",215,445,48.314606741573,13.7566137566138
"Wolfe Street Academy",2020,"Baltimore City",215,260,82.6923076923077,NA
"Arundel High",2024,"Anne Arundel",214,1646,13.0012150668287,11.4583333333333
"Baltimore Highlands Elementary",2024,"Baltimore County",214,495,43.2323232323232,-14.7410358565737
"Baltimore Polytechnic Institute",2022,"Baltimore City",214,1601,13.366645846346,7.00000000000001
"Galway Elementary",2023,"Montgomery",214,733,29.1950886766712,10.880829015544
"Laurel Woods Elementary",2026,"Howard",214,600,35.6666666666667,-3.16742081447964
"Monarch Global Academy Pcs Laurel Campus",2024,"Anne Arundel",214,832,25.7211538461538,15.6756756756757
"Montgomery Knolls Elementary",2025,"Montgomery",214,477,44.8637316561845,-10.4602510460251
"Wolfe Street Academy",2021,"Baltimore City",214,265,80.7547169811321,-0.465116279069766
"Baltimore Polytechnic Institute",2023,"Baltimore City",213,1555,13.6977491961415,-0.467289719626163
"Bayard Rustin Elementary",2022,"Montgomery",213,729,29.2181069958848,6.49999999999999
"Cockeysville Middle",2024,"Baltimore County",213,878,24.2596810933941,18.3333333333333
"G. James Gholson Middle",2025,"Prince Georges",213,603,35.3233830845771,-18.3908045977011
"James M. Bennett High",2024,"Wicomico",213,1379,15.4459753444525,14.5161290322581
"Lincoln Elementary",2021,"Frederick",213,605,35.2066115702479,-2.29357798165137
"Marley Elementary",2020,"Anne Arundel",213,831,25.6317689530686,NA
"Marley Middle",2020,"Anne Arundel",213,938,22.7078891257996,NA
"North Caroline High School",2021,"Caroline",213,1164,18.2989690721649,1.42857142857142
"Oaklands Elementary",2020,"Prince Georges",213,409,52.078239608802,NA
"Red House Run Elementary",2026,"Baltimore County",213,692,30.7803468208092,3.39805825242718
"Sudbrook Magnet Middle",2021,"Baltimore County",213,972,21.9135802469136,19.6629213483146
"Takoma Park Middle",2026,"Montgomery",213,1197,17.7944862155388,-0.930232558139532
"Tilden Middle School",2020,"Montgomery",213,989,21.5369059656218,NA
"Broadneck High",2020,"Anne Arundel",212,2221,9.54524988743809,NA
"Brookhaven Elementary",2021,"Montgomery",212,421,50.3562945368171,-12.7572016460905
"Columbia Park Elementary",2020,"Prince Georges",212,546,38.8278388278388,NA
"Drew Freeman Middle",2023,"Prince Georges",212,833,25.4501800720288,11.578947368421
"Dundalk Middle",2026,"Baltimore County",212,529,40.0756143667297,-17.8294573643411
"E. Russell Hicks Middle",2025,"Washington",212,841,25.2080856123662,16.4835164835165
"Isaac J. Gourdine Middle",2023,"Prince Georges",212,567,37.3897707231041,5.47263681592041
"Mayfield Woods Middle",2023,"Howard",212,716,29.608938547486,-3.19634703196348
"Mt Rainier Elementary",2021,"Prince Georges",212,328,64.6341463414634,3.92156862745099
"Shady Grove Middle",2024,"Montgomery",212,513,41.3255360623782,1.43540669856459
"South Hagerstown High",2021,"Washington",212,1381,15.3511947863867,26.9461077844311
"Thurgood Marshall Middle School",2021,"Prince Georges",212,762,27.8215223097113,41.3333333333333
"Vansville Elementary",2024,"Prince Georges",212,669,31.6890881913303,23.2558139534884
"Wilde Lake High",2022,"Howard",212,1360,15.5882352941176,13.3689839572193
"Wilde Lake High",2026,"Howard",212,1223,17.3344235486509,1.43540669856459
"Aberdeen High",2025,"Harford",211,1396,15.1146131805158,2.92682926829269
"Brooklyn Park Elementary",2026,"Anne Arundel",211,446,47.3094170403587,1.93236714975846
"Columbia Park Elementary",2021,"Prince Georges",211,523,40.3441682600382,-0.471698113207553
"Phelps Luck Elementary",2026,"Howard",211,687,30.7132459970888,-5.80357142857143
"Thomas Stone High School",2022,"Charles",211,1175,17.9574468085106,13.4408602150538
"Tuscarora Elementary",2026,"Frederick",211,775,27.2258064516129,-7.45614035087719
"Winston Churchill High",2026,"Montgomery",211,2165,9.7459584295612,9.89583333333333
"Baltimore City College",2023,"Baltimore City",210,1497,14.0280561122244,17.3184357541899
"Berkshire Elementary",2024,"Baltimore County",210,495,42.4242424242424,21.3872832369942
"College Park Academy",2022,"Prince Georges",210,677,31.0192023633678,1.94174757281553
"Corkran Middle School",2024,"Anne Arundel",210,624,33.6538461538462,5.52763819095476
"Galway Elementary",2024,"Montgomery",210,701,29.9572039942939,-1.86915887850467
"Glassmanor Elementary",2025,"Prince Georges",210,261,80.4597701149425,-3.6697247706422
"Morrell Park Elementary/Middle",2025,"Baltimore City",210,451,46.5631929046563,25.748502994012
"North Caroline High School",2020,"Caroline",210,1138,18.4534270650264,NA
"Wolfe Street Academy",2022,"Baltimore City",210,253,83.00395256917,-1.86915887850467
"Accokeek Academy",2020,"Prince Georges",209,1637,12.7672571777642,NA
"Bayard Rustin Elementary",2020,"Montgomery",209,719,29.0681502086231,NA
"Benjamin Stoddert Middle School",2025,"Charles",209,920,22.7173913043478,11.7647058823529
"Easton Middle",2020,"Talbot",209,869,24.0506329113924,NA
"Easton Middle",2024,"Talbot",209,711,29.3952180028129,12.3655913978495
"Linganore High",2025,"Frederick",209,1647,12.6897389192471,12.972972972973
"Pine Crest Elementary",2023,"Montgomery",209,468,44.6581196581197,16.7597765363128
"Shady Grove Middle",2023,"Montgomery",209,495,42.2222222222222,-3.24074074074074
"St. Charles High School",2024,"Charles",209,1598,13.0788485607009,11.7647058823529
"Wilde Lake High",2025,"Howard",209,1197,17.4603174603175,-4.5662100456621
"Winters Mill High",2025,"Carroll",209,1156,18.0795847750865,6.63265306122449
"Apple Grove Elementary",2021,"Prince Georges",208,460,45.2173913043478,-7.14285714285714
"Mill Creek Towne Elementary",2025,"Montgomery",208,528,39.3939393939394,4
"Oakdale High",2026,"Frederick",208,1742,11.9402985074627,-4.58715596330275
"Oaklands Elementary",2022,"Prince Georges",208,368,56.5217391304348,2.97029702970297
"Seabrook Elementary",2025,"Prince Georges",208,365,56.986301369863,3.48258706467661
"Stephen Decatur Middle",2024,"Prince Georges",208,733,28.3765347885402,181.081081081081
"Aberdeen High",2026,"Harford",207,1330,15.5639097744361,-1.8957345971564
"Baltimore City College",2025,"Baltimore City",207,1470,14.0816326530612,4.54545454545454
"Baltimore Highlands Elementary",2025,"Baltimore County",207,461,44.9023861171367,-3.27102803738317
"Benjamin Stoddert Middle",2026,"Prince Georges",207,562,36.8327402135231,5.07614213197969
"Brooklyn Park Elementary",2025,"Anne Arundel",207,463,44.7084233261339,10.1063829787234
"Clopper Mill Elementary",2022,"Montgomery",207,440,47.0454545454545,-3.72093023255814
"Easton Middle",2021,"Talbot",207,854,24.2388758782201,-0.956937799043067
"Johnnycake Elementary",2026,"Baltimore County",207,567,36.5079365079365,6.70103092783505
"Lindale Middle",2026,"Anne Arundel",207,874,23.6842105263158,0.485436893203883
"Mayfield Woods Middle",2020,"Howard",207,787,26.3024142312579,NA
"Old Post Road Elementary",2025,"Harford",207,850,24.3529411764706,13.7362637362637
"Paul Laurence Dunbar High",2026,"Baltimore City",207,1127,18.3673469387755,10.1063829787234
"Sequoyah Elementary",2024,"Montgomery",207,452,45.7964601769911,6.70103092783505
"Southern Middle",2026,"Anne Arundel",207,707,29.2786421499293,444.736842105263
"Tuscarora Elementary",2022,"Frederick",207,744,27.8225806451613,7.8125
"Walkersville High",2024,"Frederick",207,1203,17.2069825436409,5.07614213197969
"Ballenger Creek Middle",2024,"Frederick",206,792,26.010101010101,1.98019801980198
"Baltimore City College",2026,"Baltimore City",206,1457,14.1386410432395,-0.483091787439616
"Clopper Mill Elementary",2023,"Montgomery",206,459,44.880174291939,-0.483091787439616
"College Park Academy",2021,"Prince Georges",206,677,30.4283604135894,18.3908045977011
"Gwynn Park High",2026,"Prince Georges",206,1137,18.117854001759,3.5175879396985
"Kingsview Middle",2025,"Montgomery",206,908,22.6872246696035,6.18556701030928
"Laurel Woods Elementary",2021,"Howard",206,656,31.4024390243902,11.3513513513513
"Laurel Woods Elementary",2024,"Howard",206,596,34.5637583892617,-11.965811965812
"Lindale Middle",2025,"Anne Arundel",206,884,23.3031674208145,-31.5614617940199
"Mill Creek Towne Elementary",2020,"Montgomery",206,506,40.7114624505929,NA
"North Frederick Elementary",2026,"Frederick",206,662,31.1178247734139,4.56852791878173
"Pangborn Elementary",2025,"Washington",206,749,27.5033377837116,11.3513513513513
"Red House Run Elementary",2025,"Baltimore County",206,694,29.6829971181556,27.9503105590062
"Sequoyah Elementary",2025,"Montgomery",206,460,44.7826086956522,-0.483091787439616
"Stephen Decatur Middle",2023,"Prince Georges",206,781,26.3764404609475,237.704918032787
"Tuscarora Elementary",2020,"Frederick",206,713,28.8920056100982,NA
"Walkersville High",2025,"Frederick",206,1181,17.4428450465707,-0.483091787439616
"Aberdeen High",2024,"Harford",205,1465,13.9931740614334,3.53535353535352
"Ballenger Creek Elementary",2025,"Frederick",205,715,28.6713286713287,-10.4803493449782
"Ballenger Creek Middle",2025,"Frederick",205,777,26.3835263835264,-0.485436893203883
"Crofton High School",2026,"Anne Arundel",205,1876,10.9275053304904,-6.39269406392694
"Franklin Middle",2020,"Baltimore County",205,1242,16.5056360708535,NA
"Glassmanor Elementary",2026,"Prince Georges",205,247,82.9959514170041,-2.38095238095238
"Jessup Elementary",2025,"Anne Arundel",205,646,31.733746130031,12.0218579234973
"Lockerman Middle School",2022,"Caroline",205,895,22.9050279329609,11.4130434782609
"Mill Creek Towne Elementary",2021,"Montgomery",205,482,42.5311203319502,-0.485436893203883
"North Hagerstown High",2021,"Washington",205,1343,15.2643335815339,12.0218579234973
"Paint Branch Elementary",2023,"Prince Georges",205,357,57.4229691876751,3.53535353535352
"S. Christa Mcauliffe Elementary",2023,"Montgomery",205,517,39.6518375241779,2.49999999999999
"Suitland High",2023,"Prince Georges",205,1834,11.1777535441658,13.2596685082873
"Walt Whitman High",2021,"Montgomery",205,1991,10.2963335007534,14.5251396648045
"William W. Hall Academy",2021,"Prince Georges",205,558,36.7383512544803,6.21761658031088
"Bay-Brook Elementary/Middle",2021,"Baltimore City",204,622,32.7974276527331,42.6573426573427
"Bollman Bridge Elementary",2023,"Howard",204,742,27.4932614555256,6.80628272251309
"Charles Herbert Flowers High",2021,"Prince Georges",204,2342,8.71050384286934,9.6774193548387
"Glassmanor Elementary",2021,"Prince Georges",204,284,71.830985915493,-8.52017937219731
"Meadow Hall Elementary",2026,"Montgomery",204,327,62.3853211009174,-7.27272727272728
"Mt Rainier Elementary",2020,"Prince Georges",204,350,58.2857142857143,NA
"Phelps Luck Elementary",2021,"Howard",204,625,32.64,-11.304347826087
"Riverview Elementary",2022,"Baltimore County",204,554,36.8231046931408,17.2413793103448
"S. Christa Mcauliffe Elementary",2021,"Montgomery",204,565,36.1061946902655,9.6774193548387
"Wicomico High",2022,"Wicomico",204,1254,16.2679425837321,14.6067415730337
"Apple Grove Elementary",2023,"Prince Georges",203,431,47.0997679814385,0.995024875621886
"Cannon Road Elementary",2021,"Montgomery",203,421,48.2185273159145,4.10256410256411
"Gladys Noon Spellman Elementary",2020,"Prince Georges",203,548,37.043795620438,NA
"Glendale Elementary",2025,"Anne Arundel",203,438,46.3470319634703,16
"Lockerman Middle School",2024,"Caroline",203,838,24.2243436754177,0.495049504950495
"Lockerman Middle School",2025,"Caroline",203,827,24.546553808948,0
"Mayfield Woods Middle",2024,"Howard",203,695,29.2086330935252,-4.24528301886793
"Oakdale High",2024,"Frederick",203,1679,12.090530077427,9.13978494623655
"William Paca Elementary",2023,"Prince Georges",203,559,36.3148479427549,-20.703125
"Wolfe Street Academy",2023,"Baltimore City",203,239,84.9372384937239,-3.33333333333333
"Atholton High",2024,"Howard",202,1498,13.4846461949266,5.75916230366491
"Ballenger Creek Middle",2023,"Frederick",202,805,25.0931677018634,9.78260869565217
"Easton Middle",2022,"Talbot",202,817,24.7246022031824,-2.41545893719807
"Lindale Middle",2020,"Anne Arundel",202,1126,17.9396092362345,NA
"Lockerman Middle School",2023,"Caroline",202,866,23.3256351039261,-1.46341463414634
"Maryland City Elementary",2022,"Anne Arundel",202,409,49.3887530562347,0.497512437810954
"Oaklands Elementary",2021,"Prince Georges",202,358,56.4245810055866,-5.16431924882629
"Southwest Academy",2025,"Baltimore County",202,842,23.9904988123515,30.3225806451613
"University Park Elementary",2020,"Prince Georges",202,522,38.6973180076628,NA
"Wiley H. Bates Middle",2020,"Anne Arundel",202,659,30.6525037936267,NA
"Apple Grove Elementary",2022,"Prince Georges",201,449,44.7661469933185,-3.36538461538461
"Central High",2026,"Prince Georges",201,691,29.0882778581766,-10.6666666666667
"Fairmont Heights High",2020,"Prince Georges",201,839,23.9570917759237,NA
"Galway Elementary",2020,"Montgomery",201,763,26.343381389253,NA
"Isaac J. Gourdine Middle",2022,"Prince Georges",201,572,35.1398601398601,3.07692307692307
"Maryland City Elementary",2021,"Anne Arundel",201,389,51.6709511568123,2.55102040816326
"Mill Creek Towne Elementary",2026,"Montgomery",201,513,39.1812865497076,-3.36538461538461
"Seabrook Elementary",2024,"Prince Georges",201,354,56.7796610169492,24.0740740740741
"William Tyler Page Elementary",2025,"Montgomery",201,620,32.4193548387097,14.8571428571429
"Wolfe Street Academy",2024,"Baltimore City",201,234,85.8974358974359,-0.985221674876846
"Arundel Middle",2025,"Anne Arundel",200,1312,15.2439024390244,8.69565217391304
"Baltimore Polytechnic Institute",2021,"Baltimore City",200,1619,12.3533045089561,23.4567901234568
"Bayard Rustin Elementary",2021,"Montgomery",200,686,29.1545189504373,-4.30622009569378
"Gladys Noon Spellman Elementary",2024,"Prince Georges",200,497,40.2414486921529,2.04081632653061
"Marley Elementary",2023,"Anne Arundel",200,756,26.4550264550265,5.26315789473684
"Mill Creek Towne Elementary",2024,"Montgomery",200,497,40.2414486921529,8.10810810810811
"Orchard Grove Elementary",2025,"Frederick",200,613,32.626427406199,16.2790697674419
"Pine Crest Elementary",2026,"Montgomery",200,487,41.0677618069815,-12.280701754386
"Prince Street School",2026,"Wicomico",200,676,29.585798816568,-25.3731343283582
"S. Christa Mcauliffe Elementary",2022,"Montgomery",200,517,38.6847195357834,-1.96078431372549
"Southwest Academy",2026,"Baltimore County",200,876,22.8310502283105,-0.990099009900991
"Winston Churchill High",2023,"Montgomery",200,2234,8.95255147717099,10.4972375690608
"Catonsville High",2025,"Baltimore County",199,1735,11.4697406340058,16.374269005848
"Corkran Middle School",2023,"Anne Arundel",199,644,30.9006211180124,3.10880829015545
"Dulaney High",2020,"Baltimore County",199,1914,10.3970741901776,NA
"Gwynn Park High",2025,"Prince Georges",199,1147,17.3496076721883,2.05128205128204
"Maryvale Elementary",2020,"Montgomery",199,625,31.84,NA
"Seabrook Elementary",2021,"Prince Georges",199,330,60.3030303030303,7.56756756756756
"Aberdeen High",2023,"Harford",198,1495,13.2441471571906,16.4705882352941
"Baltimore City College",2024,"Baltimore City",198,1421,13.9338494018297,-5.71428571428572
"Dr. Sally K. Ride Elementary",2023,"Montgomery",198,502,39.4422310756972,8.79120879120878
"Edgewood High",2023,"Harford",198,1415,13.9929328621908,16.4705882352941
"Lake Seneca Elementary",2022,"Montgomery",198,485,40.8247422680412,2.59067357512954
"Largo High",2025,"Prince Georges",198,1159,17.083692838654,20.7317073170732
"Mt Rainier Elementary",2022,"Prince Georges",198,328,60.3658536585366,-6.60377358490566
"Paint Branch Elementary",2022,"Prince Georges",198,364,54.3956043956044,8.79120879120878
"Winters Mill High",2026,"Carroll",198,1152,17.1875,-5.26315789473685
"Arthur Middleton Elementary School",2026,"Charles",197,478,41.2133891213389,2.07253886010363
"Ballenger Creek Elementary",2023,"Frederick",197,678,29.0560471976401,17.2619047619048
"Benjamin Stoddert Middle",2025,"Prince Georges",197,628,31.3694267515924,15.8823529411765
"Catonsville High",2026,"Baltimore County",197,1745,11.2893982808023,-1.00502512562815
"Crestwood Middle",2020,"Frederick",197,691,28.5094066570188,NA
"Forest Knolls Elementary",2026,"Montgomery",197,471,41.8259023354565,3.68421052631578
"Franklin Middle",2021,"Baltimore County",197,1258,15.6597774244833,-3.90243902439025
"Glassmanor Elementary",2022,"Prince Georges",197,275,71.6363636363636,-3.43137254901961
"Hammond High",2024,"Howard",197,1167,16.8808911739503,-19.2622950819672
"North Frederick Elementary",2025,"Frederick",197,660,29.8484848484848,7.06521739130435
"Northeast High",2026,"Anne Arundel",197,1366,14.4216691068814,5.3475935828877
"S. Christa Mcauliffe Elementary",2024,"Montgomery",197,493,39.9594320486815,-3.90243902439025
"Southern Middle",2023,"Anne Arundel",197,755,26.0927152317881,328.260869565217
"Takoma Park Middle School",2020,"Montgomery",197,1162,16.9535283993115,NA
"Thurgood Marshall Elementary",2024,"Montgomery",197,594,33.1649831649832,4.23280423280423
"Walkersville High",2023,"Frederick",197,1213,16.2407254740313,3.68421052631578
"Wolfe Street Academy",2025,"Baltimore City",197,244,80.7377049180328,-1.99004975124378
"Crestwood Middle",2021,"Frederick",196,670,29.2537313432836,-0.507614213197971
"Forest Knolls Elementary",2022,"Montgomery",196,483,40.5797101449275,-10.5022831050228
"Gladys Noon Spellman Elementary",2023,"Prince Georges",196,483,40.5797101449275,7.69230769230769
"Lothian Elementary",2026,"Anne Arundel",196,476,41.1764705882353,5.94594594594595
"Marley Elementary",2024,"Anne Arundel",196,748,26.2032085561497,-2
"Maryland City Elementary",2020,"Anne Arundel",196,384,51.0416666666667,NA
"Mt Rainier Elementary",2023,"Prince Georges",196,328,59.7560975609756,-1.01010101010101
"North Hagerstown High",2022,"Washington",196,1378,14.2235123367199,-4.39024390243903
"Rachel Carson Elementary",2020,"Montgomery",196,893,21.9484882418813,NA
"Walkersville High",2026,"Frederick",196,1154,16.9844020797227,-4.85436893203883
"Winston Churchill High",2024,"Montgomery",196,2203,8.89695869269178,-2
"Winters Mill High",2024,"Carroll",196,1142,17.1628721541156,13.2947976878613
"Atholton High",2026,"Howard",195,1541,12.6541207008436,-10.1382488479263
"Cannon Road Elementary",2020,"Montgomery",195,412,47.3300970873786,NA
"Ducketts Lane Elementary",2026,"Howard",195,579,33.6787564766839,3.17460317460319
"Gwynn Park High",2024,"Prince Georges",195,1155,16.8831168831169,15.3846153846154
"Isaac J. Gourdine Middle",2021,"Prince Georges",195,607,32.1252059308072,6.55737704918034
"Old Mill Middle South",2024,"Anne Arundel",195,963,20.2492211838006,12.7167630057804
"Allenwood Elementary",2025,"Prince Georges",194,371,52.2911051212938,7.18232044198894
"Barnaby Manor Elementary",2026,"Prince Georges",194,425,45.6470588235294,2.64550264550265
"Benjamin Franklin High School At Masonville Cove",2020,"Baltimore City",194,547,35.4661791590494,NA
"Brooklyn Park Middle",2023,"Anne Arundel",194,775,25.0322580645161,0.518134715025909
"Galway Elementary",2021,"Montgomery",194,750,25.8666666666667,-3.48258706467661
"Glendale Elementary",2026,"Anne Arundel",194,406,47.7832512315271,-4.43349753694581
"Johnnycake Elementary",2025,"Baltimore County",194,592,32.7702702702703,7.18232044198894
"Kenwood High",2021,"Baltimore County",194,1679,11.5544967242406,NA
"Kingsview Middle",2024,"Montgomery",194,922,21.0412147505423,4.3010752688172
"Marley Elementary",2025,"Anne Arundel",194,618,31.3915857605178,-1.02040816326531
"Sequoyah Elementary",2023,"Montgomery",194,431,45.0116009280742,31.9727891156463
"Western Heights Middle",2025,"Washington",194,883,21.9705549263873,3.19148936170213
"Arthur Middleton Elementary School",2025,"Charles",193,774,24.9354005167959,14.2011834319527
"Brooklyn Park Middle",2022,"Anne Arundel",193,834,23.1414868105516,1.57894736842106
"Corkran Middle School",2022,"Anne Arundel",193,632,30.5379746835443,19.8757763975155
"Dodge Park Elementary",2020,"Prince Georges",193,597,32.3283082077052,NA
"Galway Elementary",2022,"Montgomery",193,696,27.7298850574713,-0.515463917525771
"Garrett Park Elementary",2020,"Montgomery",193,802,24.0648379052369,NA
"Lake Seneca Elementary",2021,"Montgomery",193,461,41.8655097613883,-11.8721461187215
"Laurel Woods Elementary",2022,"Howard",193,634,30.4416403785489,-6.31067961165048
"Maurice J. Mcdonough High School",2025,"Charles",193,1163,16.5950128976784,19.8757763975155
"Mill Creek Towne Elementary",2022,"Montgomery",193,463,41.6846652267819,-5.85365853658537
"Monarch Global Academy Pcs Laurel Campus",2021,"Anne Arundel",193,828,23.3091787439614,3.20855614973261
"Oakland Terrace Elementary",2026,"Montgomery",193,500,38.6,6.04395604395604
"Pangborn Elementary",2026,"Washington",193,742,26.010781671159,-6.31067961165048
"S. Christa Mcauliffe Elementary",2025,"Montgomery",193,467,41.3276231263383,-2.03045685279187
"Thomas S. Wootton High",2026,"Montgomery",193,1821,10.5985722130697,10.2857142857143
"Vansville Elementary",2021,"Prince Georges",193,732,26.3661202185792,-10.2325581395349
"William W. Hall Academy",2020,"Prince Georges",193,566,34.0989399293286,NA
"Arundel High",2023,"Anne Arundel",192,1617,11.873840445269,16.3636363636364
"Forest Knolls Elementary",2023,"Montgomery",192,494,38.8663967611336,-2.04081632653061
"Forest Knolls Elementary",2024,"Montgomery",192,492,39.0243902439024,0
"Forest Park High",2025,"Baltimore City",192,1024,18.75,5.4945054945055
"Hammond High",2025,"Howard",192,1159,16.5660051768766,-2.53807106598984
"Marley Elementary",2021,"Anne Arundel",192,778,24.6786632390745,-9.85915492957746
"Surrattsville High",2024,"Prince Georges",192,780,24.6153846153846,30.6122448979592
"Tuscarora Elementary",2021,"Frederick",192,701,27.3894436519258,-6.79611650485437
"Winston Churchill High",2025,"Montgomery",192,2185,8.78718535469108,-2.04081632653061
"Atholton High",2023,"Howard",191,1467,13.0197682344922,9.14285714285714
"Bollman Bridge Elementary",2022,"Howard",191,719,26.5646731571627,7.90960451977401
"Eastport Elementary",2025,"Anne Arundel",191,283,67.4911660777385,3.24324324324323
"Kingsview Middle",2026,"Montgomery",191,869,21.9792865362486,-7.28155339805825
"Lansdowne Elementary",2023,"Baltimore County",191,598,31.9397993311037,3.80434782608696
"Lockerman Middle School",2026,"Caroline",191,793,24.0857503152585,-5.91133004926109
"Park Elementary",2023,"Anne Arundel",191,507,37.67258382643,2.13903743315509
"Patuxent Valley Middle",2026,"Howard",191,811,23.5511713933416,15.7575757575757
"William Tyler Page Elementary",2026,"Montgomery",191,608,31.4144736842105,-4.97512437810945
"Baltimore Highlands Elementary",2026,"Baltimore County",190,424,44.811320754717,-8.21256038647343
"Brooklyn Park Middle",2021,"Anne Arundel",190,875,21.7142857142857,2.7027027027027
"Drew Freeman Middle",2022,"Prince Georges",190,808,23.5148514851485,21.0191082802548
"Forest Knolls Elementary",2025,"Montgomery",190,472,40.2542372881356,-1.04166666666666
"Franklin High",2021,"Baltimore County",190,1457,13.0404941660947,15.1515151515152
"Lothian Elementary",2024,"Anne Arundel",190,484,39.2561983471074,3.26086956521738
"Marley Elementary",2022,"Anne Arundel",190,760,25,-1.04166666666666
"Mergenthaler Vocational-Technical High",2026,"Baltimore City",190,1808,10.5088495575221,19.4968553459119
"Monocacy Elementary",2020,"Frederick",190,611,31.0965630114566,NA
"Old Mill Middle North",2026,"Anne Arundel",190,998,19.0380761523046,1.60427807486632
"Orchard Grove Elementary",2026,"Frederick",190,590,32.2033898305085,-5
"Richard Henry Lee Elementary",2024,"Anne Arundel",190,502,37.8486055776892,12.4260355029586
"Takoma Park Middle School",2022,"Montgomery",190,1129,16.829052258636,0.529100529100535
"Thurgood Marshall Elementary",2020,"Montgomery",190,621,30.5958132045089,NA
"Walkersville High",2022,"Frederick",190,1249,15.2121697357886,13.0952380952381
"Williamsport High",2025,"Washington",190,1061,17.9076343072573,6.74157303370786
"Arundel Middle",2026,"Anne Arundel",189,1364,13.8563049853372,-5.50000000000001
"Barnaby Manor Elementary",2024,"Prince Georges",189,436,43.348623853211,2.16216216216216
"Barnaby Manor Elementary",2025,"Prince Georges",189,438,43.1506849315069,0
"Bollman Bridge Elementary",2020,"Howard",189,765,24.7058823529412,NA
"Cannon Road Elementary",2024,"Montgomery",189,405,46.6666666666667,2.71739130434783
"Central Middle",2024,"Anne Arundel",189,1257,15.035799522673,10.5263157894737
"Ducketts Lane Elementary",2025,"Howard",189,573,32.9842931937173,9.24855491329479
"Elkton High",2024,"Cecil",189,1105,17.10407239819,8.00000000000001
"Elkton High",2026,"Cecil",189,1040,18.1730769230769,3.27868852459017
"Fort Worthington Elementary/Middle",2026,"Baltimore City",189,736,25.679347826087,27.7027027027027
"Guilford Park High",2024,"Howard",189,779,24.2618741976893,NA
"Monocacy Elementary",2026,"Frederick",189,534,35.3932584269663,455.882352941176
"Mt Rainier Elementary",2025,"Prince Georges",189,311,60.7717041800643,16.6666666666667
"Pikesville Middle",2026,"Baltimore County",189,870,21.7241379310345,3.27868852459017
"Salem Avenue Elementary",2024,"Washington",189,705,26.8085106382979,28.5714285714286
"Springfield Middle",2026,"Washington",189,816,23.1617647058824,15.9509202453988
"Takoma Park Middle School",2021,"Montgomery",189,1158,16.3212435233161,-4.06091370558376
"Thomas Stone High School",2020,"Charles",189,1128,16.7553191489362,NA
"Thomas W. Pyle Middle",2025,"Montgomery",189,1259,15.011914217633,11.8343195266272
"Thurgood Marshall Elementary",2023,"Montgomery",189,591,31.9796954314721,13.855421686747
"William Paca Elementary",2020,"Prince Georges",189,619,30.5331179321486,-16.7400881057269
"Brooklyn Park Elementary",2024,"Anne Arundel",188,485,38.7628865979381,7.42857142857143
"Deerfield Run Elementary",2024,"Prince Georges",188,512,36.71875,-18.9655172413793
"Franklin Middle",2022,"Baltimore County",188,1172,16.0409556313993,-4.56852791878173
"Gladys Noon Spellman Elementary",2021,"Prince Georges",188,510,36.8627450980392,-7.38916256157636
"Glen Burnie Park Elementary",2026,"Anne Arundel",188,563,33.392539964476,0.534759358288772
"Marley Elementary",2026,"Anne Arundel",188,632,29.746835443038,-3.09278350515464
"North Point High School",2023,"Charles",188,1867,10.0696304231387,13.9393939393939
"Paul Laurence Dunbar High",2025,"Baltimore City",188,1087,17.2953081876725,8.67052023121386
"Prince Street School",2022,"Wicomico",188,782,24.0409207161125,24.5033112582781
"Robert R. Gray Elementary",2026,"Prince Georges",188,387,48.578811369509,8.04597701149426
"Seabrook Elementary",2022,"Prince Georges",188,343,54.8104956268222,-5.52763819095478
"Sequoyah Elementary",2020,"Montgomery",188,376,50,NA
"Takoma Park Middle",2024,"Montgomery",188,1124,16.7259786476868,3.86740331491713
"Western Heights Middle",2024,"Washington",188,887,21.1950394588501,11.9047619047619
"Benjamin Stoddert Middle School",2024,"Charles",187,919,20.348204570185,20.6451612903226
"Central Middle",2026,"Anne Arundel",187,1186,15.7672849915683,2.18579234972678
"Glen Burnie Park Elementary",2025,"Anne Arundel",187,555,33.6936936936937,19.8717948717949
"Kingsview Middle",2021,"Montgomery",187,1048,17.8435114503817,25.503355704698
"Monarch Global Academy Pcs Laurel Campus",2020,"Anne Arundel",187,827,22.6118500604595,NA
"Montpelier Elementary",2026,"Prince Georges",187,555,33.6936936936937,11.3095238095238
"Northeast High",2025,"Anne Arundel",187,1387,13.4823359769286,8.72093023255813
"Oakland Terrace Elementary",2023,"Montgomery",187,530,35.2830188679245,10
"Old Mill Middle North",2025,"Anne Arundel",187,958,19.5198329853862,19.1082802547771
"Park Elementary",2022,"Anne Arundel",187,524,35.6870229007634,11.9760479041916
"Riverview Elementary",2020,"Baltimore County",187,562,33.2740213523132,NA
"St. Charles High School",2023,"Charles",187,1569,11.9184193753983,54.5454545454545
"University Park Elementary",2021,"Prince Georges",187,467,40.0428265524625,-7.42574257425742
"Wilde Lake High",2021,"Howard",187,1379,13.5605511240029,6.85714285714285
"Carmody Hills Elementary",2026,"Prince Georges",186,392,47.4489795918367,6.89655172413792
"Charles Herbert Flowers High",2020,"Prince Georges",186,2262,8.22281167108753,NA
"Crestwood Middle",2022,"Frederick",186,667,27.8860569715142,-5.10204081632653
"Easton Middle",2023,"Talbot",186,737,25.2374491180461,-7.92079207920792
"Hilltop Elementary",2020,"Anne Arundel",186,679,27.3932253313697,NA
"J. P. Ryon Elementary School",2025,"Charles",186,640,29.0625,29.1666666666667
"James M. Bennett High",2023,"Wicomico",186,1343,13.849590469099,20.7792207792208
"Kingsview Middle",2023,"Montgomery",186,960,19.375,3.91061452513966
"Luxmanor Elementary",2026,"Montgomery",186,644,28.8819875776398,7.51445086705202
"Maryvale Elementary",2021,"Montgomery",186,571,32.5744308231173,-6.53266331658291
"Monarch Global Academy Pcs Laurel Campus",2022,"Anne Arundel",186,822,22.6277372262774,-3.62694300518135
"North Bethesda Middle",2024,"Montgomery",186,1163,15.9931212381771,12.0481927710843
"Northern Middle",2025,"Washington",186,841,22.1165279429251,190.625
"Oakdale High",2023,"Frederick",186,1622,11.4673242909988,11.377245508982
"Patapsco High And Center For Arts",2024,"Baltimore County",186,1350,13.7777777777778,20.7792207792208
"Reisterstown Elementary",2025,"Baltimore County",186,518,35.9073359073359,7.51445086705202
"S. Christa Mcauliffe Elementary",2020,"Montgomery",186,554,33.5740072202166,NA
"Salem Avenue Elementary",2025,"Washington",186,713,26.0869565217391,-1.58730158730159
"Thomas Stone High School",2021,"Charles",186,1115,16.6816143497758,-1.58730158730159
"Timber Grove Elementary",2024,"Baltimore County",186,580,32.0689655172414,21.5686274509804
"Ballenger Creek Middle",2026,"Frederick",185,743,24.8990578734859,-9.75609756097561
"Barnaby Manor Elementary",2023,"Prince Georges",185,442,41.8552036199095,8.8235294117647
"Benjamin Banneker Middle",2024,"Montgomery",185,776,23.840206185567,11.4457831325301
"Brooklyn Park Middle",2020,"Anne Arundel",185,837,22.1027479091995,NA
"Eastport Elementary",2024,"Anne Arundel",185,279,66.3082437275986,12.8048780487805
"G. James Gholson Middle",2026,"Prince Georges",185,565,32.7433628318584,-13.1455399061033
"Laurel Woods Elementary",2020,"Howard",185,645,28.6821705426357,NA
"Linganore High",2024,"Frederick",185,1620,11.4197530864198,12.8048780487805
"Lothian Elementary",2025,"Anne Arundel",185,457,40.4814004376368,-2.63157894736842
"Mill Creek Towne Elementary",2023,"Montgomery",185,468,39.5299145299145,-4.14507772020726
"Monarch Global Academy Pcs Laurel Campus",2023,"Anne Arundel",185,830,22.289156626506,-0.53763440860215
"North Frederick Elementary",2022,"Frederick",185,612,30.2287581699346,15.625
"Oakland Terrace Elementary",2020,"Montgomery",185,531,34.8399246704331,NA
"Oakland Terrace Elementary",2024,"Montgomery",185,501,36.9261477045908,-1.06951871657754
"Pangborn Elementary",2024,"Washington",185,711,26.0196905766526,14.9068322981367
"Seabrook Elementary",2020,"Prince Georges",185,316,58.5443037974684,NA
"Southern Middle",2022,"Anne Arundel",185,769,24.0572171651495,320.454545454545
"Suitland High",2021,"Prince Georges",185,2047,9.03761602344895,8.8235294117647
"Arundel Middle",2024,"Anne Arundel",184,1349,13.639733135656,3.954802259887
"Ballenger Creek Middle",2022,"Frederick",184,790,23.2911392405063,2.22222222222221
"Cannon Road Elementary",2023,"Montgomery",184,401,45.8852867830424,1.65745856353592
"Dumbarton Middle",2023,"Baltimore County",184,1073,17.148182665424,6.9767441860465
"Flower Valley Elementary",2024,"Montgomery",184,574,32.0557491289199,17.948717948718
"Lake Seneca Elementary",2025,"Montgomery",184,437,42.1052631578947,-15.2073732718894
"Lansdowne Elementary",2022,"Baltimore County",184,565,32.5663716814159,25.1700680272109
"Lockerman Middle School",2021,"Caroline",184,902,20.3991130820399,2.79329608938548
"Lothian Elementary",2023,"Anne Arundel",184,485,37.9381443298969,10.8433734939759
"North Frederick Elementary",2024,"Frederick",184,652,28.2208588957055,3.954802259887
"Richard Henry Lee Elementary",2026,"Anne Arundel",184,389,47.3007712082262,12.1951219512195
"Benjamin Stoddert Middle School",2026,"Charles",183,882,20.7482993197279,-12.4401913875598
"Central Middle",2025,"Anne Arundel",183,1204,15.1993355481728,-3.17460317460317
"Curtis Bay Elementary",2024,"Baltimore City",183,464,39.4396551724138,27.0833333333333
"Elkton High",2025,"Cecil",183,1050,17.4285714285714,-3.17460317460317
"Fields Road Elementary",2026,"Montgomery",183,440,41.5909090909091,4.57142857142858
"Isaac J. Gourdine Middle",2020,"Prince Georges",183,611,29.9509001636661,NA
"Jessup Elementary",2024,"Anne Arundel",183,594,30.8080808080808,3.38983050847457
"North Hagerstown High",2020,"Washington",183,1311,13.9588100686499,NA
"Pikesville Middle",2025,"Baltimore County",183,943,19.406150583245,50
"Robert Frost Elementary",2024,"Prince Georges",183,289,63.3217993079585,10.9090909090909
"Benjamin Banneker Middle",2025,"Montgomery",182,705,25.8156028368794,-1.62162162162162
"Deerfield Run Elementary",2026,"Prince Georges",182,476,38.2352941176471,10.3030303030303
"Dodge Park Elementary",2021,"Prince Georges",182,551,33.0308529945554,-5.69948186528497
"Dr. Sally K. Ride Elementary",2022,"Montgomery",182,472,38.5593220338983,1.11111111111111
"Dr. Sally K. Ride Elementary",2024,"Montgomery",182,455,40,-8.08080808080808
"E. Russell Hicks Middle",2024,"Washington",182,827,22.0072551390568,13.0434782608696
"Forest Park High",2024,"Baltimore City",182,892,20.4035874439462,13.0434782608696
"Gladys Noon Spellman Elementary",2022,"Prince Georges",182,512,35.546875,-3.19148936170213
"Maugansville Elementary",2026,"Washington",182,687,26.4919941775837,9.63855421686748
"Monarch Academy Annapolis Es",2020,"Anne Arundel",182,691,26.3386396526773,NA
"Monocacy Elementary",2025,"Frederick",182,523,34.7992351816444,550
"North Frederick Elementary",2020,"Frederick",182,669,27.2047832585949,NA
"Oakland Terrace Elementary",2021,"Montgomery",182,512,35.546875,-1.62162162162162
"Oakland Terrace Elementary",2025,"Montgomery",182,500,36.4,-1.62162162162162
"Old Post Road Elementary",2024,"Harford",182,892,20.4035874439462,13.0434782608696
"Paint Branch Elementary",2020,"Prince Georges",182,379,48.0211081794195,NA
"Paint Branch Elementary",2021,"Prince Georges",182,376,48.4042553191489,0
"Salem Avenue Elementary",2026,"Washington",182,694,26.2247838616715,-2.1505376344086
"Vansville Elementary",2022,"Prince Georges",182,691,26.3386396526773,-5.69948186528497
"Allenwood Elementary",2024,"Prince Georges",181,333,54.3543543543543,14.5569620253165
"Cannon Road Elementary",2022,"Montgomery",181,391,46.2915601023018,-10.8374384236453
"Frances R Fuchs E C C",2025,"Prince Georges",181,364,49.7252747252747,26.5734265734266
"Johnnycake Elementary",2024,"Baltimore County",181,571,31.6987740805604,18.3006535947712
"Lake Seneca Elementary",2026,"Montgomery",181,404,44.8019801980198,-1.63043478260869
"Middle River Middle",2026,"Baltimore County",181,801,22.5967540574282,2.84090909090908
"Samuel Ogle Middle",2025,"Prince Georges",181,806,22.4565756823821,4.6242774566474
"Suitland High",2022,"Prince Georges",181,1977,9.15528578654527,-2.16216216216216
"Takoma Park Middle",2023,"Montgomery",181,1077,16.8059424326834,NA
"Winston Churchill High",2022,"Montgomery",181,2212,8.18264014466546,1.68539325842696
"Ballenger Creek Middle",2021,"Frederick",180,800,22.5,7.14285714285714
"Cockeysville Middle",2023,"Baltimore County",180,840,21.4285714285714,9.75609756097562
"Dr. Sally K. Ride Elementary",2021,"Montgomery",180,475,37.8947368421053,1.12359550561798
"Hammond High",2026,"Howard",180,1134,15.8730158730159,-6.25
"Hanover Hills Elementary",2026,"Howard",180,850,21.1764705882353,0.5586592178771
"Melwood Elementary",2026,"Prince Georges",180,543,33.1491712707182,8.43373493975903
"Southern High",2022,"Anne Arundel",180,1030,17.4757281553398,2.27272727272727
"Stephen Decatur Middle",2022,"Prince Georges",180,779,23.1065468549422,140
"Wicomico Middle",2026,"Wicomico",180,811,22.1948212083847,5.88235294117647
"Baltimore City College",2022,"Baltimore City",179,1494,11.9812583668005,22.6027397260274
"Benjamin Tasker Middle",2026,"Prince Georges",179,1122,15.9536541889483,16.9934640522876
"Dumbarton Middle",2020,"Baltimore County",179,1225,14.6122448979592,NA
"Hanover Hills Elementary",2025,"Howard",179,875,20.4571428571429,15.4838709677419
"Kingsview Middle",2022,"Montgomery",179,993,18.0261832829809,-4.27807486631016
"Lockerman Middle School",2020,"Caroline",179,949,18.8619599578504,NA
"Patuxent Valley Middle",2024,"Howard",179,843,21.2336892052195,13.2911392405063
"Pine Crest Elementary",2022,"Montgomery",179,463,38.6609071274298,5.29411764705883
"Rock Creek Valley Elementary",2026,"Montgomery",179,376,47.6063829787234,19.3333333333333
"Walkersville Elementary",2026,"Frederick",179,702,25.4985754985755,7.83132530120483
"Walt Whitman High",2020,"Montgomery",179,2039,8.77881314369789,NA
"Wolfe Street Academy",2026,"Baltimore City",179,251,71.3147410358566,-9.13705583756346
"Anne Arundel Evening High",2026,"Anne Arundel",178,484,36.7768595041322,17.1052631578947
"Bennett Middle",2025,"Wicomico",178,963,18.4839044652129,10.5590062111801
"Chesapeake Math And It Public Charter",2024,"Prince Georges",178,1686,10.5575326215896,1.71428571428571
"Dr. Sally K. Ride Elementary",2020,"Montgomery",178,502,35.4581673306773,NA
"Maurice J. Mcdonough High School",2026,"Charles",178,1175,15.1489361702128,-7.77202072538861
"Monocacy Elementary",2021,"Frederick",178,551,32.3049001814882,747.619047619048
"Montpelier Elementary",2020,"Prince Georges",178,604,29.4701986754967,NA
"Northeast High",2023,"Anne Arundel",178,1390,12.8057553956835,12.6582278481013
"Overlea High",2024,"Baltimore County",178,1400,12.7142857142857,7.87878787878789
"Stephen Decatur Middle",2021,"Prince Georges",178,782,22.7621483375959,161.764705882353
"Sudbrook Magnet Middle",2020,"Baltimore County",178,998,17.8356713426854,NA
"Wicomico High",2021,"Wicomico",178,1190,14.9579831932773,58.9285714285714
"William Tyler Page Elementary",2022,"Montgomery",178,619,28.7560581583199,12.6582278481013
"Williamsport High",2024,"Washington",178,1053,16.9040835707502,18.6666666666667
"Winston Churchill High",2020,"Montgomery",178,2274,7.82761653474054,NA
"Winston Churchill High",2021,"Montgomery",178,2245,7.92873051224944,0
"Arundel High",2020,"Anne Arundel",177,2200,8.04545454545455,NA
"Arundel Middle",2023,"Anne Arundel",177,1286,13.7636080870918,30.1470588235294
"Benjamin Banneker Middle",2020,"Montgomery",177,900,19.6666666666667,NA
"Bollman Bridge Elementary",2021,"Howard",177,709,24.9647390691114,-6.34920634920635
"Chesapeake Math And It Public Charter",2025,"Prince Georges",177,1681,10.5294467578822,-0.56179775280899
"Clay Hill Public Charter School",2023,"Baltimore City",177,256,69.140625,50
"Ducketts Lane",2023,"Howard",177,617,28.6871961102107,5.98802395209581
"Friendly High",2021,"Prince Georges",177,816,21.6911764705882,10.625
"Hilltop Elementary",2023,"Anne Arundel",177,535,33.0841121495327,20.4081632653061
"Jessup Elementary",2023,"Anne Arundel",177,597,29.6482412060301,24.6478873239436
"Monocacy Elementary",2023,"Frederick",177,568,31.1619718309859,1006.25
"North Frederick Elementary",2023,"Frederick",177,625,28.32,-4.32432432432432
"Robert Frost Elementary",2025,"Prince Georges",177,257,68.8715953307393,-3.27868852459017
"Samuel Ogle Middle",2026,"Prince Georges",177,775,22.8387096774194,-2.20994475138122
"Wicomico Middle",2024,"Wicomico",177,796,22.2361809045226,9.25925925925926
"Cannon Road Elementary",2025,"Montgomery",176,388,45.360824742268,-6.87830687830688
"Central Middle",2022,"Anne Arundel",176,1281,13.7392661982826,1.73410404624277
"Chesapeake Math And It Public Charter",2026,"Prince Georges",176,1682,10.4637336504162,-0.564971751412424
"Dundalk Elementary",2021,"Baltimore County",176,732,24.0437158469945,1.14942528735633
"Elkton High",2022,"Cecil",176,1059,16.6194523135033,16.5562913907285
"Middle River Middle",2025,"Baltimore County",176,822,21.4111922141119,19.7278911564626
"Northern Middle",2026,"Washington",176,828,21.256038647343,131.578947368421
"Norwood Elementary",2021,"Baltimore County",176,470,37.4468085106383,7.31707317073171
"Rose Valley Elementary",2024,"Prince Georges",176,366,48.0874316939891,5.38922155688624
"Southern High",2021,"Anne Arundel",176,1032,17.0542635658915,33.3333333333333
"Stemmers Run Middle",2025,"Baltimore County",176,831,21.179302045728,27.536231884058
"Atholton High",2022,"Howard",175,1456,12.0192307692308,9.375
"Benjamin Banneker Middle",2021,"Montgomery",175,864,20.2546296296296,-1.12994350282486
"Brooklyn Park Elementary",2023,"Anne Arundel",175,484,36.1570247933884,19.8630136986301
"Chesapeake Math And It Public Charter",2023,"Prince Georges",175,1684,10.3919239904988,6.70731707317074
"Elkton High",2023,"Cecil",175,1106,15.8227848101266,-0.568181818181823
"Fields Road Elementary",2025,"Montgomery",175,453,38.6313465783664,8.69565217391304
"Glendale Elementary",2024,"Anne Arundel",175,402,43.5323383084577,9.375
"James H. Harrison Elementary",2025,"Prince Georges",175,304,57.5657894736842,7.36196319018405
"James H. Harrison Elementary",2026,"Prince Georges",175,319,54.858934169279,0
"Monocacy Elementary",2022,"Frederick",175,539,32.4675324675325,733.333333333333
"Mt Rainier Elementary",2026,"Prince Georges",175,293,59.7269624573379,-7.40740740740741
"Thomas S. Wootton High",2025,"Montgomery",175,1870,9.35828877005348,6.06060606060606
"Thomas Viaduct",2023,"Howard",175,858,20.3962703962704,2.94117647058822
"Westland Middle",2026,"Montgomery",175,841,20.8085612366231,9.375
"Wilde Lake High",2020,"Howard",175,1351,12.9533678756477,NA
"William Tyler Page Elementary",2024,"Montgomery",175,619,28.2714054927302,1.74418604651163
"Carmody Hills Elementary",2025,"Prince Georges",174,389,44.7300771208226,12.987012987013
"College Park Academy",2020,"Prince Georges",174,661,26.3237518910741,NA
"Dumbarton Middle",2024,"Baltimore County",174,1071,16.2464985994398,-5.43478260869565
"Dundalk Elementary",2020,"Baltimore County",174,776,22.4226804123711,NA
"Edgewood Middle",2025,"Harford",174,936,18.5897435897436,1.75438596491229
"Old Mill Middle South",2020,"Anne Arundel",174,990,17.5757575757576,NA
"Riverview Elementary",2021,"Baltimore County",174,513,33.9181286549708,-6.951871657754
"Robert R. Gray Elementary",2023,"Prince Georges",174,427,40.7494145199063,28.8888888888889
"Robert R. Gray Elementary",2025,"Prince Georges",174,375,46.4,9.43396226415094
"Valley View Elementary",2020,"Prince Georges",174,416,41.8269230769231,NA
"Valley View Elementary",2026,"Prince Georges",174,353,49.2917847025496,5.45454545454545
"Berkshire Elementary",2023,"Baltimore County",173,471,36.7303609341826,37.3015873015873
"Central Middle",2021,"Anne Arundel",173,1345,12.8624535315985,6.79012345679013
"Ducketts Lane Elementary",2024,"Howard",173,595,29.0756302521008,NA
"Fields Road Elementary",2023,"Montgomery",173,452,38.2743362831858,3.59281437125749
"Luxmanor Elementary",2025,"Montgomery",173,684,25.2923976608187,2.97619047619047
"Old Mill Middle South",2023,"Anne Arundel",173,979,17.6710929519918,17.687074829932
"Paul Laurence Dunbar High",2024,"Baltimore City",173,1101,15.7129881925522,23.5714285714286
"Pleasant Plains Elementary",2025,"Baltimore County",173,575,30.0869565217391,20.979020979021
"Reisterstown Elementary",2024,"Baltimore County",173,527,32.8273244781784,8.125
"Samuel Ogle Middle",2024,"Prince Georges",173,783,22.0945083014049,8.80503144654088
"Sandy Plains Elementary",2026,"Baltimore County",173,565,30.6194690265487,6.79012345679013
"Silver Creek Middle",2020,"Montgomery",173,887,19.5039458850056,NA
"Thurgood Marshall Elementary",2025,"Montgomery",173,553,31.2839059674503,-12.1827411167513
"Winters Mill High",2023,"Carroll",173,1116,15.5017921146953,8.125
"Dumbarton Middle",2022,"Baltimore County",172,1080,15.9259259259259,2.99401197604789
"Edgewood Middle",2026,"Harford",172,939,18.3173588924388,-1.14942528735632
"Forest Park High",2026,"Baltimore City",172,1052,16.3498098859316,-10.4166666666667
"Kenwood High Ib And Sports Science",2020,"Baltimore County",172,1649,10.4305639781686,NA
"Milford Mill Academy",2026,"Baltimore County",172,1483,11.5981119352664,4.24242424242425
"Monocacy Elementary",2024,"Frederick",172,549,31.3296903460838,514.285714285714
"Northeast High",2024,"Anne Arundel",172,1366,12.5915080527086,-3.37078651685393
"Northern Middle",2023,"Washington",172,848,20.2830188679245,391.428571428571
"Orchard Grove Elementary",2024,"Frederick",172,601,28.6189683860233,6.83229813664596
"Samuel Ogle Middle",2020,"Prince Georges",172,885,19.4350282485876,NA
"Sequoyah Elementary",2021,"Montgomery",172,368,46.7391304347826,-8.51063829787234
"Stemmers Run Middle",2026,"Baltimore County",172,742,23.1805929919137,-2.27272727272727
"Traceys Elementary",2025,"Anne Arundel",172,448,38.3928571428571,8.17610062893081
"Vansville Elementary",2023,"Prince Georges",172,635,27.0866141732283,-5.4945054945055
"Westminster High",2026,"Carroll",172,1511,11.3831899404368,9.55414012738853
"William Tyler Page Elementary",2023,"Montgomery",172,611,28.1505728314239,-3.37078651685393
"Academy For College And Career Exploration",2025,"Baltimore City",171,967,17.6835573940021,3.63636363636364
"Catonsville High",2024,"Baltimore County",171,1733,9.86728216964801,35.7142857142857
"Central Middle",2023,"Anne Arundel",171,1299,13.1639722863741,-2.84090909090909
"Edgewood Middle",2024,"Harford",171,994,17.2032193158954,0.588235294117645
"Old Mill Middle North",2023,"Anne Arundel",171,960,17.8125,11.7647058823529
"Pine Crest Elementary",2020,"Montgomery",171,413,41.4043583535109,NA
"Point Pleasant Elementary",2026,"Anne Arundel",171,491,34.826883910387,7.54716981132075
"Rock Creek Valley Elementary",2021,"Montgomery",171,422,40.521327014218,4.26829268292683
"Rock Creek Valley Elementary",2023,"Montgomery",171,385,44.4155844155844,13.2450331125828
"Ruth Ann Monroe Primary",2026,"Washington",171,596,28.6912751677852,13.2450331125828
"Woodholme Elementary",2026,"Baltimore County",171,704,24.2897727272727,13.2450331125828
"Aberdeen High",2022,"Harford",170,1469,11.572498298162,21.4285714285714
"Barnaby Manor Elementary",2022,"Prince Georges",170,477,35.6394129979036,23.1884057971014
"Benjamin Banneker Middle",2022,"Montgomery",170,856,19.8598130841121,-2.85714285714286
"Benjamin Stoddert Middle",2024,"Prince Georges",170,599,28.3806343906511,44.0677966101695
"Chesapeake High",2025,"Baltimore County",170,1052,16.1596958174905,57.4074074074074
"Edgewood High",2022,"Harford",170,1396,12.1776504297994,0.591715976331364
"Edgewood Middle",2023,"Harford",170,999,17.017017017017,3.03030303030303
"Kettering Middle",2026,"Prince Georges",170,910,18.6813186813187,1.79640718562875
"Mount Hebron High",2023,"Howard",170,1621,10.4873534855028,11.1111111111111
"Oakland Terrace Elementary",2022,"Montgomery",170,493,34.4827586206897,-6.59340659340659
"Pine Crest Elementary",2021,"Montgomery",170,446,38.1165919282511,-0.584795321637432
"Suitland High",2020,"Prince Georges",170,1903,8.93326326852338,NA
"Thomas Viaduct",2022,"Howard",170,857,19.8366394399067,6.91823899371069
"Traceys Elementary",2026,"Anne Arundel",170,432,39.3518518518519,-1.16279069767442
"Wicomico Middle",2025,"Wicomico",170,827,20.5562273276904,-3.954802259887
"Arthur Middleton Elementary School",2024,"Charles",169,696,24.2816091954023,5.62499999999999
"Edgewater Elementary",2025,"Anne Arundel",169,577,29.2894280762565,1.19760479041917
"Edgewater Elementary",2026,"Anne Arundel",169,588,28.7414965986395,0
"Edgewood High",2021,"Harford",169,1413,11.9603680113234,0.595238095238093
"Fields Road Elementary",2020,"Montgomery",169,487,34.7022587268994,NA
"Great Seneca Creek Elementary",2024,"Montgomery",169,510,33.1372549019608,4.96894409937889
"Gwynn Park High",2023,"Prince Georges",169,1140,14.8245614035088,38.5245901639344
"Kettering Middle",2024,"Prince Georges",169,913,18.5104052573932,1.19760479041917
"Old Mill Middle South",2021,"Anne Arundel",169,1018,16.6011787819253,-2.87356321839081
"Orchard Grove Elementary",2022,"Frederick",169,613,27.5693311582382,17.3611111111111
"Reisterstown Elementary",2026,"Baltimore County",169,470,35.9574468085106,-9.13978494623656
"Richard Henry Lee Elementary",2023,"Anne Arundel",169,510,33.1372549019608,7.64331210191083
"Thomas S. Wootton High",2020,"Montgomery",169,2116,7.98676748582231,NA
"Thomas S. Wootton High",2021,"Montgomery",169,2037,8.29651448208149,0
"Thomas W. Pyle Middle",2024,"Montgomery",169,1260,13.4126984126984,13.4228187919463
"Aberdeen Middle",2026,"Harford",168,1098,15.3005464480874,14.2857142857143
"Allenwood Elementary",2020,"Prince Georges",168,435,38.6206896551724,NA
"Ballenger Creek Elementary",2022,"Frederick",168,640,26.25,31.25
"Ballenger Creek Middle",2020,"Frederick",168,817,20.563035495716,NA
"Damascus Elementary",2023,"Montgomery",168,366,45.9016393442623,7.00636942675159
"Edgewood High",2020,"Harford",168,1458,11.522633744856,NA
"Garrett Park Elementary",2021,"Montgomery",168,729,23.0452674897119,-12.9533678756477
"Leonardtown High",2026,"Saint Marys",168,2056,8.17120622568093,1.81818181818181
"Luxmanor Elementary",2024,"Montgomery",168,720,23.3333333333333,6.32911392405062
"Monarch Academy Annapolis Es",2024,"Anne Arundel",168,471,35.6687898089172,7.00636942675159
"Montpelier Elementary",2025,"Prince Georges",168,573,29.3193717277487,8.38709677419356
"Pleasant Plains Elementary",2026,"Baltimore County",168,552,30.4347826086957,-2.89017341040463
"Prince Street School",2020,"Wicomico",168,824,20.3883495145631,NA
"Rachel Carson Elementary",2021,"Montgomery",168,792,21.2121212121212,-14.2857142857143
"Walkersville High",2021,"Frederick",168,1219,13.7817883511075,15.8620689655173
"Western Heights Middle",2023,"Washington",168,903,18.6046511627907,2.4390243902439
"Williamsport High",2026,"Washington",168,992,16.9354838709677,-11.5789473684211
"Ashburton Elementary",2025,"Montgomery",167,871,19.1733639494834,15.1724137931035
"Bennett Middle",2026,"Wicomico",167,983,16.9888097660224,-6.17977528089888
"Chesapeake High",2026,"Baltimore County",167,969,17.234262125903,39.1666666666667
"Corkran Middle School",2020,"Anne Arundel",167,657,25.4185692541857,NA
"Ducketts Lane",2022,"Howard",167,620,26.9354838709677,15.9722222222222
"Dumbarton Middle",2021,"Baltimore County",167,1152,14.4965277777778,-6.70391061452514
"Edgewater Elementary",2024,"Anne Arundel",167,554,30.14440433213,8.44155844155845
"Fields Road Elementary",2022,"Montgomery",167,461,36.2255965292842,8.44155844155845
"Fort Foote Elementary",2026,"Prince Georges",167,311,53.6977491961415,13.6054421768707
"Frances Fuchs Early Childhood Center",2020,"Prince Georges",167,324,51.5432098765432,NA
"James Madison Middle",2024,"Prince Georges",167,839,19.9046483909416,7.74193548387097
"Kettering Middle",2023,"Prince Georges",167,915,18.2513661202186,9.15032679738561
"Kettering Middle",2025,"Prince Georges",167,874,19.1075514874142,-1.18343195266272
"Logan Elementary",2026,"Baltimore County",167,541,30.8687615526802,14.3835616438356
"Lothian Elementary",2021,"Anne Arundel",167,472,35.3813559322034,1.82926829268293
"Morrell Park Elementary/Middle",2024,"Baltimore City",167,429,38.9277389277389,28.4615384615385
"Oakdale High",2022,"Frederick",167,1465,11.3993174061433,23.7037037037037
"Park Elementary",2021,"Anne Arundel",167,522,31.992337164751,4.375
"Queen Annes County High School",2024,"Queen Annes",167,1223,13.6549468520033,9.86842105263157
"Rose Valley Elementary",2023,"Prince Georges",167,366,45.6284153005465,21.0144927536232
"South Hagerstown High",2020,"Washington",167,1345,12.4163568773234,NA
"Whittier Elementary",2025,"Frederick",167,779,21.4377406931964,12.0805369127517
"Benjamin Banneker Middle",2023,"Montgomery",166,781,21.2548015364917,-2.35294117647059
"Curtis Bay Elementary/Middle",2020,"Baltimore City",166,659,25.1896813353566,NA
"Eastport Elementary",2026,"Anne Arundel",166,277,59.927797833935,-13.0890052356021
"Lothian Elementary",2022,"Anne Arundel",166,451,36.8070953436807,-0.598802395209586
"Maugansville Elementary",2025,"Washington",166,698,23.7822349570201,14.4827586206897
"Melwood Elementary",2025,"Prince Georges",166,531,31.2617702448211,12.1621621621622
"Monarch Academy Annapolis Es",2022,"Anne Arundel",166,771,21.5304798962387,5.73248407643312
"North Bethesda Middle",2023,"Montgomery",166,1110,14.954954954955,1.21951219512195
"Patuxent Valley Middle",2022,"Howard",166,800,20.75,9.21052631578947
"Thurgood Marshall Elementary",2021,"Montgomery",166,556,29.8561151079137,-12.6315789473684
"Thurgood Marshall Elementary",2022,"Montgomery",166,556,29.8561151079137,0
"Walkersville Elementary",2025,"Frederick",166,692,23.9884393063584,1.840490797546
"Academy For College And Career Exploration",2024,"Baltimore City",165,957,17.2413793103448,7.84313725490196
"Arundel High",2022,"Anne Arundel",165,1733,9.52106174264282,10.7382550335571
"Cedarmere Elementary",2020,"Baltimore County",165,539,30.6122448979592,NA
"Cedarmere Elementary",2025,"Baltimore County",165,502,32.8685258964143,0.609756097560976
"Chesapeake Math And It Public Charter",2021,"Prince Georges",165,1683,9.80392156862745,10
"Deerfield Run Elementary",2025,"Prince Georges",165,482,34.2323651452282,-12.2340425531915
"Edgewood Middle",2022,"Harford",165,1043,15.8197507190796,5.09554140127388
"Franklin High",2020,"Baltimore County",165,1511,10.9199205823958,NA
"Hickory Elementary",2025,"Washington",165,326,50.6134969325153,283.720930232558
"Lansdowne Elementary",2020,"Baltimore County",165,631,26.148969889065,NA
"Leonardtown High",2025,"Saint Marys",165,2118,7.79036827195467,15.3846153846154
"Milford Mill Academy",2025,"Baltimore County",165,1471,11.2168592794018,17.8571428571429
"North Point High School",2022,"Charles",165,1865,8.84718498659517,17.0212765957447
"Overlea High",2023,"Baltimore County",165,1365,12.0879120879121,10
"Panorama Elementary",2026,"Prince Georges",165,585,28.2051282051282,15.3846153846154
"Patuxent Valley Middle",2025,"Howard",165,840,19.6428571428571,-7.82122905027933
"Robert Frost Elementary",2023,"Prince Georges",165,268,61.5671641791045,1.85185185185186
"Thomas S. Wootton High",2024,"Montgomery",165,1875,8.8,5.09554140127388
"Valley View Elementary",2025,"Prince Georges",165,351,47.008547008547,13.013698630137
"Wicomico Middle",2022,"Wicomico",165,823,20.048602673147,6.4516129032258
"Apple Grove Elementary",2024,"Prince Georges",164,323,50.7739938080495,-19.2118226600985
"Cannon Road Elementary",2026,"Montgomery",164,352,46.5909090909091,-6.81818181818182
"Cedarmere Elementary",2022,"Baltimore County",164,540,30.3703703703704,3.14465408805031
"Cedarmere Elementary",2024,"Baltimore County",164,525,31.2380952380952,3.14465408805031
"Chesapeake Math And It Public Charter",2022,"Prince Georges",164,1690,9.70414201183432,-0.60606060606061
"Cockeysville Middle",2022,"Baltimore County",164,833,19.68787515006,3.14465408805031
"Eastport Elementary",2023,"Anne Arundel",164,269,60.9665427509294,3.79746835443038
"General John Stricker Middle",2026,"Baltimore County",164,724,22.6519337016575,10.0671140939597
"George T. Cromwell Elementary",2026,"Anne Arundel",164,420,39.0476190476191,15.4929577464789
"Largo High",2024,"Prince Georges",164,1033,15.8760890609874,31.2
"Linganore High",2023,"Frederick",164,1572,10.4325699745547,15.4929577464789
"Lothian Elementary",2020,"Anne Arundel",164,495,33.1313131313131,NA
"North Bethesda Middle",2022,"Montgomery",164,1152,14.2361111111111,1.23456790123457
"Norwood Elementary",2020,"Baltimore County",164,491,33.4012219959267,NA
"Red House Run Elementary",2023,"Baltimore County",164,615,26.6666666666667,33.3333333333333
"Richard Henry Lee Elementary",2025,"Anne Arundel",164,378,43.3862433862434,-13.6842105263158
"Robert Frost Elementary",2021,"Prince Georges",164,275,59.6363636363636,2.49999999999999
"Rock Creek Valley Elementary",2020,"Montgomery",164,436,37.6146788990826,NA
"Urbana Middle",2026,"Frederick",164,1116,14.6953405017921,10.0671140939597
"Western Heights Middle",2022,"Washington",164,942,17.4097664543524,10.0671140939597
"William Paca Elementary",2021,"Prince Georges",164,544,30.1470588235294,-23.7209302325581
"Dodge Park Elementary",2022,"Prince Georges",163,509,32.0235756385069,-10.4395604395604
"Frances R Fuchs E C C",2026,"Prince Georges",163,331,49.2447129909366,-9.94475138121547
"Garrett Park Elementary",2024,"Montgomery",163,685,23.7956204379562,0.617283950617287
"Great Seneca Creek Elementary",2026,"Montgomery",163,464,35.1293103448276,1.24223602484472
"James H. Harrison Elementary",2024,"Prince Georges",163,301,54.1528239202658,3.16455696202531
"Johnnycake Elementary",2020,"Baltimore County",163,690,23.6231884057971,NA
"Mount Hebron High",2020,"Howard",163,1695,9.6165191740413,NA
"Springfield Middle",2025,"Washington",163,808,20.1732673267327,20.7407407407407
"Thomas Viaduct Middle",2025,"Howard",163,758,21.5039577836412,8.66666666666667
"Thomas W. Pyle Middle School",2020,"Montgomery",163,1534,10.625814863103,NA
"Walkersville Elementary",2024,"Frederick",163,698,23.352435530086,5.84415584415585
"Ashburton Elementary",2021,"Montgomery",162,900,18,1.25
"Baltimore Polytechnic Institute",2020,"Baltimore City",162,1584,10.2272727272727,NA
"Central Middle",2020,"Anne Arundel",162,1284,12.6168224299065,NA
"Damascus Elementary",2024,"Montgomery",162,346,46.8208092485549,-3.57142857142857
"Dr. Sally K. Ride Elementary",2025,"Montgomery",162,428,37.8504672897196,-10.989010989011
"Garrett Park Elementary",2023,"Montgomery",162,686,23.6151603498542,1.88679245283019
"Hilltop Elementary",2024,"Anne Arundel",162,533,30.3939962476548,-8.47457627118644
"Mt Rainier Elementary",2024,"Prince Georges",162,285,56.8421052631579,-17.3469387755102
"North Bethesda Middle",2021,"Montgomery",162,1198,13.5225375626043,0.62111801242235
"Robert Frost Elementary",2022,"Prince Georges",162,266,60.9022556390977,-1.21951219512195
"Rock Creek Valley Elementary",2024,"Montgomery",162,367,44.141689373297,-5.26315789473685
"Samuel Ogle Middle",2021,"Prince Georges",162,826,19.6125907990315,-5.81395348837209
"Sandy Plains Elementary",2025,"Baltimore County",162,580,27.9310344827586,33.8842975206612
"Seabrook Elementary",2023,"Prince Georges",162,316,51.2658227848101,-13.8297872340426
"Stephen Decatur Middle",2020,"Prince Georges",162,769,21.0663198959688,NA
"Talbott Springs Elementary",2024,"Howard",162,488,33.1967213114754,11.7241379310345
"Wicomico Middle",2023,"Wicomico",162,819,19.7802197802198,-1.81818181818182
"William Paca/Old Post Road Elementary",2022,"Harford",162,807,20.0743494423792,8.00000000000001
"Benjamin Banneker Middle",2026,"Montgomery",161,707,22.7722772277228,-11.5384615384615
"Bennett Middle",2024,"Wicomico",161,919,17.519042437432,5.22875816993464
"Cloverly Elementary",2024,"Montgomery",161,464,34.698275862069,8.78378378378379
"Corkran Middle School",2021,"Anne Arundel",161,638,25.2351097178683,-3.59281437125748
"E. Russell Hicks Middle",2023,"Washington",161,824,19.5388349514563,4.54545454545454
"Fields Road Elementary",2024,"Montgomery",161,449,35.8574610244989,-6.93641618497109
"Flower Valley Elementary",2025,"Montgomery",161,524,30.7251908396947,-12.5
"Forest Park High",2023,"Baltimore City",161,826,19.4915254237288,24.8062015503876
"Great Seneca Creek Elementary",2023,"Montgomery",161,520,30.9615384615385,3.87096774193549
"Great Seneca Creek Elementary",2025,"Montgomery",161,487,33.0595482546201,-4.73372781065089
"Hebron - Harman Elementary",2020,"Anne Arundel",161,759,21.2121212121212,NA
"Hebron - Harman Elementary",2021,"Anne Arundel",161,687,23.4352256186317,0
"J. P. Ryon Elementary School",2026,"Charles",161,592,27.1959459459459,-13.4408602150538
"Lois P. Rockwell Elementary",2025,"Montgomery",161,518,31.0810810810811,8.0536912751678
"Maurice J. Mcdonough High School",2024,"Charles",161,1130,14.2477876106195,18.3823529411765
"North Bethesda Middle",2020,"Montgomery",161,1233,13.0575831305758,NA
"Old Post Road Elementary",2023,"Harford",161,842,19.1211401425178,NA
"Orchard Grove Elementary",2023,"Frederick",161,616,26.1363636363636,-4.73372781065089
"Pangborn Elementary",2023,"Washington",161,673,23.9227340267459,8.0536912751678
"Red House Run Elementary",2024,"Baltimore County",161,596,27.0134228187919,-1.82926829268293
"Reisterstown Elementary",2020,"Baltimore County",161,564,28.5460992907801,NA
"Westland Middle",2024,"Montgomery",161,865,18.6127167630058,13.3802816901408
"Arthur Middleton Elementary School",2023,"Charles",160,619,25.8481421647819,18.5185185185185
"Ashburton Elementary",2020,"Montgomery",160,922,17.353579175705,NA
"Atholton High",2021,"Howard",160,1472,10.8695652173913,16.7883211678832
"Friendly High",2020,"Prince Georges",160,791,20.2275600505689,NA
"Glendale Elementary",2023,"Anne Arundel",160,400,40,8.10810810810811
"Hebron - Harman Elementary",2023,"Anne Arundel",160,677,23.6336779911374,3.89610389610389
"Hilltop Elementary",2021,"Anne Arundel",160,570,28.0701754385965,-13.9784946236559
"Luxmanor Elementary",2020,"Montgomery",160,678,23.598820058997,NA
"Maple Elementary School",2025,"Dorchester",160,483,33.1262939958592,12.6760563380282
"North Frederick Elementary",2021,"Frederick",160,599,26.7111853088481,-12.0879120879121
"Park Elementary",2020,"Anne Arundel",160,519,30.8285163776493,NA
"Reisterstown Elementary",2023,"Baltimore County",160,507,31.5581854043393,12.6760563380282
"Robert Frost Elementary",2020,"Prince Georges",160,287,55.7491289198606,NA
"University Park Elementary",2023,"Prince Georges",160,437,36.6132723112128,2.56410256410255
"Western Heights Middle",2020,"Washington",160,1001,15.984015984016,NA
"Westland Middle",2025,"Montgomery",160,839,19.0703218116806,-0.621118012422361
"William Tyler Page Elementary",2020,"Montgomery",160,615,26.0162601626016,NA
"Winters Mill High",2022,"Carroll",160,1086,14.7329650092081,28
"Cedarmere Elementary",2021,"Baltimore County",159,524,30.3435114503817,-3.63636363636364
"Cedarmere Elementary",2023,"Baltimore County",159,549,28.9617486338798,-3.04878048780488
"Clearspring Elementary",2025,"Montgomery",159,541,29.3900184842884,5.29801324503312
"Clearspring Elementary",2026,"Montgomery",159,529,30.0567107750473,0
"Cockeysville Middle",2021,"Baltimore County",159,878,18.1093394077449,3.24675324675325
"Garrett Park Elementary",2022,"Montgomery",159,670,23.7313432835821,-5.35714285714286
"Hickory Elementary",2024,"Washington",159,334,47.6047904191617,297.5
"Macarthur Middle",2026,"Anne Arundel",159,1008,15.7738095238095,2.58064516129033
"Mergenthaler Vocational-Technical High",2025,"Baltimore City",159,1714,9.27654609101517,3.92156862745099
"Point Pleasant Elementary",2025,"Anne Arundel",159,486,32.7160493827161,15.2173913043478
"Queen Annes County High School",2026,"Queen Annes",159,1132,14.0459363957597,3.24675324675325
"Robert R. Gray Elementary",2024,"Prince Georges",159,353,45.042492917847,-8.62068965517241
"Samuel Chase Elementary",2025,"Prince Georges",159,355,44.7887323943662,35.8974358974359
"Samuel Chase Elementary",2026,"Prince Georges",159,331,48.036253776435,0
"Samuel Ogle Middle",2023,"Prince Georges",159,795,20,4.60526315789473
"Thomas Viaduct",2021,"Howard",159,835,19.0419161676647,22.3076923076923
"Thomas W. Pyle Middle",2026,"Montgomery",159,1232,12.9058441558442,-15.8730158730159
"Traceys Elementary",2024,"Anne Arundel",159,446,35.6502242152466,6.71140939597314
"Allenwood Elementary",2023,"Prince Georges",158,325,48.6153846153846,3.94736842105263
"Crofton Middle",2025,"Anne Arundel",158,1345,11.7472118959108,19.6969696969697
"Cross Country Elementary/Middle",2026,"Baltimore City",158,742,21.2938005390836,9.72222222222223
"Dodge Park Elementary",2026,"Prince Georges",158,474,33.3333333333333,8.21917808219179
"Eastport Elementary",2022,"Anne Arundel",158,272,58.0882352941177,7.48299319727892
"James H. Harrison Elementary",2023,"Prince Georges",158,302,52.317880794702,12.8571428571429
"Luxmanor Elementary",2023,"Montgomery",158,707,22.3479490806223,3.94736842105263
"Maple Elementary School",2026,"Dorchester",158,477,33.1236897274633,-1.25
"Northeast High",2022,"Anne Arundel",158,1387,11.3914924297044,12.0567375886525
"Pangborn Elementary",2020,"Washington",158,739,21.3802435723951,NA
"Pangborn Elementary",2021,"Washington",158,690,22.8985507246377,0
"Patuxent Valley Middle",2023,"Howard",158,767,20.599739243807,-4.81927710843374
"Valley View Elementary",2021,"Prince Georges",158,377,41.9098143236074,-9.19540229885057
"Whittier Elementary",2026,"Frederick",158,806,19.6029776674938,-5.38922155688623
"William Paca/Old Post Road Elementary",2020,"Harford",158,865,18.2658959537572,NA
"William Tyler Page Elementary",2021,"Montgomery",158,622,25.4019292604502,-1.25
"Barnaby Manor Elementary",2020,"Prince Georges",157,501,31.3373253493014,NA
"Damascus Elementary",2022,"Montgomery",157,361,43.4903047091413,9.79020979020979
"Drew Freeman Middle",2021,"Prince Georges",157,838,18.7350835322196,4.66666666666666
"E. Russell Hicks Middle",2021,"Washington",157,890,17.6404494382022,14.5985401459854
"Edgewood Middle",2021,"Harford",157,1186,13.2377740303541,6.08108108108107
"Hilltop Elementary",2025,"Anne Arundel",157,521,30.1343570057582,-3.08641975308642
"Monarch Academy Annapolis Es",2021,"Anne Arundel",157,759,20.6851119894598,-13.7362637362637
"Monarch Academy Annapolis Es",2023,"Anne Arundel",157,585,26.8376068376068,-5.42168674698795
"Old Mill Middle North",2024,"Anne Arundel",157,924,16.991341991342,-8.18713450292398
"Richard Henry Lee Elementary",2022,"Anne Arundel",157,476,32.9831932773109,13.768115942029
"Thomas S. Wootton High",2023,"Montgomery",157,1911,8.21559392987964,1.29032258064516
"Thomas Viaduct Middle",2026,"Howard",157,749,20.9612817089453,-3.68098159509203
"Westminster High",2025,"Carroll",157,1477,10.6296547054841,12.1428571428571
"Woodside Elementary",2024,"Anne Arundel",157,347,45.2449567723343,4.66666666666666
"Cedarmere Elementary",2026,"Baltimore County",156,460,33.9130434782609,-5.45454545454546
"Flower Valley Elementary",2023,"Montgomery",156,540,28.8888888888889,15.5555555555555
"Freetown Elementary",2026,"Anne Arundel",156,553,28.2097649186257,3.31125827814569
"Glen Burnie Park Elementary",2024,"Anne Arundel",156,503,31.013916500994,5.40540540540539
"Hickory Elementary",2026,"Washington",156,313,49.8402555910543,218.367346938776
"Montpelier Elementary",2023,"Prince Georges",156,562,27.7580071174377,16.4179104477612
"New Era Academy",2022,"Baltimore City",156,382,40.8376963350785,10.6382978723404
"University Park Elementary",2022,"Prince Georges",156,429,36.3636363636364,-16.5775401069519
"Wicomico Middle",2020,"Wicomico",156,875,17.8285714285714,NA
"William Paca Elementary",2022,"Prince Georges",156,522,29.8850574712644,-37.6
"Benjamin Stoddert Middle School",2023,"Charles",155,925,16.7567567567568,37.1681415929203
"Deer Park Middle Magnet School",2026,"Baltimore County",155,1109,13.9765554553652,9.92907801418439
"Dr. Charles R. Drew Elementary",2025,"Montgomery",155,485,31.9587628865979,12.3188405797102
"Great Seneca Creek Elementary",2022,"Montgomery",155,521,29.7504798464491,6.89655172413792
"Hanover Hills Elementary",2024,"Howard",155,844,18.3649289099526,NA
"James M. Bennett High",2021,"Wicomico",155,1362,11.3803230543319,-34.0425531914894
"James Madison Middle",2023,"Prince Georges",155,873,17.7548682703322,10.7142857142857
"James Madison Middle",2026,"Prince Georges",155,753,20.5843293492696,0.649350649350655
"Macarthur Middle",2025,"Anne Arundel",155,992,15.625,18.3206106870229
"Montpelier Elementary",2024,"Prince Georges",155,571,27.1453590192644,-0.641025641025639
"Murray Hill Middle",2020,"Howard",155,733,21.1459754433834,NA
"Robert Frost Elementary",2026,"Prince Georges",155,234,66.2393162393162,-12.4293785310734
"Southwest Academy",2024,"Baltimore County",155,813,19.0651906519065,40.9090909090909
"Spring Ridge Middle",2025,"Saint Marys",155,913,16.9769989047097,7.63888888888888
"Thomas S. Wootton High",2022,"Montgomery",155,1943,7.97735460627895,-8.28402366863905
"Whittier Elementary",2023,"Frederick",155,735,21.0884353741497,7.63888888888888
"Wicomico Middle",2021,"Wicomico",155,829,18.6972255729795,-0.641025641025639
"William H. Farquhar Middle",2025,"Montgomery",155,682,22.7272727272727,7.63888888888888
"Burnt Mills Elementary",2022,"Montgomery",154,596,25.8389261744966,11.5942028985507
"Carmody Hills Elementary",2024,"Prince Georges",154,396,38.8888888888889,2.66666666666666
"Clearspring Elementary",2023,"Montgomery",154,574,26.8292682926829,12.4087591240876
"Cockeysville Middle",2020,"Baltimore County",154,910,16.9230769230769,NA
"Dr. Sally K. Ride Elementary",2026,"Montgomery",154,399,38.5964912280702,-4.93827160493827
"E. Russell Hicks Middle",2022,"Washington",154,839,18.3551847437426,-1.91082802547771
"Edgewater Elementary",2023,"Anne Arundel",154,578,26.643598615917,10
"Fields Road Elementary",2021,"Montgomery",154,458,33.6244541484716,-8.87573964497042
"Hebron - Harman Elementary",2022,"Anne Arundel",154,677,22.7474150664697,-4.34782608695652
"James M. Bennett High",2022,"Wicomico",154,1333,11.5528882220555,-0.645161290322582
"James Madison Middle",2025,"Prince Georges",154,800,19.25,-7.78443113772455
"John Hanson Middle School",2022,"Charles",154,857,17.9696616102684,19.3798449612403
"Patapsco High And Center For Arts",2023,"Baltimore County",154,1312,11.7378048780488,6.20689655172413
"Queen Annes County High School",2025,"Queen Annes",154,1145,13.4497816593886,-7.78443113772455
"Rocky Hill Middle",2020,"Montgomery",154,883,17.440543601359,NA
"Silver Creek Middle",2021,"Montgomery",154,838,18.3770883054893,-10.9826589595376
"Walkersville Elementary",2023,"Frederick",154,689,22.3512336719884,14.9253731343284
"Academy For College And Career Exploration",2023,"Baltimore City",153,902,16.9623059866962,30.7692307692308
"Benjamin Tasker Middle",2025,"Prince Georges",153,1058,14.461247637051,12.5
"Bennett Middle",2023,"Wicomico",153,906,16.887417218543,4.7945205479452
"Garrett Park Elementary",2026,"Montgomery",153,761,20.1051248357424,0.657894736842102
"Greencastle Elementary",2023,"Montgomery",153,714,21.4285714285714,1.32450331125828
"Johnnycake Elementary",2023,"Baltimore County",153,552,27.7173913043478,11.6788321167883
"Jones Lane Elementary",2023,"Montgomery",153,449,34.075723830735,4.08163265306123
"Kettering Middle",2022,"Prince Georges",153,932,16.4163090128755,17.6923076923077
"Mergenthaler Vocational-Technical High",2022,"Baltimore City",153,1832,8.35152838427948,5.51724137931036
"Mergenthaler Vocational-Technical High",2024,"Baltimore City",153,1757,8.7080250426864,11.6788321167883
"Montpelier Elementary",2021,"Prince Georges",153,577,26.5164644714038,-14.0449438202247
"Mount Hebron High",2022,"Howard",153,1639,9.33496034167175,0.657894736842102
"Old Mill Middle North",2022,"Anne Arundel",153,992,15.4233870967742,5.51724137931036
"Stonegate Elementary",2024,"Montgomery",153,549,27.8688524590164,17.6923076923077
"Tayac Elementary",2024,"Prince Georges",153,345,44.3478260869565,6.25
"Timber Grove Elementary",2023,"Baltimore County",153,543,28.1767955801105,17.6923076923077
"Woodside Elementary",2020,"Anne Arundel",153,368,41.5760869565217,NA
"Allenwood Elementary",2022,"Prince Georges",152,330,46.0606060606061,14.2857142857143
"Anne Arundel Evening High",2025,"Anne Arundel",152,439,34.624145785877,68.8888888888889
"Crofton Middle",2021,"Anne Arundel",152,1339,11.3517550410754,11.7647058823529
"Garrett Park Elementary",2025,"Montgomery",152,724,20.9944751381215,-6.74846625766872
"Hickory Elementary",2023,"Washington",152,328,46.3414634146341,261.904761904762
"Luxmanor Elementary",2022,"Montgomery",152,670,22.6865671641791,6.29370629370629
"Mount Hebron High",2021,"Howard",152,1635,9.29663608562691,-6.74846625766872
"Murray Hill Middle",2021,"Howard",152,723,21.0235131396957,-1.93548387096775
"Patuxent Valley Middle",2021,"Howard",152,778,19.5372750642674,19.6850393700787
"Queen Annes County High School",2023,"Queen Annes",152,1209,12.5723738626964,19.6850393700787
"Samuel Ogle Middle",2022,"Prince Georges",152,749,20.2937249666222,-6.17283950617284
"Southern Middle",2021,"Anne Arundel",152,790,19.2405063291139,253.488372093023
"Academy For College And Career Exploration",2026,"Baltimore City",151,947,15.9450897571278,-11.6959064327485
"Clearspring Elementary",2024,"Montgomery",151,539,28.0148423005566,-1.94805194805194
"Elkton High",2021,"Cecil",151,1061,14.2318567389255,17.96875
"Fairland Elementary",2020,"Montgomery",151,592,25.5067567567568,NA
"Fairland Elementary",2021,"Montgomery",151,585,25.8119658119658,0
"Fairland Elementary",2025,"Montgomery",151,553,27.3056057866184,2.02702702702702
"Featherbed Lane Elementary",2026,"Baltimore County",151,586,25.7679180887372,1.34228187919463
"Freetown Elementary",2025,"Anne Arundel",151,530,28.4905660377358,26.890756302521
"Great Seneca Creek Elementary",2020,"Montgomery",151,594,25.4208754208754,NA
"Greencastle Elementary",2022,"Montgomery",151,697,21.6642754662841,2.02702702702702
"Murray Hill Middle",2025,"Howard",151,616,24.512987012987,13.5338345864662
"Northern Middle",2024,"Washington",151,822,18.3698296836983,235.555555555556
"Prince Street School",2021,"Wicomico",151,731,20.656634746922,-10.1190476190476
"Rachel Carson Elementary",2025,"Montgomery",151,671,22.5037257824143,6.33802816901408
"Rippling Woods Elementary",2025,"Anne Arundel",151,702,21.5099715099715,42.4528301886792
"Rock Creek Valley Elementary",2022,"Montgomery",151,375,40.2666666666667,-11.6959064327485
"Ruth Ann Monroe Primary",2025,"Washington",151,579,26.0794473229706,13.5338345864662
"Thurgood Marshall Elementary",2026,"Montgomery",151,485,31.1340206185567,-12.7167630057804
"Woodholme Elementary",2024,"Baltimore County",151,666,22.6726726726727,2.02702702702702
"Woodholme Elementary",2025,"Baltimore County",151,685,22.043795620438,0
"Ashburton Elementary",2022,"Montgomery",150,834,17.9856115107914,-7.40740740740741
"Ashburton Elementary",2023,"Montgomery",150,810,18.5185185185185,0
"Carmody Hills Elementary",2023,"Prince Georges",150,443,33.8600451467269,20.9677419354839
"Chesapeake Math And It Public Charter",2020,"Prince Georges",150,1664,9.01442307692308,NA
"Crofton Middle",2023,"Anne Arundel",150,1374,10.9170305676856,20.9677419354839
"Dodge Park Elementary",2024,"Prince Georges",150,554,27.0758122743682,4.16666666666667
"Drew Freeman Middle",2020,"Prince Georges",150,868,17.2811059907834,NA
"Orchard Grove Elementary",2020,"Frederick",150,635,23.6220472440945,NA
"Overlea High",2022,"Baltimore County",150,1286,11.6640746500778,26.0504201680672
"Rock Creek Valley Elementary",2025,"Montgomery",150,332,45.1807228915663,-7.40740740740741
"Rolling Knolls Elementary",2025,"Anne Arundel",150,402,37.3134328358209,6.38297872340425
"Ronald Mcnair Elementary",2020,"Montgomery",150,828,18.1159420289855,NA
"Thomas Viaduct Middle",2024,"Howard",150,764,19.6335078534031,NA
"Thurgood Marshall Middle School",2020,"Prince Georges",150,625,24,NA
"William Beanes Elementary",2026,"Prince Georges",150,433,34.6420323325635,6.38297872340425
"William Paca/Old Post Road Elementary",2021,"Harford",150,836,17.9425837320574,-5.06329113924051
"Williamsport High",2023,"Washington",150,959,15.6412930135558,9.48905109489051
"Woodside Elementary",2023,"Anne Arundel",150,336,44.6428571428571,10.2941176470588
"Arundel High",2021,"Anne Arundel",149,1876,7.94243070362473,-15.819209039548
"Burnt Mills Elementary",2020,"Montgomery",149,578,25.7785467128028,NA
"Featherbed Lane Elementary",2025,"Baltimore County",149,572,26.048951048951,15.5038759689923
"Fort Washington Forest Elem",2024,"Prince Georges",149,391,38.1074168797954,NA
"General John Stricker Middle",2025,"Baltimore County",149,713,20.8976157082749,37.962962962963
"Greencastle Elementary",2025,"Montgomery",149,722,20.6371191135734,0.67567567567568
"Kingsview Middle",2020,"Montgomery",149,983,15.1576805696846,NA
"Lois P. Rockwell Elementary",2024,"Montgomery",149,527,28.2732447817837,6.42857142857143
"Pangborn Elementary",2022,"Washington",149,685,21.7518248175182,-5.69620253164557
"Spring Ridge Middle",2026,"Saint Marys",149,879,16.9510807736064,-3.87096774193548
"Thomas W. Pyle Middle",2023,"Montgomery",149,1241,12.0064464141821,NA
"Thomas W. Pyle Middle School",2021,"Montgomery",149,1433,10.3977669225401,-8.58895705521472
"Traceys Elementary",2023,"Anne Arundel",149,437,34.0961098398169,2.05479452054795
"Urbana Middle",2025,"Frederick",149,1090,13.6697247706422,15.5038759689923
"Western Heights Middle",2021,"Washington",149,950,15.6842105263158,-6.875
"Western High",2024,"Baltimore City",149,1328,11.2198795180723,28.448275862069
"Whittier Elementary",2024,"Frederick",149,730,20.4109589041096,-3.87096774193548
"Aberdeen Middle",2023,"Harford",148,1082,13.6783733826248,5.71428571428572
"Cloverly Elementary",2023,"Montgomery",148,460,32.1739130434783,15.625
"Crofton Middle",2026,"Anne Arundel",148,1354,10.930576070901,-6.32911392405063
"Edgewood Middle",2020,"Harford",148,1160,12.7586206896552,NA
"Fairland Elementary",2024,"Montgomery",148,566,26.1484098939929,8.02919708029197
"Fort Worthington Elementary/Middle",2025,"Baltimore City",148,705,20.9929078014184,32.1428571428571
"Glen Burnie Park Elementary",2023,"Anne Arundel",148,489,30.2658486707566,11.2781954887218
"Glendale Elementary",2022,"Anne Arundel",148,388,38.1443298969072,4.96453900709219
"Greencastle Elementary",2021,"Montgomery",148,743,19.9192462987887,6.4748201438849
"Greencastle Elementary",2024,"Montgomery",148,753,19.6547144754316,-3.26797385620915
"Melwood Elementary",2024,"Prince Georges",148,501,29.5409181636727,1.36986301369864
"Parkside High",2025,"Wicomico",148,1272,11.6352201257862,13.8461538461538
"Patapsco High & Center For Arts",2020,"Baltimore County",148,1434,10.3207810320781,NA
"Rippling Woods Elementary",2026,"Anne Arundel",148,666,22.2222222222222,-1.98675496688742
"Ronald Mcnair Elementary",2021,"Montgomery",148,800,18.5,-1.33333333333333
"Sussex Elementary",2026,"Baltimore County",148,441,33.5600907029478,8.8235294117647
"Van Bokkelen Elementary",2024,"Anne Arundel",148,433,34.1801385681293,20.3252032520325
"Westland Middle",2022,"Montgomery",148,802,18.4538653366584,5.71428571428572
"Woodholme Elementary",2023,"Baltimore County",148,696,21.264367816092,8.8235294117647
"Aberdeen Middle",2025,"Harford",147,1071,13.7254901960784,5
"Berkshire Elementary",2020,"Baltimore County",147,484,30.3719008264463,NA
"Burnt Mills Elementary",2025,"Montgomery",147,747,19.6787148594378,3.52112676056338
"Eastport Elementary",2021,"Anne Arundel",147,283,51.9434628975265,2.08333333333333
"Fort Foote Elementary",2025,"Prince Georges",147,277,53.0685920577617,10.5263157894737
"Hilltop Elementary",2022,"Anne Arundel",147,499,29.4589178356713,-8.125
"Jones Lane Elementary",2022,"Montgomery",147,425,34.5882352941176,10.5263157894737
"Lansdowne Elementary",2021,"Baltimore County",147,544,27.0220588235294,-10.9090909090909
"Middle River Middle",2024,"Baltimore County",147,950,15.4736842105263,6.52173913043479
"Mount Hebron High",2024,"Howard",147,1518,9.68379446640316,-13.5294117647059
"North Forestville Elementary",2025,"Prince Georges",147,271,54.2435424354244,5.75539568345325
"Old Mill Middle South",2022,"Anne Arundel",147,964,15.2489626556017,-13.0177514792899
"Rachel Carson Elementary",2023,"Montgomery",147,698,21.0601719197708,5
"Rolling Knolls Elementary",2026,"Anne Arundel",147,396,37.1212121212121,-2
"Salem Avenue Elementary",2023,"Washington",147,687,21.3973799126638,16.6666666666667
"Sequoyah Elementary",2022,"Montgomery",147,353,41.643059490085,-14.5348837209302
"Surrattsville High",2023,"Prince Georges",147,772,19.0414507772021,16.6666666666667
"Westland Middle",2020,"Montgomery",147,808,18.1930693069307,NA
"Woodside Elementary",2026,"Anne Arundel",147,303,48.5148514851485,5.75539568345325
"Baltimore City College",2021,"Baltimore City",146,1439,10.1459346768589,15.8730158730159
"Bennett Middle",2022,"Wicomico",146,952,15.3361344537815,6.56934306569343
"Brooklyn Park Elementary",2022,"Anne Arundel",146,469,31.1300639658849,25.8620689655172
"Charles Carroll Barrister Elementary",2024,"Baltimore City",146,287,50.8710801393728,5.79710144927537
"Cloverly Elementary",2025,"Montgomery",146,429,34.032634032634,-9.3167701863354
"Crofton High School",2022,"Anne Arundel",146,1303,11.2049117421335,94.6666666666667
"Dodge Park Elementary",2025,"Prince Georges",146,494,29.5546558704453,-2.66666666666666
"Fairland Elementary",2026,"Montgomery",146,558,26.1648745519713,-3.31125827814569
"Flower Valley Elementary",2026,"Montgomery",146,504,28.968253968254,-9.3167701863354
"Forest Heights Elementary",2020,"Prince Georges",146,330,44.2424242424242,NA
"Forest Heights Elementary",2021,"Prince Georges",146,309,47.2491909385113,0
"Forest Ridge Elementary",2025,"Howard",146,659,22.154779969651,1.38888888888888
"Frances Fuchs Early Childhood Center",2023,"Prince Georges",146,340,42.9411764705882,37.7358490566038
"Greencastle Elementary",2026,"Montgomery",146,692,21.0982658959538,-2.01342281879194
"Hilltop Elementary",2026,"Anne Arundel",146,496,29.4354838709677,-7.00636942675159
"Logan Elementary",2025,"Baltimore County",146,556,26.2589928057554,10.6060606060606
"Melwood Elementary",2023,"Prince Georges",146,450,32.4444444444444,3.54609929078014
"Reisterstown Elementary",2021,"Baltimore County",146,500,29.2,-9.3167701863354
"Thomas W. Pyle Middle School",2022,"Montgomery",146,1312,11.1280487804878,-2.01342281879194
"Traceys Elementary",2022,"Anne Arundel",146,425,34.3529411764706,1.38888888888888
"Valley View Elementary",2024,"Prince Georges",146,352,41.4772727272727,6.56934306569343
"Victory Villa Elementary",2026,"Baltimore County",146,636,22.9559748427673,2.8169014084507
"Aberdeen High",2020,"Harford",145,1431,10.1327742837177,NA
"Apple Grove Elementary",2025,"Prince Georges",145,277,52.3465703971119,-11.5853658536585
"Ashburton Elementary",2024,"Montgomery",145,821,17.6613885505481,-3.33333333333333
"Clearspring Elementary",2020,"Montgomery",145,588,24.6598639455782,NA
"Cloverly Elementary",2026,"Montgomery",145,439,33.0296127562642,-0.684931506849318
"Great Seneca Creek Elementary",2021,"Montgomery",145,538,26.9516728624535,-3.97350993377483
"High Point Elementary",2025,"Anne Arundel",145,665,21.8045112781955,16.9354838709678
"Maugansville Elementary",2024,"Washington",145,705,20.5673758865248,14.1732283464567
"Mergenthaler Vocational-Technical High",2021,"Baltimore City",145,1785,8.12324929971989,34.2592592592593
"Old Mill Middle North",2021,"Anne Arundel",145,1042,13.915547024952,0.694444444444442
"Patapsco High And Center For Arts",2022,"Baltimore County",145,1365,10.6227106227106,8.20895522388059
"Rachel Carson Elementary",2026,"Montgomery",145,644,22.5155279503106,-3.97350993377483
"Talbott Springs Elementary",2023,"Howard",145,483,30.0207039337474,11.5384615384615
"Walkersville High",2020,"Frederick",145,1185,12.2362869198312,NA
"Woodholme Elementary",2020,"Baltimore County",145,714,20.3081232492997,NA
"Woodside Elementary",2021,"Anne Arundel",145,340,42.6470588235294,-5.22875816993464
"Ashburton Elementary",2026,"Montgomery",144,818,17.6039119804401,-13.7724550898204
"Chesapeake High",2024,"Baltimore County",144,1028,14.0077821011673,56.5217391304348
"Cross Country Elementary/Middle",2025,"Baltimore City",144,740,19.4594594594595,9.09090909090908
"Curtis Bay Elementary",2023,"Baltimore City",144,427,33.7236533957845,33.3333333333333
"Dodge Park Elementary",2023,"Prince Georges",144,522,27.5862068965517,-11.6564417177914
"Ducketts Lane",2021,"Howard",144,630,22.8571428571429,4.34782608695652
"Eastport Elementary",2020,"Anne Arundel",144,300,48,NA
"Forest Ridge Elementary",2024,"Howard",144,679,21.2076583210604,7.46268656716418
"Fort Foote Elementary",2023,"Prince Georges",144,309,46.6019417475728,17.0731707317073
"Georgetown East Elementary",2024,"Anne Arundel",144,342,42.1052631578947,17.0731707317073
"J. P. Ryon Elementary School",2024,"Charles",144,619,23.2633279483037,5.1094890510949
"Old Mill Middle North",2020,"Anne Arundel",144,1081,13.3209990749306,NA
"Orchard Grove Elementary",2021,"Frederick",144,603,23.8805970149254,-4
"Parkside High",2026,"Wicomico",144,1207,11.930405965203,-2.7027027027027
"Silver Creek Middle",2024,"Montgomery",144,766,18.798955613577,9.09090909090908
"Spring Ridge Middle",2024,"Saint Marys",144,960,15,12.5
"Stonegate Elementary",2025,"Montgomery",144,565,25.4867256637168,-5.88235294117647
"Tayac Elementary",2023,"Prince Georges",144,370,38.9189189189189,28.5714285714286
"Traceys Elementary",2021,"Anne Arundel",144,398,36.1809045226131,13.3858267716535
"Whittier Elementary",2022,"Frederick",144,726,19.8347107438017,19.0082644628099
"William H. Farquhar Middle",2024,"Montgomery",144,646,22.2910216718266,6.66666666666667
"Bay-Brook Elementary/Middle",2020,"Baltimore City",143,427,33.4894613583138,NA
"Calvin M. Rodwell Elementary/Middle",2026,"Baltimore City",143,867,16.4936562860438,24.3478260869565
"Charles Carroll Barrister Elementary",2020,"Baltimore City",143,350,40.8571428571429,NA
"Charles Carroll Barrister Elementary",2021,"Baltimore City",143,336,42.5595238095238,0
"Damascus Elementary",2021,"Montgomery",143,354,40.3954802259887,10.8527131782946
"Damascus Elementary",2025,"Montgomery",143,331,43.202416918429,-11.7283950617284
"Frances R Fuchs E C C",2024,"Prince Georges",143,327,43.7308868501529,NA
"Gov. Thomas Johnson Middle",2023,"Frederick",143,549,26.0473588342441,0.704225352112675
"Jones Lane Elementary",2020,"Montgomery",143,442,32.3529411764706,NA
"Leonardtown High",2024,"Saint Marys",143,2072,6.9015444015444,3.6231884057971
"Lois P. Rockwell Elementary",2022,"Montgomery",143,481,29.7297297297297,17.2131147540984
"Luxmanor Elementary",2021,"Montgomery",143,656,21.7987804878049,-10.625
"Panorama Elementary",2025,"Prince Georges",143,554,25.812274368231,17.2131147540984
"Pimlico Elementary/Middle",2026,"Baltimore City",143,676,21.1538461538462,10.8527131782946
"Pleasant Plains Elementary",2024,"Baltimore County",143,521,27.447216890595,3.6231884057971
"Poolesville High",2026,"Montgomery",143,1377,10.3848946986202,10
"Stephen Decatur High",2025,"Worcester",143,1462,9.78112175102599,24.3478260869565
"Western High",2025,"Baltimore City",143,1290,11.0852713178295,-4.0268456375839
"Arrowhead Elementary",2025,"Prince Georges",142,378,37.5661375661376,0.709219858156018
"Beall Elementary",2024,"Montgomery",142,490,28.9795918367347,NA
"Brunswick High",2025,"Frederick",142,910,15.6043956043956,14.5161290322581
"Burnt Mills Elementary",2024,"Montgomery",142,684,20.7602339181287,2.15827338129497
"Burnt Mills Elementary",2026,"Montgomery",142,703,20.199146514936,-3.40136054421769
"Dr. Charles R. Drew Elementary",2023,"Montgomery",142,476,29.8319327731092,1.42857142857142
"George T. Cromwell Elementary",2025,"Anne Arundel",142,395,35.9493670886076,14.5161290322581
"Gov. Thomas Johnson Middle",2022,"Frederick",142,589,24.1086587436333,5.18518518518518
"Gov. Thomas Johnson Middle",2025,"Frederick",142,573,24.78184991274,7.57575757575757
"Hanover Hills",2023,"Howard",142,864,16.4351851851852,10.077519379845
"Howard High",2021,"Howard",142,1828,7.76805251641138,6.76691729323309
"Jessup Elementary",2020,"Anne Arundel",142,596,23.8255033557047,NA
"Jessup Elementary",2022,"Anne Arundel",142,573,24.78184991274,1.42857142857142
"Linganore High",2022,"Frederick",142,1519,9.34825543120474,23.4782608695652
"Lois P. Rockwell Elementary",2026,"Montgomery",142,477,29.769392033543,-11.8012422360248
"Maple Elementary School",2024,"Dorchester",142,447,31.7673378076063,10.077519379845
"Mount Hebron High",2025,"Howard",142,1455,9.75945017182131,-3.40136054421769
"Northern Middle",2022,"Washington",142,803,17.6836861768369,373.333333333333
"Oakdale Elementary",2025,"Frederick",142,1167,12.1679520137104,7.57575757575757
"Rachel Carson Elementary",2024,"Montgomery",142,674,21.0682492581602,-3.40136054421769
"Reisterstown Elementary",2022,"Baltimore County",142,499,28.4569138276553,-2.73972602739726
"Rosa M. Parks Middle",2025,"Montgomery",142,863,16.4542294322132,12.6984126984127
"Victory Villa Elementary",2025,"Baltimore County",142,612,23.202614379085,2.89855072463767
"Westland Middle",2023,"Montgomery",142,845,16.8047337278106,-4.05405405405406
"Apple Grove Elementary",2026,"Prince Georges",141,290,48.6206896551724,-2.75862068965518
"Arrowhead Elementary",2024,"Prince Georges",141,406,34.7290640394089,4.44444444444445
"Avalon Elementary",2026,"Prince Georges",141,340,41.4705882352941,11.9047619047619
"Deer Park Middle Magnet School",2025,"Baltimore County",141,1127,12.511091393079,18.4873949579832
"Essex Elementary",2026,"Baltimore County",141,513,27.4853801169591,9.30232558139534
"Fairland Elementary",2022,"Montgomery",141,533,26.4540337711069,-6.62251655629139
"Forest Ridge Elementary",2026,"Howard",141,648,21.7592592592593,-3.42465753424658
"Glendale Elementary",2021,"Anne Arundel",141,403,34.9875930521092,5.22388059701493
"Jones Lane Elementary",2025,"Montgomery",141,428,32.9439252336449,1.4388489208633
"Kenmoor Early Childhood Center",2020,"Prince Georges",141,288,48.9583333333333,NA
"Melwood Elementary",2022,"Prince Georges",141,438,32.1917808219178,13.7096774193548
"New Era Academy",2021,"Baltimore City",141,388,36.340206185567,13.7096774193548
"North Point High School",2021,"Charles",141,1813,7.77716492002206,4.44444444444445
"Northeast High",2021,"Anne Arundel",141,1364,10.3372434017595,6.01503759398496
"Rolling Knolls Elementary",2024,"Anne Arundel",141,385,36.6233766233766,11.0236220472441
"Talbott Springs Elementary",2020,"Howard",141,509,27.7013752455796,NA
"Westlake High School",2025,"Charles",141,1216,11.5953947368421,8.46153846153845
"William Beanes Elementary",2025,"Prince Georges",141,424,33.2547169811321,14.6341463414634
"Aberdeen High",2021,"Harford",140,1441,9.71547536433033,-3.44827586206896
"Aberdeen Middle",2022,"Harford",140,1072,13.0597014925373,3.7037037037037
"Aberdeen Middle",2024,"Harford",140,1058,13.2325141776938,-5.40540540540541
"Dr. Charles R. Drew Elementary",2022,"Montgomery",140,465,30.1075268817204,29.6296296296296
"Edgewater Elementary",2022,"Anne Arundel",140,584,23.972602739726,1.44927536231885
"James H. Harrison Elementary",2022,"Prince Georges",140,307,45.6026058631922,2.18978102189782
"James Madison Middle",2022,"Prince Georges",140,891,15.712682379349,27.2727272727273
"Jessup Elementary",2021,"Anne Arundel",140,557,25.1346499102334,-1.40845070422535
"Johnnycake Elementary",2021,"Baltimore County",140,531,26.3653483992467,-14.1104294478528
"Laytonsville Elementary",2025,"Montgomery",140,355,39.4366197183099,1.44927536231885
"Lois P. Rockwell Elementary",2023,"Montgomery",140,514,27.2373540856031,-2.09790209790209
"Milford Mill Academy",2024,"Baltimore County",140,1470,9.52380952380952,30.8411214953271
"Murray Hill Middle",2026,"Howard",140,599,23.3722871452421,-7.28476821192053
"North Forestville Elementary",2026,"Prince Georges",140,257,54.4747081712062,-4.76190476190477
"Paul Laurence Dunbar High",2023,"Baltimore City",140,1067,13.1208997188379,37.2549019607843
"Rachel Carson Elementary",2022,"Montgomery",140,682,20.5278592375367,-16.6666666666667
"Southern Middle",2020,"Anne Arundel",140,801,17.478152309613,NA
"Westland Middle",2021,"Montgomery",140,764,18.3246073298429,-4.76190476190477
"Westminster High",2024,"Carroll",140,1480,9.45945945945946,12.9032258064516
"Arrowhead Elementary",2026,"Prince Georges",139,381,36.4829396325459,-2.11267605633803
"Beall Elementary",2025,"Montgomery",139,475,29.2631578947368,1163.63636363636
"Burnt Mills Elementary",2023,"Montgomery",139,637,21.8210361067504,-9.74025974025974
"Centerville Elementary",2020,"Frederick",139,972,14.3004115226337,NA
"Dr. Ronald E. Mcnair Elementary",2022,"Montgomery",139,773,17.9818887451488,NA
"Forest Heights Elementary",2023,"Prince Georges",139,258,53.8759689922481,9.4488188976378
"Georgetown East Elementary",2025,"Anne Arundel",139,330,42.1212121212121,-3.47222222222222
"Greencastle Elementary",2020,"Montgomery",139,721,19.2787794729542,NA
"Jones Lane Elementary",2024,"Montgomery",139,453,30.6843267108168,-9.15032679738562
"Mount Hebron High",2026,"Howard",139,1417,9.80945659844742,-2.11267605633803
"North Forestville Elementary",2024,"Prince Georges",139,257,54.0856031128405,6.92307692307692
"Oakland Mills Middle",2024,"Howard",139,428,32.4766355140187,12.0967741935484
"Poolesville High",2023,"Montgomery",139,1309,10.6187929717341,13.0081300813008
"Rose Valley Elementary",2020,"Prince Georges",139,354,39.2655367231638,NA
"Waldon Woods Elementary",2026,"Prince Georges",139,532,26.1278195488722,6.10687022900764
"Woodside Elementary",2025,"Anne Arundel",139,330,42.1212121212121,-11.4649681528662
"Barnaby Manor Elementary",2021,"Prince Georges",138,459,30.0653594771242,-12.1019108280255
"Brunswick High",2026,"Frederick",138,906,15.2317880794702,-2.8169014084507
"Burnt Mills Elementary",2021,"Montgomery",138,607,22.7347611202636,-7.38255033557047
"Charles Carroll Barrister Elementary",2023,"Baltimore City",138,309,44.6601941747573,11.2903225806452
"Dr. Charles R. Drew Elementary",2024,"Montgomery",138,466,29.6137339055794,-2.8169014084507
"Ducketts Lane",2020,"Howard",138,570,24.2105263157895,NA
"Edgewater Elementary",2021,"Anne Arundel",138,563,24.5115452930728,2.22222222222221
"Georgetown East Elementary",2021,"Anne Arundel",138,308,44.8051948051948,6.15384615384615
"James H. Harrison Elementary",2020,"Prince Georges",138,314,43.9490445859873,NA
"Jones Lane Elementary",2026,"Montgomery",138,430,32.093023255814,-2.12765957446809
"Laytonsville Elementary",2024,"Montgomery",138,365,37.8082191780822,20
"Leonardtown High",2023,"Saint Marys",138,2039,6.76802354095145,6.15384615384615
"Middle River Middle",2023,"Baltimore County",138,978,14.1104294478528,9.52380952380953
"Pleasant Plains Elementary",2023,"Baltimore County",138,527,26.1859582542694,6.15384615384615
"Point Pleasant Elementary",2024,"Anne Arundel",138,499,27.6553106212425,16.9491525423729
"Richard Henry Lee Elementary",2021,"Anne Arundel",138,472,29.2372881355932,8.66141732283465
"Rose Valley Elementary",2022,"Prince Georges",138,316,43.6708860759494,8.66141732283465
"Silver Creek Middle",2026,"Montgomery",138,731,18.8782489740082,5.34351145038168
"Stemmers Run Middle",2024,"Baltimore County",138,812,16.9950738916256,25.4545454545455
"Stevens Forest Elementary",2020,"Howard",138,426,32.3943661971831,NA
"Takoma Park Elementary",2024,"Montgomery",138,598,23.0769230769231,4.54545454545454
"Victory Villa Elementary",2024,"Baltimore County",138,609,22.6600985221675,4.54545454545454
"Woodlin Elementary",2024,"Montgomery",138,597,23.1155778894472,10.4
"Atholton High",2020,"Howard",137,1460,9.38356164383562,NA
"Bennett Middle",2021,"Wicomico",137,980,13.9795918367347,12.2950819672131
"Bond Mill Elementary",2025,"Prince Georges",137,463,29.5896328293737,6.20155038759691
"Burtonsville Elementary",2025,"Montgomery",137,601,22.7953410981697,14.1666666666667
"Clearspring Elementary",2022,"Montgomery",137,558,24.5519713261649,3.78787878787878
"Daniel Of St. Thomas Jenifer Elementary School",2025,"Charles",137,661,20.7261724659607,22.3214285714286
"E. Russell Hicks Middle",2020,"Washington",137,861,15.9117305458769,NA
"Fairland Elementary",2023,"Montgomery",137,544,25.1838235294118,-2.83687943262412
"Hebron - Harman Elementary",2024,"Anne Arundel",137,613,22.3491027732463,-14.375
"J. P. Ryon Elementary School",2023,"Charles",137,640,21.40625,3.00751879699248
"James H. Harrison Elementary",2021,"Prince Georges",137,304,45.0657894736842,-0.724637681159424
"Johnnycake Elementary",2022,"Baltimore County",137,527,25.9962049335863,-2.14285714285715
"Mergenthaler Vocational-Technical High",2023,"Baltimore City",137,1677,8.16935002981515,-10.4575163398693
"Pikesville High",2025,"Baltimore County",137,908,15.0881057268722,41.2371134020619
"Pleasant Plains Elementary",2020,"Baltimore County",137,698,19.6275071633238,NA
"Poolesville High",2024,"Montgomery",137,1332,10.2852852852853,-1.43884892086331
"Talbott Springs Elementary",2021,"Howard",137,467,29.3361884368308,-2.83687943262412
"Valley View Elementary",2022,"Prince Georges",137,337,40.6528189910979,-13.2911392405063
"Valley View Elementary",2023,"Prince Georges",137,350,39.1428571428571,0
"William H. Farquhar Middle",2026,"Montgomery",137,659,20.7890743550835,-11.6129032258064
"Williamsport High",2022,"Washington",137,966,14.1821946169772,31.7307692307692
"Woodholme Elementary",2021,"Baltimore County",137,679,20.1767304860088,-5.51724137931035
"Arundel Middle",2022,"Anne Arundel",136,1196,11.371237458194,4.61538461538462
"Benjamin Tasker Middle",2024,"Prince Georges",136,1058,12.8544423440454,NA
"Benjamin Tasker Middle School",2022,"Prince Georges",136,1057,12.8666035950804,7.08661417322836
"Bond Mill Elementary",2026,"Prince Georges",136,451,30.1552106430155,-0.729927007299269
"Charles Carroll Barrister Elementary",2025,"Baltimore City",136,266,51.1278195488722,-6.84931506849316
"Crofton Middle",2020,"Anne Arundel",136,1345,10.1115241635688,NA
"Cross Country Elementary/Middle",2023,"Baltimore City",136,649,20.9553158705701,13.3333333333333
"Hebron - Harman Elementary",2025,"Anne Arundel",136,459,29.6296296296296,-0.729927007299269
"Howard High",2023,"Howard",136,1741,7.81160252728317,4.61538461538462
"John Hanson Middle School",2026,"Charles",136,733,18.5538881309686,4.61538461538462
"Maurice J. Mcdonough High School",2023,"Charles",136,1087,12.5114995400184,9.6774193548387
"Pershing Hill Elementary",2024,"Anne Arundel",136,530,25.6603773584906,7.08661417322836
"Stephen Decatur High",2026,"Worcester",136,1445,9.41176470588235,-4.8951048951049
"Sudbrook Magnet Middle",2024,"Baltimore County",136,847,16.0566706021251,-44.0329218106996
"Sudlersville Elementary School",2022,"Queen Annes",136,341,39.8826979472141,17.2413793103448
"Sussex Elementary",2025,"Baltimore County",136,475,28.6315789473684,4.61538461538462
"Takoma Park Elementary",2025,"Montgomery",136,559,24.3291592128801,-1.44927536231884
"Woodholme Elementary",2022,"Baltimore County",136,679,20.0294550810015,-0.729927007299269
"Woodside Elementary",2022,"Anne Arundel",136,330,41.2121212121212,-6.20689655172414
"Aberdeen Middle",2021,"Harford",135,1204,11.2126245847176,3.05343511450382
"Arrowhead Elementary",2023,"Prince Georges",135,406,33.2512315270936,1.50375939849625
"Arthur Middleton Elementary School",2022,"Charles",135,600,22.5,18.4210526315789
"Damascus Elementary",2026,"Montgomery",135,338,39.9408284023669,-5.59440559440559
"Dumbarton Middle",2025,"Baltimore County",135,1064,12.687969924812,-22.4137931034483
"Edgewater Elementary",2020,"Anne Arundel",135,573,23.5602094240838,NA
"Edmondson Heights Elementary",2025,"Baltimore County",135,556,24.2805755395683,16.3793103448276
"Flower Valley Elementary",2022,"Montgomery",135,501,26.9461077844311,9.75609756097562
"Glyndon Elementary",2026,"Baltimore County",135,486,27.7777777777778,8.87096774193548
"Gov. Thomas Johnson Middle",2021,"Frederick",135,563,23.9786856127886,8.87096774193548
"James Ryder Randall Elementary",2020,"Prince Georges",135,438,30.8219178082192,NA
"Macarthur Middle",2021,"Anne Arundel",135,898,15.0334075723831,6.29921259842521
"North Point High School",2020,"Charles",135,1814,7.44211686879824,NA
"Oakdale High",2021,"Frederick",135,1362,9.91189427312775,16.3793103448276
"Perry Hall High",2026,"Baltimore County",135,2063,6.54386815317499,4.65116279069768
"Pot Spring Elementary",2024,"Baltimore County",135,433,31.1778290993072,22.7272727272727
"Pot Spring Elementary",2025,"Baltimore County",135,434,31.1059907834101,0
"Robert R. Gray Elementary",2022,"Prince Georges",135,384,35.15625,10.655737704918
"Rockland Woods Elementary",2026,"Washington",135,700,19.2857142857143,11.5702479338843
"Southgate Elementary",2025,"Anne Arundel",135,573,23.5602094240838,3.84615384615385
"Springfield Middle",2024,"Washington",135,755,17.8807947019868,26.1682242990654
"Talbott Springs Elementary",2025,"Howard",135,461,29.2841648590022,-16.6666666666667
"Walkersville Middle",2023,"Frederick",135,841,16.0523186682521,7.14285714285714
"Westlake High School",2026,"Charles",135,1148,11.7595818815331,-4.25531914893616
"William H. Farquhar Middle",2023,"Montgomery",135,674,20.0296735905045,13.4453781512605
"Bond Mill Elementary",2023,"Prince Georges",134,481,27.8586278586279,13.5593220338983
"Burtonsville Elementary",2026,"Montgomery",134,591,22.673434856176,-2.18978102189781
"Cloverly Elementary",2020,"Montgomery",134,511,26.2230919765166,NA
"Dr. Ronald E. Mcnair Elementary",2025,"Montgomery",134,673,19.9108469539376,3.87596899224807
"Edmondson Heights Elementary",2026,"Baltimore County",134,522,25.6704980842912,-0.740740740740742
"Flower Valley Elementary",2020,"Montgomery",134,499,26.8537074148297,NA
"Forest Ridge Elementary",2023,"Howard",134,648,20.679012345679,21.8181818181818
"George Washington Carver Elementary",2026,"Saint Marys",134,449,29.8440979955457,5.51181102362204
"Glen Burnie Park Elementary",2020,"Anne Arundel",134,543,24.6777163904236,NA
"Glendale Elementary",2020,"Anne Arundel",134,412,32.5242718446602,NA
"Gov. Thomas Johnson Middle",2026,"Frederick",134,585,22.9059829059829,-5.63380281690141
"High Point Elementary",2023,"Anne Arundel",134,704,19.0340909090909,30.0970873786408
"High Point Elementary",2026,"Anne Arundel",134,612,21.8954248366013,-7.58620689655173
"Lake Elkhorn Middle",2024,"Howard",134,622,21.5434083601286,6.34920634920635
"Montpelier Elementary",2022,"Prince Georges",134,569,23.5500878734622,-12.4183006535948
"Patapsco High And Center For Arts",2021,"Baltimore County",134,1402,9.55777460770328,NA
"Silver Creek Middle",2022,"Montgomery",134,795,16.8553459119497,-12.987012987013
"Theodore G. Davis Middle School",2026,"Charles",134,1038,12.9094412331407,16.5217391304348
"Walkersville Elementary",2022,"Frederick",134,695,19.2805755395683,15.5172413793103
"Allenwood Elementary",2021,"Prince Georges",133,322,41.304347826087,-20.8333333333333
"Arrowhead Elementary",2022,"Prince Georges",133,374,35.5614973262032,13.6752136752137
"Beall Elementary",2020,"Montgomery",133,531,25.0470809792844,NA
"Beaver Run School",2024,"Wicomico",133,713,18.6535764375877,14.6551724137931
"Dr. Charles R. Drew Elementary",2026,"Montgomery",133,426,31.2206572769953,-14.1935483870968
"Forest Park High",2021,"Baltimore City",133,726,18.3195592286501,11.7647058823529
"Fort Foote Elementary",2024,"Prince Georges",133,281,47.3309608540925,-7.63888888888888
"Glen Burnie Park Elementary",2022,"Anne Arundel",133,490,27.1428571428571,7.25806451612903
"Howard High",2020,"Howard",133,1910,6.96335078534031,NA
"J. C. Parks Elementary School",2025,"Charles",133,653,20.3675344563553,7.25806451612903
"J. P. Ryon Elementary School",2022,"Charles",133,602,22.093023255814,9.91735537190081
"Jones Lane Elementary",2021,"Montgomery",133,402,33.0845771144279,-6.99300699300699
"Murray Hill Middle",2024,"Howard",133,600,22.1666666666667,7.25806451612903
"Northeast High",2020,"Anne Arundel",133,1367,9.72933430870519,NA
"Northeast Middle",2026,"Anne Arundel",133,893,14.8936170212766,25.4716981132076
"Oakdale Elementary",2026,"Frederick",133,1131,11.7595048629531,-6.33802816901409
"Oakland Mills Middle",2025,"Howard",133,415,32.0481927710843,-4.31654676258992
"Ruth Ann Monroe Primary",2024,"Washington",133,584,22.7739726027397,12.7118644067797
"William B. Gibbs, Jr. Elementary",2025,"Montgomery",133,601,22.1297836938436,4.72440944881889
"Benjamin Tasker Middle School",2023,"Prince Georges",132,1044,12.6436781609195,-2.94117647058824
"Chesapeake High",2023,"Baltimore County",132,1047,12.6074498567335,60.9756097560976
"Clearspring Elementary",2021,"Montgomery",132,562,23.4875444839858,-8.96551724137931
"Crofton Middle",2024,"Anne Arundel",132,1335,9.8876404494382,-12
"Cross Country Elementary/Middle",2024,"Baltimore City",132,660,20,-2.94117647058824
"Gov. Thomas Johnson Middle",2024,"Frederick",132,571,23.1173380035026,-7.69230769230769
"Hallie Wells Middle School",2021,"Montgomery",132,930,14.1935483870968,13.7931034482759
"Highland View Elementary",2024,"Montgomery",132,380,34.7368421052632,0.763358778625944
"J. C. Parks Elementary School",2026,"Charles",132,614,21.4983713355049,-0.751879699248126
"Legends Public Charter School",2026,"Prince Georges",132,898,14.6993318485523,11.864406779661
"Logan Elementary",2024,"Baltimore County",132,512,25.78125,5.6
"Macarthur Middle",2023,"Anne Arundel",132,878,15.0341685649203,10.9243697478992
"Murray Hill Middle",2022,"Howard",132,634,20.820189274448,-13.1578947368421
"Oakdale Elementary",2024,"Frederick",132,1150,11.4782608695652,13.7931034482759
"Pot Spring Elementary",2026,"Baltimore County",132,431,30.6264501160093,-2.22222222222223
"Rosa M. Parks Middle",2026,"Montgomery",132,833,15.8463385354142,-7.04225352112676
"Salem Avenue Elementary",2020,"Washington",132,772,17.0984455958549,NA
"Severna Park High",2024,"Anne Arundel",132,1817,7.26472206934507,3.125
"Silver Creek Middle",2023,"Montgomery",132,778,16.9665809768638,-1.49253731343284
"Southern High",2020,"Anne Arundel",132,996,13.2530120481928,NA
"Takoma Park Elementary",2023,"Montgomery",132,579,22.7979274611399,48.314606741573
"Takoma Park Elementary",2026,"Montgomery",132,564,23.4042553191489,-2.94117647058824
"Talbott Springs Elementary",2026,"Howard",132,435,30.3448275862069,-2.22222222222223
"Victory Villa Elementary",2023,"Baltimore County",132,659,20.0303490136571,4.76190476190477
"Walker Mill Middle",2022,"Prince Georges",132,723,18.2572614107884,11.864406779661
"Woodlin Elementary",2026,"Montgomery",132,640,20.625,10.9243697478992
"Aberdeen Middle",2020,"Harford",131,1203,10.8894430590191,NA
"Daniel Of St. Thomas Jenifer Elementary School",2026,"Charles",131,638,20.5329153605016,-4.37956204379562
"Deerfield Elementary",2026,"Harford",131,670,19.5522388059701,0.769230769230766
"Fort Foote Elementary",2021,"Prince Georges",131,291,45.0171821305842,0.769230769230766
"Fort Washington Forest Elem",2026,"Prince Georges",131,329,39.8176291793313,3.96825396825398
"Hebron - Harman Elementary",2026,"Anne Arundel",131,428,30.607476635514,-3.67647058823529
"Highland View Elementary",2023,"Montgomery",131,382,34.2931937172775,15.929203539823
"Macarthur Middle",2024,"Anne Arundel",131,842,15.5581947743468,-0.757575757575757
"Princeton Elementary",2020,"Prince Georges",131,366,35.792349726776,NA
"Silver Creek Middle",2025,"Montgomery",131,751,17.4434087882823,-9.02777777777778
"Southgate Elementary",2026,"Anne Arundel",131,572,22.9020979020979,-2.96296296296297
"Timber Grove Elementary",2021,"Baltimore County",131,544,24.0808823529412,11.965811965812
"Urbana Middle",2023,"Frederick",131,1128,11.613475177305,18.018018018018
"Victory Villa Elementary",2020,"Baltimore County",131,691,18.9580318379161,NA
"Waldon Woods Elementary",2024,"Prince Georges",131,566,23.1448763250883,20.1834862385321
"Waldon Woods Elementary",2025,"Prince Georges",131,523,25.0478011472275,0
"Walkersville Middle",2021,"Frederick",131,836,15.6698564593301,11.965811965812
"Westlake High School",2023,"Charles",131,1229,10.6590724165989,18.018018018018
"Arundel Middle",2021,"Anne Arundel",130,1119,11.6175156389634,10.1694915254237
"Beall Elementary",2023,"Montgomery",130,497,26.1569416498994,NA
"Chesapeake High",2022,"Baltimore County",130,971,13.3882595262616,41.304347826087
"Deerfield Elementary",2025,"Harford",130,708,18.361581920904,19.2660550458716
"Forest Heights Elementary",2026,"Prince Georges",130,201,64.6766169154229,0.775193798449614
"Fort Foote Elementary",2020,"Prince Georges",130,305,42.6229508196721,NA
"Georgetown East Elementary",2020,"Anne Arundel",130,315,41.2698412698413,NA
"Howard High",2022,"Howard",130,1792,7.25446428571429,-8.45070422535211
"John Hanson Middle School",2024,"Charles",130,761,17.0827858081472,3.17460317460319
"John Hanson Middle School",2025,"Charles",130,727,17.8817056396149,0
"Kettering Middle",2021,"Prince Georges",130,875,14.8571428571429,34.020618556701
"Lake Elkhorn Middle",2025,"Howard",130,569,22.8471001757469,-2.98507462686567
"Leonardtown High",2022,"Saint Marys",130,1971,6.59563673262303,11.1111111111111
"Morrell Park Elementary/Middle",2023,"Baltimore City",130,419,31.0262529832936,10.1694915254237
"North Forestville Elementary",2023,"Prince Georges",130,284,45.7746478873239,13.0434782608696
"Parkside High",2024,"Wicomico",130,1223,10.6295993458708,15.0442477876106
"Pleasant Plains Elementary",2022,"Baltimore County",130,544,23.8970588235294,13.0434782608696
"Poolesville High",2025,"Montgomery",130,1351,9.62250185048113,-5.1094890510949
"Severna Park High",2026,"Anne Arundel",130,1838,7.07290533188248,4
"Southgate Elementary",2024,"Anne Arundel",130,669,19.4319880418535,9.24369747899159
"Stonegate Elementary",2023,"Montgomery",130,490,26.530612244898,9.24369747899159
"Stonegate Elementary",2026,"Montgomery",130,536,24.2537313432836,-9.72222222222222
"Sussex Elementary",2024,"Baltimore County",130,445,29.2134831460674,19.2660550458716
"Talbott Springs Elementary",2022,"Howard",130,441,29.4784580498866,-5.1094890510949
"Thomas Viaduct",2020,"Howard",130,734,17.7111716621253,NA
"Timber Grove Elementary",2022,"Baltimore County",130,526,24.7148288973384,-0.763358778625955
"Westlake High School",2024,"Charles",130,1185,10.9704641350211,-0.763358778625955
"Arlington Elementary",2026,"Baltimore City",129,537,24.0223463687151,4.03225806451613
"Bel Air High",2025,"Harford",129,1341,9.61968680089485,20.5607476635514
"Belle Grove Elementary",2025,"Anne Arundel",129,305,42.2950819672131,3.2
"Bond Mill Elementary",2024,"Prince Georges",129,468,27.5641025641026,-3.73134328358209
"Cloverly Elementary",2021,"Montgomery",129,476,27.1008403361345,-3.73134328358209
"Damascus Elementary",2020,"Montgomery",129,362,35.6353591160221,NA
"Dr. Ronald E. Mcnair Elementary",2024,"Montgomery",129,707,18.2461103253182,0.78125
"Essex Elementary",2025,"Baltimore County",129,481,26.8191268191268,18.348623853211
"Featherbed Lane Elementary",2024,"Baltimore County",129,539,23.9332096474954,2.38095238095237
"Forest Heights Elementary",2025,"Prince Georges",129,215,60,1.5748031496063
"Forest Park High",2022,"Baltimore City",129,754,17.1087533156499,-3.00751879699248
"Fort Washington Forest Elementary",2023,"Prince Georges",129,364,35.4395604395604,11.2068965517241
"Hanover Hills",2022,"Howard",129,823,15.6743620899149,10.2564102564103
"John Hanson Middle School",2021,"Charles",129,849,15.1943462897526,0.78125
"Longfellow Elementary",2023,"Howard",129,478,26.9874476987448,3.2
"Maple Elementary School",2023,"Dorchester",129,392,32.9081632653061,26.4705882352941
"Perry Hall High",2025,"Baltimore County",129,2012,6.41153081510934,8.40336134453781
"Pimlico Elementary/Middle",2025,"Baltimore City",129,732,17.6229508196721,9.32203389830508
"Piney Orchard Elementary",2024,"Anne Arundel",129,955,13.5078534031414,3.2
"Shady Spring Elementary",2020,"Baltimore County",129,587,21.9761499148211,NA
"Urbana Middle",2024,"Frederick",129,1114,11.5798922800718,-1.52671755725191
"William B. Gibbs, Jr. Elementary",2020,"Montgomery",129,621,20.7729468599034,NA
"Ballenger Creek Elementary",2021,"Frederick",128,602,21.2624584717608,3.2258064516129
"Bradbury Heights Elementary",2026,"Prince Georges",128,373,34.3163538873995,10.3448275862069
"Cloverly Elementary",2022,"Montgomery",128,445,28.7640449438202,-0.775193798449614
"Dr. Ronald E. Mcnair Elementary",2023,"Montgomery",128,729,17.5582990397805,-7.9136690647482
"Elkton High",2020,"Cecil",128,1005,12.7363184079602,NA
"George Washington Carver Elementary",2023,"Saint Marys",128,518,24.7104247104247,20.7547169811321
"Hallie Wells Middle School",2022,"Montgomery",128,971,13.1822863027806,-3.03030303030303
"Highland View Elementary",2020,"Montgomery",128,434,29.4930875576037,NA
"Hillcrest Heights Elementary",2026,"Prince Georges",128,387,33.0749354005168,1.58730158730158
"James Ryder Randall Elementary",2025,"Prince Georges",128,299,42.809364548495,3.2258064516129
"John Hanson Middle School",2020,"Charles",128,893,14.3337066069429,NA
"Middlesex Elementary",2026,"Baltimore County",128,400,32,4.91803278688525
"Piney Orchard Elementary",2022,"Anne Arundel",128,941,13.6025504782147,31.9587628865979
"Severna Park High",2023,"Anne Arundel",128,1873,6.83395621996797,10.3448275862069
"Spring Ridge Middle",2021,"Saint Marys",128,1067,11.9962511715089,2.4
"Spring Ridge Middle",2022,"Saint Marys",128,1035,12.3671497584541,0
"Spring Ridge Middle",2023,"Saint Marys",128,987,12.9685916919959,0
"Beaver Run School",2025,"Wicomico",127,741,17.1390013495277,-4.51127819548872
"Benjamin Tasker Middle School",2021,"Prince Georges",127,1068,11.8913857677903,7.6271186440678
"Calvert High",2024,"Calvert",127,1117,11.3697403760072,2.41935483870968
"Forest Heights Elementary",2022,"Prince Georges",127,261,48.6590038314176,-13.013698630137
"Forest Heights Elementary",2024,"Prince Georges",127,214,59.3457943925234,-8.63309352517986
"Frederick Douglass High",2025,"Prince Georges",127,1183,10.7354184277261,60.7594936708861
"George Washington Carver Elementary",2024,"Saint Marys",127,490,25.9183673469388,-0.78125
"George Washington Carver Elementary",2025,"Saint Marys",127,460,27.6086956521739,0
"Laytonsville Elementary",2026,"Montgomery",127,365,34.7945205479452,-9.28571428571429
"Lincolnshire Elementary",2026,"Washington",127,505,25.1485148514851,9.48275862068966
"Longfellow Elementary",2021,"Howard",127,485,26.1855670103093,24.5098039215686
"Macarthur Middle",2020,"Anne Arundel",127,959,13.2429614181439,NA
"Maugansville Elementary",2023,"Washington",127,676,18.7869822485207,20.9523809523809
"Patuxent Valley Middle",2020,"Howard",127,698,18.1948424068768,NA
"Pershing Hill Elementary",2023,"Anne Arundel",127,556,22.841726618705,25.7425742574257
"Queen Annes County High School",2022,"Queen Annes",127,1196,10.61872909699,14.4144144144144
"Richard Henry Lee Elementary",2020,"Anne Arundel",127,506,25.098814229249,NA
"Rolling Knolls Elementary",2023,"Anne Arundel",127,377,33.6870026525199,8.54700854700854
"Rose Valley Elementary",2021,"Prince Georges",127,324,39.1975308641975,-8.63309352517986
"Stephen Decatur High",2023,"Worcester",127,1431,8.87491264849755,7.6271186440678
"Traceys Elementary",2020,"Anne Arundel",127,432,29.3981481481481,NA
"Urbana Elementary",2025,"Frederick",127,736,17.2554347826087,24.5098039215686
"Van Bokkelen Elementary",2025,"Anne Arundel",127,471,26.963906581741,-14.1891891891892
"William B. Gibbs, Jr. Elementary",2024,"Montgomery",127,601,21.1314475873544,6.72268907563025
"Avalon Elementary",2025,"Prince Georges",126,302,41.7218543046358,13.5135135135135
"Baltimore City College",2020,"Baltimore City",126,1402,8.98716119828816,NA
"Beaver Run School",2026,"Wicomico",126,712,17.6966292134831,-0.787401574803148
"Berkshire Elementary",2022,"Baltimore County",126,437,28.8329519450801,14.5454545454546
"Catonsville High",2023,"Baltimore County",126,1729,7.28744939271255,15.5963302752294
"Dr. Ronald E. Mcnair Elementary",2026,"Montgomery",126,639,19.7183098591549,-5.97014925373134
"Featherbed Lane Elementary",2023,"Baltimore County",126,544,23.1617647058824,11.5044247787611
"Fort Washington Forest Elem",2025,"Prince Georges",126,323,39.0092879256966,-15.4362416107383
"Hillcrest Heights Elementary",2025,"Prince Georges",126,388,32.4742268041237,13.5135135135135
"Indian Queen Elementary",2023,"Prince Georges",126,295,42.7118644067797,11.5044247787611
"John Hanson Middle School",2023,"Charles",126,772,16.3212435233161,-18.1818181818182
"Kent Island High School",2026,"Queen Annes",126,1184,10.6418918918919,3.27868852459017
"Lake Elkhorn Middle",2023,"Howard",126,598,21.0702341137124,13.5135135135135
"Middle River Middle",2022,"Baltimore County",126,1063,11.8532455315146,1.61290322580645
"Oakland Mills Middle",2022,"Howard",126,476,26.4705882352941,9.56521739130434
"Orems Elementary",2026,"Baltimore County",126,410,30.7317073170732,5.88235294117647
"Rosa M. Parks Middle",2024,"Montgomery",126,855,14.7368421052632,5
"Salem Avenue Elementary",2022,"Washington",126,680,18.5294117647059,0.800000000000001
"Surrattsville High",2022,"Prince Georges",126,711,17.7215189873418,10.5263157894737
"Towson High",2026,"Baltimore County",126,1493,8.43938379102478,14.5454545454546
"Victory Villa Elementary",2022,"Baltimore County",126,662,19.0332326283988,2.4390243902439
"Walkersville Middle",2022,"Frederick",126,835,15.0898203592814,-3.81679389312977
"Winters Mill High",2020,"Carroll",126,1079,11.6774791473587,NA
"Arlington Elementary",2024,"Baltimore City",125,521,23.9923224568138,12.6126126126126
"Avalon Elementary",2020,"Prince Georges",125,374,33.4224598930481,NA
"Belle Grove Elementary",2024,"Anne Arundel",125,312,40.0641025641026,10.6194690265487
"Bonnie Branch Middle",2025,"Howard",125,739,16.914749661705,11.6071428571429
"Calvert High",2025,"Calvert",125,1080,11.5740740740741,-1.5748031496063
"Francis T. Evans Elementary",2026,"Prince Georges",125,410,30.4878048780488,10.6194690265487
"George Washington Carver Elementary",2020,"Saint Marys",125,598,20.9030100334448,NA
"Indian Queen Elementary",2020,"Prince Georges",125,311,40.1929260450161,NA
"Largo High",2023,"Prince Georges",125,939,13.3120340788072,40.4494382022472
"Logan Elementary",2023,"Baltimore County",125,529,23.6294896030246,19.047619047619
"Longfellow Elementary",2022,"Howard",125,497,25.1509054325956,-1.5748031496063
"Melwood Elementary",2020,"Prince Georges",125,447,27.9642058165548,NA
"Milbrook Elementary",2025,"Baltimore County",125,263,47.5285171102662,2.45901639344261
"Piney Orchard Elementary",2023,"Anne Arundel",125,966,12.9399585921325,-2.34375
"Salem Avenue Elementary",2021,"Washington",125,687,18.1950509461427,-5.3030303030303
"Severna Park High",2025,"Anne Arundel",125,1842,6.78610206297503,-5.3030303030303
"Spring Ridge Middle",2020,"Saint Marys",125,1067,11.7150890346767,NA
"Villa Cresta Elementary",2024,"Baltimore County",125,616,20.2922077922078,12.6126126126126
"Westminster West Middle",2025,"Carroll",125,923,13.5427952329361,14.6788990825688
"Winters Mill High",2021,"Carroll",125,1080,11.5740740740741,-0.793650793650791
"Woodlin Elementary",2023,"Montgomery",125,560,22.3214285714286,11.6071428571429
"Arlington Elementary",2025,"Baltimore City",124,529,23.4404536862004,-0.800000000000001
"Ballenger Creek Elementary",2020,"Frederick",124,586,21.160409556314,NA
"Beall Elementary",2026,"Montgomery",124,441,28.1179138321995,NA
"Bel Air High",2026,"Harford",124,1282,9.67238689547582,-3.87596899224806
"Brunswick High",2024,"Frederick",124,879,14.1069397042093,7.82608695652174
"Calvert High",2023,"Calvert",124,1141,10.8676599474145,8.77192982456141
"Carmody Hills Elementary",2022,"Prince Georges",124,411,30.1703163017032,7.82608695652174
"Charles Carroll Barrister Elementary",2022,"Baltimore City",124,287,43.205574912892,-13.2867132867133
"Crofton Middle",2022,"Anne Arundel",124,1293,9.59010054137664,-18.4210526315789
"George T. Cromwell Elementary",2024,"Anne Arundel",124,363,34.1597796143251,12.7272727272727
"Glen Burnie Park Elementary",2021,"Anne Arundel",124,518,23.9382239382239,-7.46268656716418
"Glyndon Elementary",2023,"Baltimore County",124,537,23.0912476722533,9.73451327433628
"Glyndon Elementary",2025,"Baltimore County",124,476,26.0504201680672,2.4793388429752
"Gov. Thomas Johnson Middle",2020,"Frederick",124,553,22.4231464737794,NA
"Gwynn Park Middle",2026,"Prince Georges",124,725,17.1034482758621,12.7272727272727
"Hallie Wells Middle",2023,"Montgomery",124,963,12.8764278296989,NA
"Henry E. Lackey High School",2026,"Charles",124,990,12.5252525252525,5.08474576271187
"High Point Elementary",2024,"Anne Arundel",124,684,18.1286549707602,-7.46268656716418
"J. C. Parks Elementary School",2024,"Charles",124,651,19.047619047619,12.7272727272727
"James Ryder Randall Elementary",2024,"Prince Georges",124,284,43.6619718309859,13.7614678899083
"Maurice J. Mcdonough High School",2022,"Charles",124,1017,12.1927236971485,6.89655172413792
"Melwood Elementary",2021,"Prince Georges",124,430,28.8372093023256,-0.800000000000001
"Middle River Middle",2021,"Baltimore County",124,1132,10.9540636042403,7.82608695652174
"Murray Hill Middle",2023,"Howard",124,591,20.9813874788494,-6.06060606060606
"New Era Academy",2020,"Baltimore City",124,328,37.8048780487805,NA
"Oakland Mills Middle",2023,"Howard",124,475,26.1052631578947,-1.58730158730159
"Red House Run Elementary",2020,"Baltimore County",124,588,21.0884353741497,NA
"South Carroll High",2026,"Carroll",124,928,13.3620689655172,9.73451327433628
"Suitland Elementary",2026,"Prince Georges",124,525,23.6190476190476,3.33333333333334
"Walker Mill Middle",2023,"Prince Georges",124,693,17.8932178932179,-6.06060606060606
"Walkersville Middle",2024,"Frederick",124,805,15.4037267080745,-8.14814814814815
"Western High",2026,"Baltimore City",124,1245,9.95983935742972,-13.2867132867133
"Westminster High",2023,"Carroll",124,1517,8.17402768622281,20.3883495145631
"William A. Diggs Elementary School",2025,"Charles",124,876,14.1552511415525,30.5263157894737
"College Gardens Elementary",2020,"Montgomery",123,634,19.4006309148265,NA
"Flower Valley Elementary",2021,"Montgomery",123,470,26.1702127659574,-8.2089552238806
"Fort Foote Elementary",2022,"Prince Georges",123,290,42.4137931034483,-6.10687022900763
"Georgetown East Elementary",2023,"Anne Arundel",123,303,40.5940594059406,2.49999999999999
"Georgetown East Elementary",2026,"Anne Arundel",123,299,41.1371237458194,-11.5107913669065
"Hickory Elementary",2022,"Washington",123,316,38.9240506329114,223.684210526316
"Poolesville High",2022,"Montgomery",123,1272,9.66981132075472,8.84955752212388
"Red House Run Elementary",2022,"Baltimore County",123,575,21.3913043478261,6.03448275862069
"Robert R. Gray Elementary",2020,"Prince Georges",123,399,30.8270676691729,NA
"Rockland Woods Elementary",2024,"Washington",123,643,19.1290824261275,3.36134453781514
"Urbana Middle",2020,"Frederick",123,1021,12.0470127326151,NA
"Van Bokkelen Elementary",2023,"Anne Arundel",123,402,30.5970149253731,10.8108108108108
"Victory Villa Elementary",2021,"Baltimore County",123,640,19.21875,-6.10687022900763
"William Beanes Elementary",2024,"Prince Georges",123,379,32.4538258575198,6.95652173913044
"Windsor Knolls Middle",2026,"Frederick",123,874,14.0732265446224,5.12820512820513
"Ardmore Elementary",2025,"Prince Georges",122,470,25.9574468085106,2.52100840336134
"Ardmore Elementary",2026,"Prince Georges",122,479,25.4697286012526,0
"Bear Creek Elementary",2026,"Baltimore County",122,475,25.6842105263158,17.3076923076923
"Bedford Elementary",2026,"Baltimore County",122,591,20.6429780033841,4.27350427350428
"Bennett Middle",2020,"Wicomico",122,965,12.6424870466321,NA
"Charlesmont Elementary",2026,"Baltimore County",122,364,33.5164835164835,11.9266055045872
"Daniel Of St. Thomas Jenifer Elementary School",2023,"Charles",122,628,19.4267515923567,12.962962962963
"Farmland Elementary",2026,"Montgomery",122,825,14.7878787878788,4.27350427350428
"Gwynn Park High",2022,"Prince Georges",122,1035,11.7874396135266,4.27350427350428
"James Ryder Randall Elementary",2026,"Prince Georges",122,297,41.0774410774411,-4.6875
"Joppatowne High",2025,"Harford",122,882,13.8321995464853,14.018691588785
"Kent Island High School",2025,"Queen Annes",122,1153,10.5810928013877,9.90990990990992
"Lois P. Rockwell Elementary",2021,"Montgomery",122,460,26.5217391304348,8.92857142857142
"Middlesex Elementary",2025,"Baltimore County",122,448,27.2321428571429,7.01754385964912
"Milbrook Elementary",2024,"Baltimore County",122,322,37.888198757764,12.962962962963
"Panorama Elementary",2024,"Prince Georges",122,562,21.7081850533808,15.0943396226415
"Pikesville Middle",2024,"Baltimore County",122,905,13.4806629834254,1.66666666666666
"Robert R. Gray Elementary",2021,"Prince Georges",122,349,34.9570200573066,-0.813008130081305
"Benjamin Stoddert Middle",2020,"Prince Georges",121,696,17.3850574712644,NA
"Burtonsville Elementary",2023,"Montgomery",121,617,19.6110210696921,7.07964601769913
"Charles Carroll Barrister Elementary",2026,"Baltimore City",121,219,55.2511415525114,-11.0294117647059
"Glyndon Elementary",2024,"Baltimore County",121,460,26.304347826087,-2.41935483870968
"Hanover Hills",2020,"Howard",121,757,15.9841479524439,NA
"J. P. Ryon Elementary School",2021,"Charles",121,630,19.2063492063492,8.03571428571428
"Oakland Mills Middle",2020,"Howard",121,498,24.2971887550201,NA
"Rockland Woods Elementary",2022,"Washington",121,616,19.6428571428571,32.967032967033
"Rockland Woods Elementary",2025,"Washington",121,655,18.4732824427481,-1.6260162601626
"Rosa M. Parks Middle",2021,"Montgomery",121,864,14.0046296296296,4.31034482758621
"Sandy Plains Elementary",2024,"Baltimore County",121,532,22.7443609022556,2.54237288135593
"St. Charles High School",2022,"Charles",121,1498,8.07743658210948,19.8019801980198
"Whittier Elementary",2021,"Frederick",121,686,17.6384839650146,4.31034482758621
"William H. Farquhar Middle",2020,"Montgomery",121,694,17.4351585014409,NA
"Woodmoor Elementary",2025,"Baltimore County",121,567,21.3403880070547,31.5217391304348
"Bonnie Branch Middle",2026,"Howard",120,680,17.6470588235294,-4
"Burtonsville Elementary",2024,"Montgomery",120,609,19.7044334975369,-0.826446280991733
"Chesapeake High",2026,"Anne Arundel",120,1593,7.53295668549906,-29.4117647058823
"Cross Country Elementary/Middle",2022,"Baltimore City",120,674,17.8041543026706,16.504854368932
"District Heights Elementary",2026,"Prince Georges",120,396,30.3030303030303,37.9310344827586
"Dr. Charles R. Drew Elementary",2020,"Montgomery",120,498,24.0963855421687,NA
"Georgetown East Elementary",2022,"Anne Arundel",120,275,43.6363636363636,-13.0434782608696
"Green Valley Elementary",2025,"Frederick",120,850,14.1176470588235,6.19469026548674
"Mays Chapel Elementary",2026,"Baltimore County",120,682,17.5953079178886,18.8118811881188
"Milbrook Elementary",2026,"Baltimore County",120,241,49.792531120332,-4
"Northeast Middle",2023,"Anne Arundel",120,882,13.6054421768707,9.09090909090908
"Northern High",2026,"Calvert",120,1451,8.27015851137147,13.2075471698113
"Oakland Mills Middle",2026,"Howard",120,396,30.3030303030303,-9.77443609022557
"Pikesville Middle",2022,"Baltimore County",120,953,12.591815320042,16.504854368932
"Pikesville Middle",2023,"Baltimore County",120,967,12.4095139607032,0
"Rosa M. Parks Middle",2023,"Montgomery",120,848,14.1509433962264,7.14285714285714
"Suitland Elementary",2025,"Prince Georges",120,514,23.3463035019455,17.6470588235294
"Ardmore Elementary",2024,"Prince Georges",119,466,25.5364806866953,12.2641509433962
"Arrowhead Elementary",2020,"Prince Georges",119,406,29.3103448275862,NA
"Deer Park Middle Magnet School",2024,"Baltimore County",119,1161,10.2497846683893,13.3333333333333
"Forest Park High",2020,"Baltimore City",119,676,17.603550295858,NA
"Freetown Elementary",2024,"Anne Arundel",119,496,23.991935483871,5.30973451327434
"Macarthur Middle",2022,"Anne Arundel",119,883,13.4767836919592,-11.8518518518518
"Mattawoman Middle School",2024,"Charles",119,887,13.4160090191657,7.2072072072072
"North Glen Elementary",2024,"Anne Arundel",119,309,38.5113268608414,21.4285714285714
"Orems Elementary",2025,"Baltimore County",119,402,29.6019900497512,26.5957446808511
"Overlea High",2021,"Baltimore County",119,1148,10.3658536585366,13.3333333333333
"Perry Hall High",2024,"Baltimore County",119,2020,5.89108910891089,4.38596491228069
"Rockland Woods Elementary",2023,"Washington",119,625,19.04,-1.65289256198347
"Rolling Knolls Elementary",2020,"Anne Arundel",119,424,28.0660377358491,NA
"Southgate Elementary",2023,"Anne Arundel",119,697,17.0731707317073,9.17431192660549
"Stonegate Elementary",2022,"Montgomery",119,494,24.0890688259109,7.2072072072072
"Urbana Elementary",2026,"Frederick",119,717,16.5969316596932,-6.2992125984252
"Valley Elementary",2026,"Frederick",119,673,17.6820208023774,25.2631578947368
"Walkersville Middle",2026,"Frederick",119,769,15.4746423927178,11.214953271028
"William B. Gibbs, Jr. Elementary",2023,"Montgomery",119,632,18.8291139240506,17.8217821782178
"William H. Farquhar Middle",2022,"Montgomery",119,650,18.3076923076923,0.847457627118642
"Woodlin Elementary",2025,"Montgomery",119,603,19.7346600331675,-13.768115942029
"Arundel Middle",2020,"Anne Arundel",118,1068,11.0486891385768,NA
"Beaver Run School",2020,"Wicomico",118,605,19.504132231405,NA
"Benjamin Stoddert Middle",2023,"Prince Georges",118,560,21.0714285714286,4.42477876106195
"Benjamin Tasker Middle School",2020,"Prince Georges",118,1031,11.4451988360815,NA
"Bond Mill Elementary",2022,"Prince Georges",118,477,24.7379454926625,16.8316831683168
"Burtonsville Elementary",2021,"Montgomery",118,608,19.4078947368421,7.27272727272728
"Cabin John Middle",2023,"Montgomery",118,974,12.1149897330595,NA
"Clarksburg Elementary",2023,"Montgomery",118,778,15.1670951156812,2.60869565217392
"Clay Hill Public Charter School",2022,"Baltimore City",118,185,63.7837837837838,NA
"Hallie Wells Middle",2026,"Montgomery",118,901,13.0965593784684,2.60869565217392
"Henry E. Lackey High School",2025,"Charles",118,1033,11.4230396902227,5.35714285714286
"Legends Public Charter School",2025,"Prince Georges",118,897,13.1549609810479,29.6703296703297
"Little Bennett Elementary",2022,"Montgomery",118,642,18.380062305296,5.35714285714286
"Mattawoman Middle School",2026,"Charles",118,826,14.2857142857143,0.854700854700852
"Matthew Henson Middle School",2026,"Charles",118,715,16.5034965034965,20.4081632653061
"Morrell Park Elementary/Middle",2022,"Baltimore City",118,436,27.0642201834862,29.6703296703297
"Pimlico Elementary/Middle",2024,"Baltimore City",118,764,15.4450261780105,13.4615384615385
"Point Pleasant Elementary",2023,"Anne Arundel",118,509,23.1827111984283,31.1111111111111
"Ruth Ann Monroe Primary",2023,"Washington",118,567,20.8112874779541,0.854700854700852
"Sandy Plains Elementary",2023,"Baltimore County",118,538,21.9330855018587,13.4615384615385
"Stephen Decatur High",2022,"Worcester",118,1444,8.17174515235457,12.3809523809524
"Van Bokkelen Elementary",2020,"Anne Arundel",118,465,25.3763440860215,NA
"Van Bokkelen Elementary",2026,"Anne Arundel",118,394,29.9492385786802,-7.08661417322834
"Villa Cresta Elementary",2025,"Baltimore County",118,609,19.376026272578,-5.6
"Walker Mill Middle",2021,"Prince Georges",118,760,15.5263157894737,61.6438356164384
"William H. Farquhar Middle",2021,"Montgomery",118,671,17.5856929955291,-2.47933884297521
"Woodlin Elementary",2020,"Montgomery",118,553,21.3381555153707,NA
"Academy For College And Career Exploration",2022,"Baltimore City",117,775,15.0967741935484,18.1818181818182
"Arrowhead Elementary",2021,"Prince Georges",117,376,31.1170212765957,-1.68067226890757
"Beall Elementary",2022,"Montgomery",117,497,23.5412474849095,963.636363636364
"Beaver Run School",2022,"Wicomico",117,641,18.2527301092044,20.6185567010309
"Bedford Elementary",2025,"Baltimore County",117,586,19.9658703071672,85.7142857142857
"Calvert High",2026,"Calvert",117,1099,10.6460418562329,-6.4
"College Gardens Elementary",2021,"Montgomery",117,583,20.0686106346484,-4.87804878048781
"Delmar Elementary",2026,"Wicomico",117,919,12.7312295973885,5.40540540540539
"Edmondson Heights Elementary",2023,"Baltimore County",117,559,20.9302325581395,34.4827586206897
"Farmland Elementary",2025,"Montgomery",117,847,13.8134592680047,5.40540540540539
"Frances Fuchs Early Childhood Center",2021,"Prince Georges",117,249,46.9879518072289,-29.940119760479
"Golden Ring Middle",2023,"Baltimore County",117,903,12.9568106312292,7.3394495412844
"Gwynn Park High",2021,"Prince Georges",117,1025,11.4146341463415,11.4285714285714
"Hanover Hills",2021,"Howard",117,774,15.1162790697674,-3.30578512396694
"Harpers Choice Middle",2026,"Howard",117,472,24.7881355932203,7.3394495412844
"Hawthorne Elementary",2026,"Baltimore County",117,470,24.8936170212766,11.4285714285714
"Lake Elkhorn Middle",2026,"Howard",117,558,20.9677419354839,-10
"Leonardtown High",2021,"Saint Marys",117,1846,6.33802816901408,13.5922330097087
"Little Bennett Elementary",2020,"Montgomery",117,636,18.3962264150943,NA
"Mattawoman Middle School",2025,"Charles",117,862,13.5730858468677,-1.68067226890757
"Oakdale Middle",2024,"Frederick",117,1069,10.9448082319925,5.40540540540539
"Rolling Knolls Elementary",2022,"Anne Arundel",117,361,32.409972299169,0.862068965517238
"Ruth Ann Monroe Primary",2022,"Washington",117,600,19.5,18.1818181818182
"Samuel Chase Elementary",2024,"Prince Georges",117,295,39.6610169491525,21.875
"Sherwood Elementary",2025,"Montgomery",117,498,23.4939759036145,1.7391304347826
"Stonegate Elementary",2020,"Montgomery",117,501,23.3532934131737,NA
"Sudlersville Elementary School",2023,"Queen Annes",117,324,36.1111111111111,-13.9705882352941
"Sudlersville Elementary School",2024,"Queen Annes",117,315,37.1428571428571,0
"Sudlersville Middle School",2026,"Queen Annes",117,452,25.8849557522124,1.7391304347826
"Timber Grove Elementary",2020,"Baltimore County",117,561,20.855614973262,NA
"Towson High",2024,"Baltimore County",117,1650,7.09090909090909,5.40540540540539
"Walkersville Middle",2020,"Frederick",117,876,13.3561643835616,NA
"Westminster West Middle",2026,"Carroll",117,919,12.7312295973885,-6.4
"Windsor Knolls Middle",2025,"Frederick",117,812,14.4088669950739,14.7058823529412
"Beaver Run School",2023,"Wicomico",116,669,17.339312406577,-0.854700854700852
"Benjamin Stoddert Middle",2021,"Prince Georges",116,614,18.8925081433225,-4.13223140495868
"Bester Elementary",2026,"Washington",116,517,22.4371373307544,9.43396226415094
"Bradbury Heights Elementary",2025,"Prince Georges",116,354,32.7683615819209,20.8333333333333
"Brooklyn Park Elementary",2021,"Anne Arundel",116,440,26.3636363636364,11.5384615384615
"Centennial High",2026,"Howard",116,1434,8.08926080892608,8.41121495327102
"Chesapeake High",2021,"Baltimore County",116,988,11.7408906882591,23.4042553191489
"Dr. Samuel A. Mudd Elementary School",2024,"Charles",116,524,22.1374045801527,3.57142857142858
"Dr. Samuel A. Mudd Elementary School",2026,"Charles",116,472,24.5762711864407,2.65486725663717
"East Silver Spring Elementary",2024,"Montgomery",116,525,22.0952380952381,23.4042553191489
"Edmondson Heights Elementary",2024,"Baltimore County",116,552,21.0144927536232,-0.854700854700852
"Fort Washington Forest Elementary",2022,"Prince Georges",116,359,32.3119777158774,5.45454545454545
"Francis T. Evans Elementary",2024,"Prince Georges",116,403,28.7841191066998,10.4761904761905
"Glenn Dale Elementary",2022,"Prince Georges",116,549,21.1293260473588,3.57142857142858
"Golden Ring Middle",2024,"Baltimore County",116,805,14.4099378881988,-0.854700854700852
"Hallie Wells Middle School",2020,"Montgomery",116,873,13.2875143184422,NA
"Indian Queen Elementary",2021,"Prince Georges",116,291,39.8625429553265,-7.2
"Lincolnshire Elementary",2025,"Washington",116,503,23.0616302186879,16
"Mattawoman Middle School",2021,"Charles",116,1024,11.328125,8.41121495327102
"Mattawoman Middle School",2022,"Charles",116,962,12.0582120582121,0
"Maurice J. Mcdonough High School",2021,"Charles",116,999,11.6116116116116,22.1052631578947
"Oakdale Elementary",2023,"Frederick",116,1028,11.284046692607,6.42201834862386
"Oakdale High",2020,"Frederick",116,1267,9.15548539857932,NA
"Oxon Hill Elementary",2026,"Prince Georges",116,223,52.0179372197309,4.5045045045045
"Pikesville High",2026,"Baltimore County",116,846,13.7115839243499,-15.3284671532847
"Red House Run Elementary",2021,"Baltimore County",116,575,20.1739130434783,-6.45161290322581
"Rolling Knolls Elementary",2021,"Anne Arundel",116,374,31.0160427807487,-2.52100840336135
"Rosa M. Parks Middle",2020,"Montgomery",116,868,13.3640552995392,NA
"Roye-Williams Elementary",2024,"Harford",116,449,25.8351893095768,2.65486725663717
"Severna Park High",2022,"Anne Arundel",116,1854,6.25674217907228,6.42201834862386
"Southgate Elementary",2020,"Anne Arundel",116,784,14.7959183673469,NA
"Sudlersville Elementary School",2021,"Queen Annes",116,297,39.0572390572391,6.42201834862386
"Walkersville Elementary",2021,"Frederick",116,631,18.3835182250396,8.41121495327102
"Western High",2023,"Baltimore City",116,1262,9.19175911251981,11.5384615384615
"Whittier Elementary",2020,"Frederick",116,718,16.1559888579387,NA
"Avalon Elementary",2023,"Prince Georges",115,278,41.3669064748201,11.6504854368932
"Brunswick High",2023,"Frederick",115,862,13.3410672853828,16.1616161616162
"Calvin M. Rodwell Elementary/Middle",2025,"Baltimore City",115,799,14.3929912390488,12.7450980392157
"Carmody Hills Elementary",2021,"Prince Georges",115,412,27.9126213592233,6.48148148148149
"Clarksburg Elementary",2021,"Montgomery",115,690,16.6666666666667,25
"Clarksburg Elementary",2022,"Montgomery",115,771,14.9156939040208,0
"Clinton Grove Elementary",2026,"Prince Georges",115,317,36.2776025236593,9.52380952380953
"Francis Scott Key Elementary",2026,"Prince Georges",115,450,25.5555555555556,8.49056603773586
"Hallie Wells Middle",2025,"Montgomery",115,931,12.3523093447905,8.49056603773586
"La Plata High School",2025,"Charles",115,1217,9.44946589975349,6.48148148148149
"Laytonsville Elementary",2023,"Montgomery",115,333,34.5345345345345,8.49056603773586
"Linganore High",2021,"Frederick",115,1393,8.25556353194544,18.5567010309278
"Maugansville Elementary",2021,"Washington",115,684,16.812865497076,7.47663551401869
"Middle River Middle",2020,"Baltimore County",115,1035,11.1111111111111,NA
"North Forestville Elementary",2022,"Prince Georges",115,286,40.2097902097902,33.7209302325581
"Oakland Mills Middle",2021,"Howard",115,479,24.0083507306889,-4.95867768595041
"Pleasant Plains Elementary",2021,"Baltimore County",115,525,21.9047619047619,-16.0583941605839
"Rippling Woods Elementary",2020,"Anne Arundel",115,611,18.8216039279869,NA
"Sherwood Elementary",2024,"Montgomery",115,520,22.1153846153846,16.1616161616162
"Stephen Decatur High",2024,"Worcester",115,1403,8.19672131147541,-9.4488188976378
"Sudlersville Elementary School",2025,"Queen Annes",115,315,36.5079365079365,-1.70940170940171
"Sudlersville Middle School",2025,"Queen Annes",115,447,25.7270693512304,36.9047619047619
"Suitland Elementary",2020,"Prince Georges",115,578,19.8961937716263,NA
"Theodore G. Davis Middle School",2025,"Charles",115,999,11.5115115115115,12.7450980392157
"Westminster East Middle",2025,"Carroll",115,796,14.4472361809045,9.52380952380953
"William Beanes Elementary",2023,"Prince Georges",115,382,30.1047120418848,11.6504854368932
"Arthur Middleton Elementary School",2021,"Charles",114,545,20.9174311926606,6.54205607476634
"Beall Elementary",2021,"Montgomery",114,516,22.093023255814,NA
"Belle Grove Elementary",2026,"Anne Arundel",114,258,44.1860465116279,-11.6279069767442
"Calvert High",2022,"Calvert",114,1115,10.2242152466368,28.0898876404494
"Deerfield Elementary",2022,"Harford",114,733,15.5525238744884,23.9130434782609
"Highland View Elementary",2021,"Montgomery",114,382,29.8429319371728,-10.9375
"Indian Queen Elementary",2024,"Prince Georges",114,246,46.3414634146341,-9.52380952380952
"Lake Elkhorn Middle",2021,"Howard",114,600,19,7.54716981132075
"Middlesex Elementary",2024,"Baltimore County",114,425,26.8235294117647,34.1176470588235
"Odenton Elementary",2025,"Anne Arundel",114,587,19.4207836456559,5.55555555555556
"Perry Hall High",2023,"Baltimore County",114,2029,5.61853129620503,9.61538461538463
"Piney Branch Elementary",2022,"Montgomery",114,610,18.6885245901639,1.78571428571428
"Roye-Williams Elementary",2025,"Harford",114,444,25.6756756756757,-1.72413793103449
"Shady Spring Elementary",2021,"Baltimore County",114,540,21.1111111111111,-11.6279069767442
"Spark M. Matsunaga Elementary School",2020,"Montgomery",114,710,16.056338028169,NA
"Spring Ridge Elementary",2026,"Frederick",114,638,17.8683385579937,12.8712871287129
"Surrattsville High",2021,"Prince Georges",114,673,16.9390787518574,4.58715596330275
"Belle Grove Elementary",2023,"Anne Arundel",113,311,36.3344051446945,21.505376344086
"Benjamin Stoddert Middle",2022,"Prince Georges",113,584,19.3493150684932,-2.58620689655172
"Benjamin Stoddert Middle School",2022,"Charles",113,840,13.452380952381,2.72727272727273
"Berry Elementary School",2024,"Charles",113,753,15.0066401062417,17.7083333333333
"Burtonsville Elementary",2022,"Montgomery",113,603,18.7396351575456,-4.23728813559322
"Deep Creek Middle",2026,"Baltimore County",113,666,16.966966966967,17.7083333333333
"Dr. Samuel A. Mudd Elementary School",2025,"Charles",113,497,22.7364185110664,-2.58620689655172
"Featherbed Lane Elementary",2022,"Baltimore County",113,549,20.5828779599271,59.1549295774648
"Forest Ridge Elementary",2020,"Howard",113,689,16.4005805515239,NA
"Francis T. Evans Elementary",2025,"Prince Georges",113,393,28.7531806615776,-2.58620689655172
"Freetown Elementary",2023,"Anne Arundel",113,521,21.6890595009597,4.62962962962963
"Glenn Dale Elementary",2020,"Prince Georges",113,581,19.4492254733219,NA
"Glyndon Elementary",2022,"Baltimore County",113,513,22.0272904483431,31.3953488372093
"Green Valley Elementary",2024,"Frederick",113,839,13.4684147794994,0.89285714285714
"Highland View Elementary",2022,"Montgomery",113,371,30.4582210242588,-0.877192982456143
"Highland View Elementary",2025,"Montgomery",113,334,33.8323353293413,-14.3939393939394
"Indian Queen Elementary",2022,"Prince Georges",113,281,40.2135231316726,-2.58620689655172
"North Forestville Elementary",2020,"Prince Georges",113,351,32.1937321937322,NA
"Northern Middle",2021,"Washington",113,809,13.9678615574784,334.615384615385
"Odenton Elementary",2023,"Anne Arundel",113,575,19.6521739130435,14.1414141414141
"Parkside High",2023,"Wicomico",113,1160,9.74137931034483,28.4090909090909
"Pershing Hill Elementary",2020,"Anne Arundel",113,568,19.8943661971831,NA
"Poolesville High",2021,"Montgomery",113,1236,9.14239482200647,20.2127659574468
"Potomac Landing Elementary",2022,"Prince Georges",113,390,28.974358974359,20.2127659574468
"Roye-Williams Elementary",2023,"Harford",113,442,25.5656108597285,29.8850574712644
"South Carroll High",2025,"Carroll",113,933,12.1114683815648,2.72727272727273
"Westminster East Middle",2026,"Carroll",113,788,14.3401015228426,-1.73913043478261
"William B. Gibbs, Jr. Elementary",2021,"Montgomery",113,551,20.508166969147,-12.4031007751938
"William Winchester Elementary",2026,"Carroll",113,562,20.1067615658363,6.60377358490567
"Bonnie Branch Middle",2024,"Howard",112,710,15.7746478873239,15.4639175257732
"Daniel Of St. Thomas Jenifer Elementary School",2024,"Charles",112,625,17.92,-8.19672131147541
"Dr. Samuel A. Mudd Elementary School",2023,"Charles",112,555,20.1801801801802,21.7391304347826
"Essex Elementary",2023,"Baltimore County",112,459,24.400871459695,12
"Forest Ridge Elementary",2021,"Howard",112,663,16.8929110105581,-0.884955752212391
"Fort Worthington Elementary/Middle",2024,"Baltimore City",112,682,16.4222873900293,17.8947368421053
"Glenn Dale Elementary",2021,"Prince Georges",112,571,19.614711033275,-0.884955752212391
"Golden Ring Middle",2021,"Baltimore County",112,851,13.1609870740306,14.2857142857143
"Green Valley Elementary",2023,"Frederick",112,785,14.2675159235669,19.1489361702128
"Henry E. Lackey High School",2024,"Charles",112,1058,10.586011342155,9.80392156862746
"J. P. Ryon Elementary School",2020,"Charles",112,659,16.9954476479514,NA
"Little Bennett Elementary",2021,"Montgomery",112,639,17.527386541471,-4.27350427350427
"Lois P. Rockwell Elementary",2020,"Montgomery",112,452,24.7787610619469,NA
"Longfellow Elementary",2025,"Howard",112,446,25.1121076233184,0.900900900900892
"Oakdale Middle",2026,"Frederick",112,1107,10.1174345076784,1.81818181818181
"Olney Elementary",2023,"Montgomery",112,613,18.2707993474715,10.8910891089109
"Piney Branch Elementary",2021,"Montgomery",112,626,17.8913738019169,4.67289719626167
"Rosa M. Parks Middle",2022,"Montgomery",112,836,13.3971291866029,-7.43801652892562
"Tayac Elementary",2022,"Prince Georges",112,340,32.9411764705882,2.75229357798166
"Urbana Middle",2021,"Frederick",112,967,11.5822130299897,-8.94308943089431
"Wicomico High",2020,"Wicomico",112,1079,10.3799814643188,NA
"William B. Gibbs, Jr. Elementary",2026,"Montgomery",112,567,19.7530864197531,-15.7894736842105
"Woodlin Elementary",2022,"Montgomery",112,549,20.4007285974499,9.80392156862746
"Andrew Jackson Academy",2026,"Prince Georges",111,447,24.8322147651007,1.83486238532109
"Arlington Elementary",2023,"Baltimore City",111,469,23.6673773987207,15.625
"Avalon Elementary",2024,"Prince Georges",111,302,36.7549668874172,-3.47826086956522
"Bel Air Middle",2026,"Harford",111,1066,10.4127579737336,4.71698113207548
"Berry Elementary School",2025,"Charles",111,726,15.2892561983471,-1.76991150442478
"Deerfield Elementary",2023,"Harford",111,728,15.2472527472527,-2.63157894736842
"Delmar Elementary",2025,"Wicomico",111,914,12.144420131291,11
"Eastern Elementary",2026,"Washington",111,421,26.3657957244656,6.73076923076923
"Farmland Elementary",2024,"Montgomery",111,813,13.6531365313653,9.90099009900991
"High Bridge Elementary",2026,"Prince Georges",111,408,27.2058823529412,5.71428571428572
"Hillcrest Heights Elementary",2024,"Prince Georges",111,394,28.1725888324873,7.76699029126213
"Kent Island High School",2024,"Queen Annes",111,1147,9.67741935483871,0.909090909090904
"Lake Elkhorn Middle",2022,"Howard",111,603,18.407960199005,-2.63157894736842
"Little Bennett Elementary",2023,"Montgomery",111,631,17.5911251980983,-5.9322033898305
"Longfellow Elementary",2024,"Howard",111,423,26.241134751773,-13.953488372093
"Mattawoman Middle School",2023,"Charles",111,934,11.8843683083512,-4.31034482758621
"Milton M. Somers Middle School",2022,"Charles",111,969,11.4551083591331,7.76699029126213
"Oakdale Middle",2023,"Frederick",111,1057,10.5014191106906,16.8421052631579
"Olney Elementary",2025,"Montgomery",111,585,18.974358974359,1.83486238532109
"Oxon Hill Elementary",2025,"Prince Georges",111,215,51.6279069767442,2.77777777777777
"Parkville Middle",2026,"Baltimore County",111,926,11.9870410367171,37.037037037037
"Queen Annes County High School",2021,"Queen Annes",111,1210,9.17355371900826,1.83486238532109
"Roye-Williams Elementary",2026,"Harford",111,452,24.5575221238938,-2.63157894736842
"Stonegate Elementary",2021,"Montgomery",111,494,22.4696356275304,-5.12820512820513
"Theodore G. Davis Middle School",2023,"Charles",111,1043,10.6423777564717,14.4329896907216
"Towson High",2023,"Baltimore County",111,1676,6.62291169451074,15.625
"Urbana Middle",2022,"Frederick",111,1034,10.7350096711799,-0.89285714285714
"Van Bokkelen Elementary",2022,"Anne Arundel",111,382,29.0575916230367,1.83486238532109
"Villa Cresta Elementary",2023,"Baltimore County",111,637,17.425431711146,37.037037037037
"Westlake High School",2022,"Charles",111,1188,9.34343434343434,24.7191011235955
"Windsor Knolls Middle",2023,"Frederick",111,744,14.9193548387097,3.73831775700935
"Bel Air High",2023,"Harford",110,1489,7.3875083948959,13.4020618556701
"Benjamin Stoddert Middle School",2021,"Charles",110,838,13.126491646778,18.2795698924731
"Berkshire Elementary",2021,"Baltimore County",110,423,26.0047281323877,-25.1700680272109
"Burtonsville Elementary",2020,"Montgomery",110,604,18.2119205298013,NA
"Catonsville High",2020,"Baltimore County",110,1826,6.02409638554217,NA
"Deep Creek Middle",2022,"Baltimore County",110,860,12.7906976744186,3.77358490566038
"Dr. Gustavus Brown Elementary",2026,"Charles",110,395,27.8481012658228,1.85185185185186
"Forest Ridge Elementary",2022,"Howard",110,656,16.7682926829268,-1.78571428571429
"Fort Washington Forest Elementary",2021,"Prince Georges",110,345,31.8840579710145,39.2405063291139
"Frederick Douglass High",2026,"Prince Georges",110,1120,9.82142857142857,30.952380952381
"George T. Cromwell Elementary",2023,"Anne Arundel",110,360,30.5555555555556,14.5833333333333
"Gwynn Park Middle",2025,"Prince Georges",110,702,15.6695156695157,6.79611650485437
"Hickory Elementary",2021,"Washington",110,297,37.037037037037,243.75
"Hollifield Station Elementary",2025,"Howard",110,677,16.2481536189069,0.917431192660545
"J. C. Parks Elementary School",2023,"Charles",110,638,17.2413793103448,25
"James Madison Middle",2021,"Prince Georges",110,895,12.2905027932961,3.77358490566038
"Kent Island High School",2023,"Queen Annes",110,1164,9.45017182130584,19.5652173913043
"Longfellow Elementary",2026,"Howard",110,434,25.3456221198157,-1.78571428571429
"Magnolia Elementary",2020,"Prince Georges",110,514,21.4007782101167,80.327868852459
"Mays Chapel Elementary",2020,"Baltimore County",110,720,15.2777777777778,NA
"Northeast Middle",2022,"Anne Arundel",110,848,12.9716981132075,NA
"Oakdale Middle",2025,"Frederick",110,1085,10.1382488479263,-5.98290598290598
"Oakleigh Elementary",2025,"Baltimore County",110,452,24.3362831858407,0.917431192660545
"Oxon Hill Elementary",2023,"Prince Georges",110,237,46.4135021097046,26.4367816091954
"Pot Spring Elementary",2023,"Baltimore County",110,436,25.2293577981651,5.76923076923077
"South Carroll High",2024,"Carroll",110,935,11.7647058823529,17.0212765957447
"Southwest Academy",2023,"Baltimore County",110,739,14.8849797023004,3.77358490566038
"Stemmers Run Middle",2023,"Baltimore County",110,838,13.126491646778,6.79611650485437
"Tench Tilghman Elementary/Middle",2026,"Baltimore City",110,379,29.023746701847,14.5833333333333
"Towson High",2025,"Baltimore County",110,1558,7.06033376123235,-5.98290598290598
"Villa Cresta Elementary",2026,"Baltimore County",110,599,18.3639398998331,-6.77966101694916
"Woodhome Elementary/Middle",2026,"Baltimore City",110,499,22.0440881763527,3.77358490566038
"Woodlawn Middle",2026,"Baltimore County",110,483,22.7743271221532,2.803738317757
"Andrew Jackson Academy",2025,"Prince Georges",109,458,23.7991266375546,25.2873563218391
"Catonsville High",2022,"Baltimore County",109,1813,6.01213458356315,9.00000000000001
"Charlesmont Elementary",2025,"Baltimore County",109,373,29.2225201072386,41.5584415584416
"College Gardens Elementary",2025,"Montgomery",109,506,21.5415019762846,4.80769230769231
"Deerfield Elementary",2024,"Harford",109,714,15.266106442577,-1.80180180180181
"East Silver Spring Elementary",2020,"Montgomery",109,497,21.9315895372233,NA
"East Silver Spring Elementary",2026,"Montgomery",109,516,21.1240310077519,5.8252427184466
"Essex Elementary",2024,"Baltimore County",109,446,24.4394618834081,-2.67857142857143
"George Washington Carver Elementary",2021,"Saint Marys",109,519,21.0019267822736,-12.8
"Glenelg High",2024,"Howard",109,1367,7.97366495976591,19.7802197802198
"Glenelg High",2026,"Howard",109,1355,8.04428044280443,4.80769230769231
"Golden Ring Middle",2022,"Baltimore County",109,882,12.3582766439909,-2.67857142857143
"Green Valley Elementary",2026,"Frederick",109,831,13.1167268351384,-9.16666666666667
"Harpers Choice Middle",2025,"Howard",109,471,23.1422505307856,3.80952380952382
"Hollifield Station Elementary",2024,"Howard",109,721,15.1178918169209,0.92592592592593
"James Ryder Randall Elementary",2023,"Prince Georges",109,254,42.9133858267717,6.86274509803921
"Magnolia Middle",2021,"Harford",109,812,13.423645320197,6.86274509803921
"New Era Academy",2023,"Baltimore City",109,287,37.9790940766551,-30.1282051282051
"Northeast Middle",2024,"Anne Arundel",109,853,12.778429073857,-9.16666666666667
"Northern Middle",2020,"Washington",109,799,13.6420525657071,319.230769230769
"Oakdale Elementary",2022,"Frederick",109,923,11.8093174431203,6.86274509803921
"Oakleigh Elementary",2024,"Baltimore County",109,527,20.6831119544592,28.2352941176471
"Oakwood Elementary",2025,"Anne Arundel",109,309,35.2750809061489,9.00000000000001
"Olney Elementary",2024,"Montgomery",109,604,18.046357615894,-2.67857142857143
"Piney Branch Elementary",2026,"Montgomery",109,545,20,2.83018867924529
"Queen Annes County High School",2020,"Queen Annes",109,1187,9.18281381634372,NA
"Rockledge Elementary",2026,"Prince Georges",109,317,34.384858044164,17.2043010752688
"Severna Park High",2021,"Anne Arundel",109,1880,5.79787234042553,12.3711340206186
"Southgate Elementary",2022,"Anne Arundel",109,710,15.3521126760563,3.80952380952382
"Southwest Academy",2021,"Baltimore County",109,794,13.727959697733,2.83018867924529
"Sudlersville Elementary School",2020,"Queen Annes",109,312,34.9358974358974,NA
"Surrattsville High",2020,"Prince Georges",109,705,15.4609929078014,NA
"Sussex Elementary",2023,"Baltimore County",109,430,25.3488372093023,12.3711340206186
"Tayac Elementary",2021,"Prince Georges",109,336,32.4404761904762,17.2043010752688
"Thomson Estates Elementary",2026,"Cecil",109,467,23.3404710920771,22.4719101123596
"Van Bokkelen Elementary",2021,"Anne Arundel",109,381,28.6089238845144,-7.6271186440678
"Waldon Woods Elementary",2023,"Prince Georges",109,529,20.6049149338374,1.86915887850467
"Westminster West Middle",2024,"Carroll",109,912,11.9517543859649,0.92592592592593
"Woodmoor Elementary",2026,"Baltimore County",109,539,20.2226345083488,-9.91735537190083
"Bonnie Branch Middle",2020,"Howard",108,703,15.3627311522048,NA
"Carmody Hills Elementary",2020,"Prince Georges",108,423,25.531914893617,NA
"Chesapeake High",2025,"Anne Arundel",108,1540,7.01298701298701,-25
"Curtis Bay Elementary",2021,"Baltimore City",108,440,24.5454545454545,NA
"Curtis Bay Elementary",2022,"Baltimore City",108,416,25.9615384615385,0
"Daniel Of St. Thomas Jenifer Elementary School",2022,"Charles",108,586,18.4300341296928,12.5
"Dr. Charles R. Drew Elementary",2021,"Montgomery",108,468,23.0769230769231,-10
"Dr. Gustavus Brown Elementary",2025,"Charles",108,412,26.2135922330097,3.84615384615385
"Freetown Elementary",2022,"Anne Arundel",108,517,20.889748549323,11.340206185567
"General John Stricker Middle",2024,"Baltimore County",108,700,15.4285714285714,2.85714285714285
"Hollifield Station Elementary",2020,"Howard",108,872,12.3853211009174,NA
"Hollifield Station Elementary",2023,"Howard",108,732,14.7540983606557,6.93069306930694
"Indian Queen Elementary",2026,"Prince Georges",108,242,44.6280991735537,5.88235294117647
"La Plata High School",2024,"Charles",108,1217,8.87428101889893,12.5
"La Plata High School",2026,"Charles",108,1155,9.35064935064935,-6.08695652173913
"Loch Raven Technical Academy",2026,"Baltimore County",108,704,15.3409090909091,25.5813953488372
"Manchester Valley High",2025,"Carroll",108,1339,8.06572068707991,14.8936170212766
"Mergenthaler Vocational-Technical High",2020,"Baltimore City",108,1719,6.282722513089,NA
"Milbrook Elementary",2023,"Baltimore County",108,348,31.0344827586207,25.5813953488372
"Odenton Elementary",2024,"Anne Arundel",108,576,18.75,-4.42477876106194
"Oxon Hill Elementary",2024,"Prince Georges",108,224,48.2142857142857,-1.81818181818182
"Swansfield Elementary",2020,"Howard",108,562,19.2170818505338,NA
"Westminster West Middle",2021,"Carroll",108,904,11.9469026548673,14.8936170212766
"Westminster West Middle",2023,"Carroll",108,875,12.3428571428571,8.00000000000001
"Arthur Middleton Elementary School",2020,"Charles",107,551,19.4192377495463,NA
"Bel Air High",2024,"Harford",107,1419,7.54052149400987,-2.72727272727272
"Cabin John Middle",2025,"Montgomery",107,983,10.8850457782299,7.00000000000001
"Centennial High",2025,"Howard",107,1377,7.77051561365287,9.18367346938775
"Chesapeake Science Point",2026,"Anne Arundel",107,1139,9.39420544337138,9.18367346938775
"Gorman Crossing Elementary",2024,"Howard",107,728,14.6978021978022,16.304347826087
"Joppatowne High",2024,"Harford",107,900,11.8888888888889,10.3092783505155
"Mattawoman Middle School",2020,"Charles",107,1026,10.4288499025341,NA
"Maugansville Elementary",2020,"Washington",107,749,14.2857142857143,NA
"Milford Mill Academy",2023,"Baltimore County",107,1324,8.08157099697885,9.18367346938775
"Oakleigh Elementary",2026,"Baltimore County",107,449,23.8307349665924,-2.72727272727272
"Oakwood Elementary",2026,"Anne Arundel",107,310,34.5161290322581,-1.8348623853211
"Odenton Elementary",2026,"Anne Arundel",107,594,18.013468013468,-6.14035087719298
"Olney Elementary",2026,"Montgomery",107,553,19.3490054249548,-3.6036036036036
"Perry Hall High",2021,"Baltimore County",107,2018,5.30227948463826,15.0537634408602
"Piney Branch Elementary",2020,"Montgomery",107,650,16.4615384615385,NA
"Piney Branch Elementary",2023,"Montgomery",107,599,17.8631051752922,-6.14035087719298
"Severn River Middle",2023,"Anne Arundel",107,734,14.5776566757493,20.2247191011236
"Springfield Middle",2023,"Washington",107,748,14.3048128342246,8.08080808080809
"Waldon Woods Elementary",2022,"Prince Georges",107,532,20.1127819548872,2.88461538461537
"Walkersville Elementary",2020,"Frederick",107,678,15.7817109144543,NA
"Walkersville Middle",2025,"Frederick",107,779,13.7355584082157,-13.7096774193548
"Windsor Knolls Middle",2022,"Frederick",107,719,14.8817802503477,15.0537634408602
"Woodlawn Middle",2025,"Baltimore County",107,522,20.4980842911877,10.3092783505155
"Ardmore Elementary",2023,"Prince Georges",106,417,25.4196642685851,8.16326530612246
"Bel Air Middle",2025,"Harford",106,1080,9.81481481481481,10.4166666666667
"Bester Elementary",2025,"Washington",106,490,21.6326530612245,10.4166666666667
"Brandywine Elementary",2025,"Prince Georges",106,572,18.5314685314685,16.4835164835165
"Cabin John Middle School",2022,"Montgomery",106,1030,10.2912621359223,1.92307692307692
"Deep Creek Middle",2021,"Baltimore County",106,907,11.6868798235943,9.27835051546391
"Deer Park Middle Magnet School",2022,"Baltimore County",106,1536,6.90104166666667,20.4545454545455
"Frances Fuchs Early Childhood Center",2022,"Prince Georges",106,204,51.9607843137255,-9.4017094017094
"Francis Scott Key Elementary",2025,"Prince Georges",106,451,23.5033259423503,27.710843373494
"George Washington Carver Elementary",2022,"Saint Marys",106,492,21.5447154471545,-2.75229357798165
"Gorman Crossing Elementary",2026,"Howard",106,744,14.247311827957,1.92307692307692
"Hallie Wells Middle",2024,"Montgomery",106,944,11.228813559322,-14.5161290322581
"High Bridge Elementary",2023,"Prince Georges",106,342,30.9941520467836,19.1011235955056
"James Madison Middle",2020,"Prince Georges",106,870,12.183908045977,NA
"Lake Elkhorn Middle",2020,"Howard",106,564,18.7943262411348,NA
"Laytonsville Elementary",2021,"Montgomery",106,369,28.7262872628726,11.578947368421
"Laytonsville Elementary",2022,"Montgomery",106,347,30.5475504322767,0
"Magnolia Elementary",2021,"Prince Georges",106,513,20.6627680311891,103.846153846154
"Northeast Middle",2025,"Anne Arundel",106,901,11.7647058823529,-2.75229357798165
"Northern High",2025,"Calvert",106,1478,7.17185385656292,8.16326530612246
"Panorama Elementary",2023,"Prince Georges",106,568,18.6619718309859,11.578947368421
"Piney Branch Elementary",2025,"Montgomery",106,575,18.4347826086957,2.9126213592233
"Potomac Landing Elementary",2023,"Prince Georges",106,422,25.1184834123223,-6.19469026548672
"Rippling Woods Elementary",2024,"Anne Arundel",106,545,19.4495412844037,17.7777777777778
"Solley Elementary",2022,"Anne Arundel",106,710,14.9295774647887,15.2173913043478
"Southwest Academy",2020,"Baltimore County",106,823,12.8797083839611,NA
"Southwest Academy",2022,"Baltimore County",106,784,13.5204081632653,-2.75229357798165
"Sudlersville Elementary School",2026,"Queen Annes",106,297,35.6902356902357,-7.82608695652174
"Suitland Elementary",2021,"Prince Georges",106,503,21.0735586481113,-7.82608695652174
"Waugh Chapel Elementary",2025,"Anne Arundel",106,549,19.3078324225865,1.92307692307692
"Waugh Chapel Elementary",2026,"Anne Arundel",106,511,20.7436399217221,0
"William Beanes Elementary",2020,"Prince Georges",106,481,22.037422037422,NA
"William Winchester Elementary",2025,"Carroll",106,587,18.0579216354344,6.00000000000001
"Woodhome Elementary/Middle",2025,"Baltimore City",106,496,21.3709677419355,4.95049504950495
"Bethesda Elementary",2021,"Montgomery",105,619,16.9628432956381,6.06060606060606
"Bethesda Elementary",2022,"Montgomery",105,640,16.40625,0
"Brunswick Elementary",2025,"Frederick",105,804,13.0597014925373,5
"Carroll Manor Elementary",2026,"Frederick",105,503,20.8747514910537,452.631578947368
"Clinton Grove Elementary",2025,"Prince Georges",105,295,35.5932203389831,10.5263157894737
"Deer Park Middle Magnet School",2023,"Baltimore County",105,1322,7.94251134644478,-0.943396226415094
"Ernest Everett Just Middle",2026,"Prince Georges",105,735,14.2857142857143,8.24742268041236
"Francis T. Evans Elementary",2023,"Prince Georges",105,350,30,12.9032258064516
"General John Stricker Middle",2023,"Baltimore County",105,745,14.0939597315436,8.24742268041236
"Glenn Dale Elementary",2026,"Prince Georges",105,506,20.7509881422925,17.9775280898876
"Gwynn Park High",2020,"Prince Georges",105,961,10.9261186264308,NA
"Gwynn Park Middle",2023,"Prince Georges",105,711,14.7679324894515,10.5263157894737
"Harpers Choice Middle",2024,"Howard",105,469,22.3880597014925,7.14285714285714
"Hawthorne Elementary",2025,"Baltimore County",105,499,21.0420841683367,19.3181818181818
"High Bridge Elementary",2025,"Prince Georges",105,394,26.6497461928934,3.96039603960396
"Joppatowne High",2026,"Harford",105,834,12.589928057554,-13.9344262295082
"Logan Elementary",2022,"Baltimore County",105,509,20.6286836935167,32.9113924050633
"Maugansville Elementary",2022,"Washington",105,671,15.6482861400894,-8.69565217391305
"Middletown High",2023,"Frederick",105,1097,9.57155879671832,19.3181818181818
"Overlea High",2020,"Baltimore County",105,1020,10.2941176470588,NA
"Parkville Middle",2024,"Baltimore County",105,1022,10.2739726027397,25
"Pot Spring Elementary",2020,"Baltimore County",105,477,22.0125786163522,NA
"Quarterfield Elementary",2025,"Anne Arundel",105,544,19.3014705882353,15.3846153846154
"Quarterfield Elementary",2026,"Anne Arundel",105,536,19.589552238806,0
"Seat Pleasant Elementary",2026,"Prince Georges",105,271,38.7453874538745,6.06060606060606
"Solley Elementary",2024,"Anne Arundel",105,718,14.6239554317549,1.94174757281553
"Southgate Elementary",2021,"Anne Arundel",105,734,14.3051771117166,-9.48275862068966
"Stephen Decatur High",2021,"Worcester",105,1369,7.66983199415632,9.375
"Westminster East Middle",2024,"Carroll",105,800,13.125,6.06060606060606
"Williamsport High",2020,"Washington",105,903,11.6279069767442,NA
"Bear Creek Elementary",2025,"Baltimore County",104,461,22.5596529284165,13.0434782608696
"Bethesda Elementary",2023,"Montgomery",104,611,17.0212765957447,-0.952380952380949
"Brooklyn Park Elementary",2020,"Anne Arundel",104,450,23.1111111111111,NA
"C. Paul Barnhart Elementary School",2025,"Charles",104,598,17.3913043478261,15.5555555555555
"Cabin John Middle School",2021,"Montgomery",104,1077,9.65645311049211,23.8095238095238
"Catherine T. Reed Elementary",2020,"Prince Georges",104,508,20.4724409448819,NA
"College Gardens Elementary",2022,"Montgomery",104,518,20.0772200772201,-11.1111111111111
"College Gardens Elementary",2024,"Montgomery",104,506,20.5533596837945,7.21649484536082
"Cross Country Elementary/Middle",2020,"Baltimore City",104,699,14.8783977110157,NA
"Dr. Gustavus Brown Elementary",2024,"Charles",104,416,25,20.9302325581395
"East Salisbury Elementary",2025,"Wicomico",104,486,21.3991769547325,6.12244897959184
"Eastern Elementary",2025,"Washington",104,439,23.6902050113895,2.97029702970297
"Edmondson-Westside High",2025,"Baltimore City",104,910,11.4285714285714,70.4918032786885
"Francis Scott Key Elementary/Middle",2024,"Baltimore City",104,674,15.4302670623145,11.8279569892473
"Francis Scott Key Elementary/Middle",2025,"Baltimore City",104,722,14.404432132964,0
"General John Stricker Middle",2021,"Baltimore County",104,846,12.2931442080378,16.8539325842697
"Glenelg High",2025,"Howard",104,1363,7.63022743947175,-4.58715596330275
"Gorman Crossing Elementary",2025,"Howard",104,750,13.8666666666667,-2.80373831775701
"Homestead/Wakefield Elementary",2024,"Harford",104,1057,9.8391674550615,11.8279569892473
"Homestead/Wakefield Elementary",2025,"Harford",104,1071,9.71055088702148,0
"Kenmoor Early Childhood Center",2025,"Prince Georges",104,240,43.3333333333333,14.2857142857143
"Middletown High",2026,"Frederick",104,1094,9.50639853747715,13.0434782608696
"Perry Hall High",2022,"Baltimore County",104,2006,5.18444666001994,-2.80373831775701
"Pimlico Elementary/Middle",2023,"Baltimore City",104,741,14.0350877192982,103.921568627451
"Pot Spring Elementary",2022,"Baltimore County",104,441,23.5827664399093,0.970873786407767
"Sandy Plains Elementary",2022,"Baltimore County",104,514,20.2334630350195,11.8279569892473
"Spark M. Matsunaga Elementary School",2021,"Montgomery",104,663,15.6862745098039,-8.77192982456141
"Springfield Middle",2020,"Washington",104,866,12.0092378752887,NA
"Springfield Middle",2021,"Washington",104,859,12.1071012805588,0
"Waldon Woods Elementary",2021,"Prince Georges",104,559,18.6046511627907,13.0434782608696
"Waugh Chapel Elementary",2024,"Anne Arundel",104,564,18.4397163120567,15.5555555555555
"Western High",2022,"Baltimore City",104,1261,8.24742268041237,52.9411764705882
"Williamsport High",2021,"Washington",104,901,11.542730299667,-0.952380952380949
"Wilson Wims Elementary School",2020,"Montgomery",104,767,13.5593220338983,NA
"Yellow Springs Elementary",2025,"Frederick",104,628,16.5605095541401,15.5555555555555
"Arbutus Middle",2026,"Baltimore County",103,975,10.5641025641026,8.42105263157895
"Avalon Elementary",2022,"Prince Georges",103,275,37.4545454545455,6.18556701030928
"Brunswick Elementary",2023,"Frederick",103,752,13.6968085106383,5.10204081632653
"Cross Country Elementary/Middle",2021,"Baltimore City",103,700,14.7142857142857,-0.961538461538458
"Diamond Elementary",2026,"Montgomery",103,659,15.6297420333839,13.1868131868132
"East Silver Spring Elementary",2021,"Montgomery",103,481,21.4137214137214,-5.5045871559633
"East Silver Spring Elementary",2025,"Montgomery",103,540,19.0740740740741,-11.2068965517241
"Edmondson-Westside High",2026,"Baltimore City",103,875,11.7714285714286,-0.961538461538458
"Gwynn Park Middle",2024,"Prince Georges",103,727,14.1678129298487,-1.90476190476191
"High Point Elementary",2021,"Anne Arundel",103,669,15.3961136023916,3
"High Point Elementary",2022,"Anne Arundel",103,659,15.6297420333839,0
"Highland View Elementary",2026,"Montgomery",103,311,33.1189710610932,-8.8495575221239
"Hillcrest Heights Elementary",2023,"Prince Georges",103,406,25.3694581280788,30.379746835443
"Kensington Parkwood Elementary",2023,"Montgomery",103,592,17.3986486486486,3
"Leonardtown High",2020,"Saint Marys",103,1889,5.45262043409211,NA
"Linthicum Elementary",2026,"Anne Arundel",103,520,19.8076923076923,11.9565217391304
"Milton M. Somers Middle School",2021,"Charles",103,1049,9.81887511916111,19.7674418604651
"North Glen Elementary",2025,"Anne Arundel",103,278,37.0503597122302,-13.4453781512605
"Pikesville Middle",2021,"Baltimore County",103,967,10.6514994829369,19.7674418604651
"Piney Branch Elementary",2024,"Montgomery",103,599,17.195325542571,-3.73831775700935
"Pot Spring Elementary",2021,"Baltimore County",103,446,23.0941704035874,-1.90476190476191
"Seat Pleasant Elementary",2023,"Prince Georges",103,331,31.1178247734139,13.1868131868132
"Shady Spring Elementary",2022,"Baltimore County",103,515,20,-9.64912280701754
"Solley Elementary",2023,"Anne Arundel",103,705,14.6099290780142,-2.83018867924528
"Stemmers Run Middle",2022,"Baltimore County",103,860,11.9767441860465,10.752688172043
"Sugarloaf Elementary",2026,"Frederick",103,838,12.291169451074,5.10204081632653
"Westminster High",2022,"Carroll",103,1448,7.11325966850829,22.6190476190476
"William Beanes Elementary",2022,"Prince Georges",103,396,26.010101010101,15.7303370786517
"Yellow Springs Elementary",2026,"Frederick",103,610,16.8852459016393,-0.961538461538458
"Bel Air High",2020,"Harford",102,1560,6.53846153846154,NA
"Bel Air High",2021,"Harford",102,1557,6.55105973025048,0
"Bonnie Branch Middle",2022,"Howard",102,663,15.3846153846154,6.25
"Brunswick Middle",2024,"Frederick",102,654,15.5963302752294,14.6067415730337
"C. Paul Barnhart Elementary School",2026,"Charles",102,578,17.6470588235294,-1.92307692307693
"Calvin M. Rodwell Elementary/Middle",2024,"Baltimore City",102,908,11.2334801762115,25.9259259259259
"Chesapeake High",2020,"Baltimore County",102,961,10.6139438085328,24.390243902439
"Elmwood Elementary",2024,"Baltimore County",102,454,22.4669603524229,10.8695652173913
"Greenbelt Elementary",2026,"Prince Georges",102,505,20.1980198019802,3.03030303030303
"Henry E. Lackey High School",2023,"Charles",102,1042,9.78886756238004,17.2413793103448
"Hillcrest Elementary",2025,"Baltimore County",102,678,15.0442477876106,-76.8707482993197
"Huntingtown High School",2026,"Calvert",102,1311,7.78032036613272,10.8695652173913
"Indian Queen Elementary",2025,"Prince Georges",102,235,43.4042553191489,-10.5263157894737
"James Ryder Randall Elementary",2022,"Prince Georges",102,253,40.3162055335968,8.51063829787233
"Loch Raven High",2026,"Baltimore County",102,724,14.0883977900552,18.6046511627907
"Longfellow Elementary",2020,"Howard",102,447,22.8187919463087,NA
"Magnolia Elementary",2026,"Prince Georges",102,456,22.3684210526316,43.6619718309859
"Magnolia Middle",2020,"Harford",102,831,12.2743682310469,NA
"Maple Elementary School",2022,"Dorchester",102,389,26.2210796915167,36
"Northview Elementary",2026,"Prince Georges",102,544,18.75,10.8695652173913
"Oakdale Elementary",2021,"Frederick",102,926,11.0151187904968,39.7260273972603
"Odenton Elementary",2021,"Anne Arundel",102,519,19.6531791907514,6.25
"Paul Laurence Dunbar High",2022,"Baltimore City",102,995,10.251256281407,54.5454545454545
"Ridgeway Elementary",2026,"Anne Arundel",102,530,19.2452830188679,13.3333333333333
"Robert Moton Elementary",2026,"Carroll",102,435,23.448275862069,3.03030303030303
"Salisbury Middle",2024,"Wicomico",102,869,11.7376294591484,14.6067415730337
"Suitland Elementary",2022,"Prince Georges",102,510,20,-3.77358490566038
"Suitland Elementary",2023,"Prince Georges",102,519,19.6531791907514,0
"Suitland Elementary",2024,"Prince Georges",102,466,21.8884120171674,0
"Theodore G. Davis Middle School",2024,"Charles",102,1068,9.55056179775281,-8.1081081081081
"Urbana Elementary",2024,"Frederick",102,703,14.5092460881935,4.08163265306123
"Warren Elementary",2026,"Baltimore County",102,373,27.3458445040214,4.08163265306123
"William Winchester Elementary",2020,"Carroll",102,523,19.5028680688336,NA
"Windsor Knolls Middle",2024,"Frederick",102,754,13.5278514588859,-8.1081081081081
"Woodlin Elementary",2021,"Montgomery",102,511,19.9608610567515,-13.5593220338983
"Bond Mill Elementary",2021,"Prince Georges",101,488,20.6967213114754,1
"Cambridge-South Dorchester High School",2026,"Dorchester",101,744,13.5752688172043,4.12371134020619
"Carroll Manor Elementary",2024,"Frederick",101,561,18.0035650623886,621.428571428571
"Cradlerock Elementary",2026,"Howard",101,461,21.9088937093275,6.31578947368421
"Eastern Elementary",2024,"Washington",101,440,22.9545454545455,7.4468085106383
"Farmland Elementary",2023,"Montgomery",101,797,12.67252195734,8.6021505376344
"Frederick Douglass High",2024,"Prince Georges",101,1182,8.54483925549915,26.25
"Gilpin Manor Elementary",2025,"Cecil",101,478,21.1297071129707,24.6913580246914
"High Bridge Elementary",2024,"Prince Georges",101,404,25,-4.71698113207547
"Hollifield Station Elementary",2022,"Howard",101,750,13.4666666666667,1
"Howard High",2024,"Howard",101,1529,6.6056245912361,-25.7352941176471
"Manchester Valley High",2026,"Carroll",101,1315,7.68060836501901,-6.48148148148148
"Mays Chapel Elementary",2025,"Baltimore County",101,657,15.3729071537291,18.8235294117647
"Oakdale Middle",2021,"Frederick",101,899,11.2347052280311,21.6867469879518
"Olney Elementary",2022,"Montgomery",101,610,16.5573770491803,3.06122448979591
"Pershing Hill Elementary",2022,"Anne Arundel",101,495,20.4040404040404,4.12371134020619
"Ridgeway Elementary",2022,"Anne Arundel",101,566,17.8445229681979,6.31578947368421
"Ridgeway Elementary",2024,"Anne Arundel",101,576,17.5347222222222,7.4468085106383
"Rosemary Hills Elementary",2023,"Montgomery",101,578,17.4740484429066,5.20833333333333
"Severn River Middle",2024,"Anne Arundel",101,685,14.7445255474453,-5.60747663551402
"Spring Ridge Elementary",2025,"Frederick",101,605,16.6942148760331,10.989010989011
"St. Charles High School",2021,"Charles",101,1392,7.25574712643678,12.2222222222222
"Takoma Park Elementary",2021,"Montgomery",101,617,16.3695299837925,3.06122448979591
"William B. Gibbs, Jr. Elementary",2022,"Montgomery",101,516,19.5736434108527,-10.6194690265487
"Woodhome Elementary/Middle",2024,"Baltimore City",101,492,20.5284552845528,20.2380952380952
"Bond Mill Elementary",2020,"Prince Georges",100,507,19.723865877712,NA
"Brunswick Elementary",2024,"Frederick",100,773,12.9366106080207,-2.9126213592233
"Brunswick Middle",2025,"Frederick",100,638,15.6739811912226,-1.96078431372549
"Cabin John Middle",2024,"Montgomery",100,974,10.2669404517454,-15.2542372881356
"Cabin John Middle",2026,"Montgomery",100,1021,9.79431929480901,-6.54205607476636
"Carroll Manor Elementary",2025,"Frederick",100,530,18.8679245283019,455.555555555556
"Catherine T. Reed Elementary",2021,"Prince Georges",100,466,21.4592274678112,-3.84615384615384
"Catonsville High",2021,"Baltimore County",100,1809,5.52791597567717,-9.09090909090909
"Chase Elementary",2026,"Baltimore County",100,346,28.9017341040462,6.38297872340425
"Delmar Elementary",2024,"Wicomico",100,882,11.3378684807256,11.1111111111111
"East Salisbury Elementary",2023,"Wicomico",100,421,23.7529691211401,6.38297872340425
"Essex Elementary",2022,"Baltimore County",100,454,22.0264317180617,44.9275362318841
"Evergreen Elementary School",2020,"Saint Marys",100,813,12.30012300123,NA
"Gorman Crossing Elementary",2022,"Howard",100,784,12.7551020408163,5.26315789473684
"Grange Elementary",2026,"Baltimore County",100,482,20.746887966805,5.26315789473684
"High Point Elementary",2020,"Anne Arundel",100,680,14.7058823529412,NA
"Hollifield Station Elementary",2021,"Howard",100,768,13.0208333333333,-7.40740740740741
"Kenmoor Early Childhood Center",2023,"Prince Georges",100,252,39.6825396825397,138.095238095238
"Kensington Parkwood Elementary",2022,"Montgomery",100,597,16.750418760469,20.4819277108434
"Lincolnshire Elementary",2024,"Washington",100,500,20,11.1111111111111
"Mount Airy Middle",2025,"Carroll",100,761,13.1406044678055,14.9425287356322
"Oakwood Elementary",2023,"Anne Arundel",100,378,26.4550264550265,19.047619047619
"Oakwood Elementary",2024,"Anne Arundel",100,385,25.974025974026,0
"Sherwood Elementary",2026,"Montgomery",100,462,21.6450216450216,-14.5299145299145
"Westminster West Middle",2022,"Carroll",100,870,11.4942528735632,-7.40740740740741
"William A. Diggs Elementary School",2026,"Charles",100,813,12.30012300123,-19.3548387096774
"William Winchester Elementary",2024,"Carroll",100,605,16.5289256198347,13.6363636363636
"Academy For College And Career Exploration",2021,"Baltimore City",99,715,13.8461538461538,33.7837837837838
"Bethesda Elementary",2020,"Montgomery",99,665,14.8872180451128,NA
"Bethesda Elementary",2025,"Montgomery",99,645,15.3488372093023,12.5
"Brunswick High",2022,"Frederick",99,848,11.6745283018868,22.2222222222222
"Daniel Of St. Thomas Jenifer Elementary School",2020,"Charles",99,643,15.3965785381026,NA
"Frederick Douglass High",2022,"Prince Georges",99,1161,8.52713178294574,35.6164383561644
"Greenbelt Elementary",2023,"Prince Georges",99,573,17.2774869109948,12.5
"Greenbelt Elementary",2025,"Prince Georges",99,531,18.6440677966102,8.79120879120878
"Little Bennett Elementary",2025,"Montgomery",99,614,16.1237785016287,8.79120879120878
"Maces Lane Middle School",2026,"Dorchester",99,471,21.0191082802548,11.2359550561798
"Mars Estates Elementary",2026,"Baltimore County",99,391,25.3196930946292,5.3191489361702
"Matthew Henson Middle School",2022,"Charles",99,763,12.9750982961992,4.21052631578946
"Northview Elementary",2024,"Prince Georges",99,620,15.9677419354839,12.5
"Odenton Elementary",2022,"Anne Arundel",99,534,18.5393258426966,-2.94117647058824
"Point Pleasant Elementary",2021,"Anne Arundel",99,510,19.4117647058824,17.8571428571429
"Princeton Elementary",2023,"Prince Georges",99,327,30.2752293577982,7.6086956521739
"Ridgeway Elementary",2020,"Anne Arundel",99,686,14.4314868804665,NA
"Robert Moton Elementary",2025,"Carroll",99,440,22.5,5.3191489361702
"Rosemary Hills Elementary",2020,"Montgomery",99,570,17.3684210526316,NA
"Ruth Ann Monroe Primary",2021,"Washington",99,556,17.8057553956835,5.3191489361702
"Seat Pleasant Elementary",2025,"Prince Georges",99,284,34.8591549295775,10
"Sherwood Elementary",2023,"Montgomery",99,521,19.0019193857965,12.5
"Springfield Middle",2022,"Washington",99,749,13.2176234979973,-4.80769230769231
"Sugarloaf Elementary",2024,"Frederick",99,842,11.7577197149644,3.125
"Towson High",2021,"Baltimore County",99,1677,5.90339892665474,NA
"Westminster East Middle",2023,"Carroll",99,767,12.9074315514993,7.6086956521739
"Westowne Elementary",2026,"Baltimore County",99,627,15.7894736842105,3.125
"William A. Diggs Elementary School",2023,"Charles",99,828,11.9565217391304,35.6164383561644
"Ardmore Elementary",2022,"Prince Georges",98,409,23.960880195599,7.69230769230769
"Bradbury Heights Elementary",2023,"Prince Georges",98,444,22.0720720720721,10.1123595505618
"Brunswick Elementary",2022,"Frederick",98,740,13.2432432432432,19.5121951219512
"C. Paul Barnhart Elementary School",2020,"Charles",98,648,15.1234567901235,NA
"Centennial High",2024,"Howard",98,1364,7.18475073313783,1.03092783505154
"Chesapeake Science Point",2025,"Anne Arundel",98,1051,9.3244529019981,30.6666666666667
"Dr. Samuel A. Mudd Elementary School",2020,"Charles",98,586,16.7235494880546,NA
"East Salisbury Elementary",2024,"Wicomico",98,480,20.4166666666667,-2
"Francis Scott Key Elementary",2020,"Prince Georges",98,490,20,NA
"Francis T. Evans Elementary",2020,"Prince Georges",98,375,26.1333333333333,NA
"Golden Ring Middle",2020,"Baltimore County",98,793,12.3581336696091,NA
"Harpers Choice Middle",2023,"Howard",98,497,19.7183098591549,4.25531914893618
"Huntingtown High School",2024,"Calvert",98,1324,7.40181268882175,7.69230769230769
"Matthew Henson Middle School",2025,"Charles",98,701,13.9800285306705,15.2941176470588
"Middletown High",2024,"Frederick",98,1109,8.83678990081154,-6.66666666666667
"Milford Mill Academy",2022,"Baltimore County",98,1294,7.57341576506955,16.6666666666667
"North Glen Elementary",2023,"Anne Arundel",98,298,32.8859060402685,6.52173913043479
"Northern High",2024,"Calvert",98,1511,6.48577101257445,7.69230769230769
"Olney Elementary",2021,"Montgomery",98,634,15.4574132492114,4.25531914893618
"Princeton Elementary",2021,"Prince Georges",98,286,34.2657342657343,-25.1908396946565
"Rippling Woods Elementary",2021,"Anne Arundel",98,577,16.9844020797227,-14.7826086956522
"Sugarloaf Elementary",2025,"Frederick",98,845,11.5976331360947,-1.01010101010101
"Takoma Park Elementary",2020,"Montgomery",98,613,15.9869494290375,NA
"Theodore G. Davis Middle School",2021,"Charles",98,885,11.0734463276836,18.0722891566265
"Urbana Elementary",2023,"Frederick",98,689,14.2235123367199,8.88888888888888
"Warren Elementary",2025,"Baltimore County",98,381,25.7217847769029,5.3763440860215
"Wyngate Elementary",2022,"Montgomery",98,701,13.9800285306705,10.1123595505618
"Avalon Elementary",2021,"Prince Georges",97,285,34.0350877192982,-22.4
"Beaver Run School",2021,"Wicomico",97,546,17.7655677655678,-17.7966101694915
"Bel Air High",2022,"Harford",97,1522,6.37319316688568,-4.90196078431373
"Bonnie Branch Middle",2023,"Howard",97,682,14.2228739002933,-4.90196078431373
"Brunswick Middle",2026,"Frederick",97,627,15.4704944178628,-3
"Cambridge-South Dorchester High School",2025,"Dorchester",97,811,11.960542540074,16.8674698795181
"Centennial High",2023,"Howard",97,1392,6.9683908045977,15.4761904761905
"College Gardens Elementary",2023,"Montgomery",97,471,20.5944798301486,-6.73076923076923
"Deep Creek Middle",2020,"Baltimore County",97,901,10.7658157602664,NA
"Deep Creek Middle",2024,"Baltimore County",97,728,13.3241758241758,7.77777777777777
"East Salisbury Elementary",2026,"Wicomico",97,472,20.5508474576271,-6.73076923076923
"Elkton Middle",2026,"Cecil",97,515,18.8349514563107,2.10526315789474
"Ernest Everett Just Middle",2025,"Prince Georges",97,752,12.8989361702128,8.98876404494382
"Eva Turner Elementary School",2025,"Charles",97,494,19.6356275303644,29.3333333333333
"Freetown Elementary",2021,"Anne Arundel",97,508,19.0944881889764,7.77777777777777
"General John Stricker Middle",2022,"Baltimore County",97,804,12.0646766169154,-6.73076923076923
"Hollifield Station Elementary",2026,"Howard",97,619,15.670436187399,-11.8181818181818
"Homestead-Wakefield Elementary",2026,"Harford",97,1091,8.89092575618698,NA
"Joppatowne High",2023,"Harford",97,833,11.6446578631453,3.19148936170213
"Kettering Middle",2020,"Prince Georges",97,825,11.7575757575758,NA
"Linganore High",2020,"Frederick",97,1311,7.39893211289092,NA
"Mount Airy Middle",2023,"Carroll",97,721,13.4535367545076,24.3589743589744
"Pershing Hill Elementary",2021,"Anne Arundel",97,491,19.7556008146639,-14.1592920353982
"Pikesville High",2024,"Baltimore County",97,901,10.7658157602664,16.8674698795181
"Piney Orchard Elementary",2021,"Anne Arundel",97,808,12.0049504950495,53.968253968254
"Rockland Woods Elementary",2020,"Washington",97,652,14.8773006134969,NA
"Salisbury Middle",2025,"Wicomico",97,847,11.4521841794569,-4.90196078431373
"Severn River Middle",2026,"Anne Arundel",97,670,14.4776119402985,4.3010752688172
"Severna Park High",2020,"Anne Arundel",97,1932,5.02070393374741,NA
"Sudbrook Magnet Middle",2025,"Baltimore County",97,821,11.8148599269184,-28.6764705882353
"Sussex Elementary",2022,"Baltimore County",97,444,21.8468468468468,29.3333333333333
"Theodore G. Davis Middle School",2022,"Charles",97,845,11.4792899408284,-1.02040816326531
"Thunder Hill Elementary",2025,"Howard",97,459,21.1328976034858,15.4761904761905
"Woodbridge Elementary",2026,"Baltimore County",97,509,19.056974459725,7.77777777777777
"Woodlawn Middle",2024,"Baltimore County",97,563,17.2291296625222,40.5797101449275
"Arlington Elementary",2022,"Baltimore City",96,419,22.9116945107399,14.2857142857143
"Bel Air Middle",2022,"Harford",96,1354,7.09010339734121,6.66666666666667
"Bel Air Middle",2024,"Harford",96,1080,8.88888888888889,6.66666666666667
"Berry Elementary School",2023,"Charles",96,721,13.3148404993065,9.09090909090908
"Bester Elementary",2023,"Washington",96,494,19.4331983805668,9.09090909090908
"Bester Elementary",2024,"Washington",96,461,20.824295010846,0
"Blue Heron Elementary",2026,"Frederick",96,679,14.1384388807069,17.0731707317073
"Bonnie Branch Middle",2021,"Howard",96,693,13.8528138528139,-11.1111111111111
"Bradbury Heights Elementary",2024,"Prince Georges",96,378,25.3968253968254,-2.04081632653061
"Daniel Of St. Thomas Jenifer Elementary School",2021,"Charles",96,595,16.1344537815126,-3.03030303030303
"Deep Creek Middle",2025,"Baltimore County",96,670,14.3283582089552,-1.03092783505154
"George T. Cromwell Elementary",2022,"Anne Arundel",96,316,30.379746835443,12.9411764705882
"Kensington Parkwood Elementary",2024,"Montgomery",96,560,17.1428571428571,-6.79611650485437
"La Plata High School",2023,"Charles",96,1222,7.85597381342062,7.86516853932584
"Magnolia Elementary",2025,"Prince Georges",96,442,21.7194570135747,35.2112676056338
"Matthew Henson Middle School",2023,"Charles",96,710,13.5211267605634,-3.03030303030303
"Odenton Elementary",2020,"Anne Arundel",96,527,18.2163187855787,NA
"Ridgely Middle",2024,"Baltimore County",96,1074,8.93854748603352,21.5189873417722
"Robert Frost Middle School",2023,"Montgomery",96,968,9.91735537190083,15.6626506024096
"Robert Frost Middle School",2024,"Montgomery",96,958,10.0208768267223,0
"Rosemary Hills Elementary",2022,"Montgomery",96,541,17.7449168207024,10.3448275862069
"Samuel Chase Elementary",2023,"Prince Georges",96,281,34.1637010676157,15.6626506024096
"Shady Spring Elementary",2024,"Baltimore County",96,392,24.4897959183673,14.2857142857143
"Stephen Decatur High",2020,"Worcester",96,1328,7.2289156626506,NA
"Sugarloaf Elementary",2023,"Frederick",96,828,11.5942028985507,9.09090909090908
"Tench Tilghman Elementary/Middle",2025,"Baltimore City",96,376,25.531914893617,14.2857142857143
"Towson High",2022,"Baltimore County",96,1678,5.72109654350417,-3.03030303030303
"Westowne Elementary",2025,"Baltimore County",96,635,15.1181102362205,21.5189873417722
"Woodfield Elementary",2025,"Montgomery",96,314,30.5732484076433,2.12765957446808
"Wyngate Elementary",2025,"Montgomery",96,640,15,9.09090909090908
"Arbutus Middle",2025,"Baltimore County",95,974,9.75359342915811,10.4651162790698
"Brandywine Elementary",2026,"Prince Georges",95,525,18.0952380952381,-10.377358490566
"Cashell Elementary",2025,"Montgomery",95,386,24.6113989637306,11.7647058823529
"Chopticon High",2025,"Saint Marys",95,1526,6.22542595019659,14.4578313253012
"Clinton Grove Elementary",2024,"Prince Georges",95,299,31.7725752508361,13.0952380952381
"Cradlerock Elementary",2025,"Howard",95,453,20.9713024282561,15.8536585365854
"Doswell E. Brooks Elementary",2026,"Prince Georges",95,301,31.5614617940199,10.4651162790698
"Elkton Middle",2021,"Cecil",95,574,16.5505226480836,2.1505376344086
"Elkton Middle",2025,"Cecil",95,538,17.6579925650558,9.19540229885058
"Elmwood Elementary",2026,"Baltimore County",95,422,22.5118483412322,13.0952380952381
"Fort Worthington Elementary/Middle",2023,"Baltimore City",95,693,13.7085137085137,20.253164556962
"Frederick Douglass High",2023,"Prince Georges",95,1159,8.19672131147541,53.2258064516129
"Glenn Dale Elementary",2023,"Prince Georges",95,504,18.8492063492063,-18.1034482758621
"Gorman Crossing Elementary",2021,"Howard",95,786,12.0865139949109,4.3956043956044
"Grange Elementary",2025,"Baltimore County",95,483,19.6687370600414,6.74157303370786
"Gwynn Park Middle",2022,"Prince Georges",95,693,13.7085137085137,15.8536585365854
"Hebbville Elementary",2026,"Baltimore County",95,490,19.3877551020408,11.7647058823529
"Jeffers Hill Elementary",2022,"Howard",95,410,23.1707317073171,5.55555555555556
"Laytonsville Elementary",2020,"Montgomery",95,392,24.234693877551,NA
"Margaret Brent Elementary/Middle",2020,"Baltimore City",95,324,29.320987654321,NA
"Matthew Henson Middle School",2021,"Charles",95,784,12.1173469387755,18.75
"Maurice J. Mcdonough High School",2020,"Charles",95,902,10.5321507760532,NA
"Oakdale Middle",2022,"Frederick",95,953,9.9685204616999,-5.94059405940595
"Panorama Elementary",2020,"Prince Georges",95,587,16.1839863713799,NA
"Panorama Elementary",2022,"Prince Georges",95,504,18.8492063492063,2.1505376344086
"Patuxent High",2023,"Calvert",95,1029,9.23226433430515,13.0952380952381
"Princeton Elementary",2024,"Prince Georges",95,299,31.7725752508361,-4.04040404040404
"Princeton Elementary",2026,"Prince Georges",95,288,32.9861111111111,5.55555555555556
"Ridgeway Elementary",2021,"Anne Arundel",95,632,15.0316455696203,-4.04040404040404
"Valley Elementary",2025,"Frederick",95,525,18.0952380952381,9.19540229885058
"Warren Elementary",2022,"Baltimore County",95,382,24.869109947644,14.4578313253012
"West Salisbury",2025,"Wicomico",95,409,23.2273838630807,14.4578313253012
"William A. Diggs Elementary School",2024,"Charles",95,846,11.2293144208038,-4.04040404040404
"Brooke Grove Elementary",2026,"Montgomery",94,421,22.3277909738717,6.81818181818181
"Carroll Manor Elementary",2023,"Frederick",94,545,17.2477064220184,571.428571428571
"Catherine T. Reed Elementary",2025,"Prince Georges",94,437,21.5102974828375,3.29670329670331
"Chase Elementary",2025,"Baltimore County",94,366,25.6830601092896,8.04597701149426
"Chesapeake High",2021,"Anne Arundel",94,1412,6.65722379603399,-7.84313725490197
"Dumbarton Middle",2026,"Baltimore County",94,952,9.87394957983193,-30.3703703703704
"East Salisbury Elementary",2022,"Wicomico",94,398,23.6180904522613,16.0493827160494
"East Silver Spring Elementary",2023,"Montgomery",94,513,18.3235867446394,14.6341463414634
"Eastern Elementary",2023,"Washington",94,433,21.7090069284065,10.5882352941177
"Elkridge Elementary",2026,"Howard",94,766,12.2715404699739,25.3333333333333
"Farmland Elementary",2020,"Montgomery",94,856,10.981308411215,NA
"Francis Scott Key Elementary/Middle",2026,"Baltimore City",94,711,13.2208157524613,-9.61538461538461
"Glenarden Woods Elementary",2026,"Prince Georges",94,544,17.2794117647059,16.0493827160494
"Green Valley Elementary",2022,"Frederick",94,688,13.6627906976744,42.4242424242424
"Harpers Choice Middle",2022,"Howard",94,505,18.6138613861386,27.027027027027
"Howard High",2025,"Howard",94,1493,6.29604822505023,-6.93069306930693
"James Ryder Randall Elementary",2021,"Prince Georges",94,271,34.6863468634686,-30.3703703703704
"Jeffers Hill Elementary",2023,"Howard",94,408,23.0392156862745,-1.05263157894737
"Joppatowne High",2022,"Harford",94,786,11.9592875318066,8.04597701149426
"Magnolia Elementary",2022,"Prince Georges",94,467,20.1284796573876,64.9122807017544
"Magnolia Middle",2026,"Harford",94,695,13.5251798561151,9.30232558139534
"Manchester Valley High",2024,"Carroll",94,1374,6.84133915574964,11.9047619047619
"Mars Estates Elementary",2025,"Baltimore County",94,400,23.5,40.2985074626866
"Ocean City Elementary",2025,"Worcester",94,566,16.6077738515901,23.6842105263158
"Olney Elementary",2020,"Montgomery",94,683,13.7628111273792,NA
"Orems Elementary",2024,"Baltimore County",94,386,24.3523316062176,22.0779220779221
"Pine Grove Middle",2026,"Baltimore County",94,912,10.3070175438596,51.6129032258064
"Poolesville High",2020,"Montgomery",94,1205,7.80082987551867,NA
"Potomac Landing Elementary",2021,"Prince Georges",94,412,22.8155339805825,10.5882352941177
"Ridgeway Elementary",2023,"Anne Arundel",94,598,15.7190635451505,-6.93069306930693
"Robert Frost Middle School",2025,"Montgomery",94,915,10.2732240437158,-2.08333333333334
"Robert Moton Elementary",2024,"Carroll",94,441,21.3151927437642,5.61797752808988
"Ruth Ann Monroe Primary",2020,"Washington",94,596,15.7718120805369,NA
"Solley Elementary",2020,"Anne Arundel",94,798,11.7794486215539,NA
"South Carroll High",2023,"Carroll",94,921,10.2062975027144,16.0493827160494
"Waterloo Elementary",2025,"Howard",94,666,14.1141141141141,6.81818181818181
"Westminster West Middle",2020,"Carroll",94,935,10.0534759358289,NA
"Woodfield Elementary",2024,"Montgomery",94,318,29.559748427673,9.30232558139534
"Belle Grove Elementary",2022,"Anne Arundel",93,306,30.3921568627451,27.3972602739726
"Benjamin Stoddert Middle School",2020,"Charles",93,814,11.4250614250614,NA
"Brunswick Elementary",2020,"Frederick",93,762,12.2047244094488,NA
"Cabin Branch Elementary",2026,"Montgomery",93,716,12.9888268156425,2.19780219780219
"Catherine T. Reed Elementary",2026,"Prince Georges",93,428,21.7289719626168,-1.06382978723404
"Catonsville Middle",2026,"Baltimore County",93,808,11.509900990099,19.2307692307692
"Elkton Middle",2020,"Cecil",93,571,16.2872154115587,NA
"Farmland Elementary",2022,"Montgomery",93,793,11.7276166456494,10.7142857142857
"Francis Scott Key Elementary/Middle",2023,"Baltimore City",93,589,15.7894736842105,9.41176470588236
"Francis T. Evans Elementary",2022,"Prince Georges",93,356,26.123595505618,1.08695652173914
"Franklin Square Elementary/Middle",2026,"Baltimore City",93,478,19.4560669456067,13.4146341463415
"Germantown Elementary",2024,"Montgomery",93,318,29.2452830188679,-65.4275092936803
"Hillcrest Elementary",2026,"Baltimore County",93,662,14.0483383685801,-80.2127659574468
"Homestead/Wakefield Elementary",2023,"Harford",93,1057,8.79848628192999,9.41176470588236
"Kenmoor Early Childhood Center",2026,"Prince Georges",93,208,44.7115384615385,-10.5769230769231
"Margaret Brent Elementary/Middle",2021,"Baltimore City",93,294,31.6326530612245,-2.10526315789473
"Marriotts Ridge High",2026,"Howard",93,1785,5.21008403361345,16.25
"Panorama Elementary",2021,"Prince Georges",93,529,17.5803402646503,-2.10526315789473
"Perry Hall High",2020,"Baltimore County",93,1969,4.72320975114271,NA
"Perry Hall Middle",2020,"Baltimore County",93,1925,4.83116883116883,NA
"Poolesville Elementary",2025,"Montgomery",93,576,16.1458333333333,2.19780219780219
"Rockledge Elementary",2024,"Prince Georges",93,336,27.6785714285714,3.33333333333334
"Rockledge Elementary",2025,"Prince Georges",93,319,29.153605015674,0
"Roland Park Elementary/Middle",2025,"Baltimore City",93,1371,6.78336980306346,13.4146341463415
"Sandy Plains Elementary",2021,"Baltimore County",93,534,17.4157303370787,17.7215189873418
"Severn River Middle",2020,"Anne Arundel",93,809,11.495673671199,NA
"Severn River Middle",2025,"Anne Arundel",93,675,13.7777777777778,-7.92079207920792
"Stemmers Run Middle",2021,"Baltimore County",93,806,11.5384615384615,1.08695652173914
"Tayac Elementary",2020,"Prince Georges",93,347,26.8011527377522,NA
"Warren Elementary",2024,"Baltimore County",93,390,23.8461538461538,5.68181818181819
"Windsor Knolls Middle",2021,"Frederick",93,709,13.1170662905501,13.4146341463415
"Wyngate Elementary",2023,"Montgomery",93,715,13.006993006993,-5.10204081632653
"Bear Creek Elementary",2024,"Baltimore County",92,464,19.8275862068966,15
"Billingsley Elementary School",2024,"Charles",92,698,13.1805157593123,17.948717948718
"Candlewood Elementary",2025,"Montgomery",92,358,25.6983240223464,12.1951219512195
"Cashell Elementary",2026,"Montgomery",92,377,24.4031830238727,-3.1578947368421
"Chesapeake High",2022,"Anne Arundel",92,1388,6.62824207492795,-20.6896551724138
"Chesapeake High",2024,"Anne Arundel",92,1427,6.44709180098108,-30.3030303030303
"Chopticon High",2026,"Saint Marys",92,1473,6.24575695858792,-3.1578947368421
"Clarksburg Elementary",2020,"Montgomery",92,623,14.7672552166934,NA
"College Gardens Elementary",2026,"Montgomery",92,452,20.353982300885,-15.5963302752294
"Deerfield Elementary",2021,"Harford",92,720,12.7777777777778,10.8433734939759
"Dr. Samuel A. Mudd Elementary School",2022,"Charles",92,555,16.5765765765766,1.09890109890109
"Elkton Middle",2022,"Cecil",92,574,16.0278745644599,-3.1578947368421
"Elmwood Elementary",2023,"Baltimore County",92,465,19.7849462365591,24.3243243243243
"Francis T. Evans Elementary",2021,"Prince Georges",92,363,25.3443526170799,-6.12244897959183
"Gorman Crossing Elementary",2023,"Howard",92,743,12.3822341857335,-8
"Hillcrest Elementary",2024,"Baltimore County",92,675,13.6296296296296,-79.4183445190157
"Huntingtown High School",2025,"Calvert",92,1311,7.01754385964912,-6.12244897959183
"Kenilworth Elementary",2025,"Prince Georges",92,364,25.2747252747253,13.5802469135802
"Kent Island High School",2022,"Queen Annes",92,1160,7.93103448275862,17.948717948718
"Linthicum Elementary",2025,"Anne Arundel",92,509,18.0746561886051,35.2941176470588
"Magnolia Middle",2024,"Harford",92,724,12.707182320442,4.54545454545454
"Margaret Brent Elementary/Middle",2022,"Baltimore City",92,280,32.8571428571429,-1.0752688172043
"Mays Chapel Elementary",2021,"Baltimore County",92,668,13.7724550898204,-16.3636363636364
"Middletown High",2025,"Frederick",92,1059,8.68744098205855,-6.12244897959183
"North Glen Elementary",2022,"Anne Arundel",92,286,32.1678321678322,5.74712643678161
"Northern High",2020,"Calvert",92,1484,6.19946091644205,NA
"Northern High",2022,"Calvert",92,1533,6.00130463144162,5.74712643678161
"Northview Elementary",2025,"Prince Georges",92,587,15.6729131175468,-7.07070707070707
"Princeton Elementary",2022,"Prince Georges",92,308,29.8701298701299,-6.12244897959183
"Samuel Chase Elementary",2020,"Prince Georges",92,324,28.3950617283951,NA
"Severna Park Middle",2024,"Anne Arundel",92,1414,6.50636492220651,4.54545454545454
"Shady Spring Elementary",2026,"Baltimore County",92,394,23.3502538071066,9.52380952380953
"Solley Elementary",2021,"Anne Arundel",92,735,12.5170068027211,-2.12765957446809
"Spring Ridge Elementary",2023,"Frederick",92,628,14.6496815286624,6.9767441860465
"Stemmers Run Middle",2020,"Baltimore County",92,795,11.5723270440252,NA
"Waldon Woods Elementary",2020,"Prince Georges",92,577,15.9445407279029,NA
"Waterloo Elementary",2026,"Howard",92,628,14.6496815286624,-2.12765957446809
"Waugh Chapel Elementary",2022,"Anne Arundel",92,593,15.5143338954469,2.22222222222221
"Westbrook Elementary",2023,"Montgomery",92,496,18.5483870967742,100
"Westminster East Middle",2022,"Carroll",92,757,12.1532364597094,10.8433734939759
"William Winchester Elementary",2021,"Carroll",92,483,19.047619047619,-9.80392156862745
"Woodmoor Elementary",2024,"Baltimore County",92,558,16.4874551971326,46.031746031746
"Yellow Springs Elementary",2022,"Frederick",92,560,16.4285714285714,41.5384615384615
"Yellow Springs Elementary",2023,"Frederick",92,588,15.6462585034014,0
"Ardmore Elementary",2021,"Prince Georges",91,434,20.9677419354839,10.9756097560976
"Billingsley Elementary School",2025,"Charles",91,687,13.2459970887918,-1.08695652173914
"Brandywine Elementary",2024,"Prince Georges",91,573,15.8813263525305,4.59770114942528
"Brunswick Elementary",2026,"Frederick",91,733,12.4147339699864,-13.3333333333333
"Cabin Branch Elementary",2025,"Montgomery",91,645,14.1085271317829,42.1875
"Catherine T. Reed Elementary",2024,"Prince Georges",91,435,20.9195402298851,2.24719101123596
"Diamond Elementary",2025,"Montgomery",91,654,13.914373088685,8.33333333333333
"Dr. Samuel A. Mudd Elementary School",2021,"Charles",91,566,16.0777385159011,-7.14285714285714
"Gilpin Manor Elementary",2026,"Cecil",91,451,20.1773835920177,-9.9009900990099
"Glenelg High",2023,"Howard",91,1339,6.79611650485437,8.33333333333333
"Gorman Crossing Elementary",2020,"Howard",91,849,10.718492343934,NA
"Greenbelt Elementary",2024,"Prince Georges",91,543,16.7587476979742,-8.08080808080808
"Guilford Elementary",2024,"Howard",91,473,19.2389006342495,5.8139534883721
"Hickory Elementary",2020,"Washington",91,293,31.0580204778157,121.951219512195
"Huntingtown High School",2023,"Calvert",91,1360,6.69117647058824,12.3456790123457
"Kenilworth Elementary",2026,"Prince Georges",91,335,27.1641791044776,-1.08695652173914
"Kenmoor Early Childhood Center",2024,"Prince Georges",91,230,39.5652173913043,-9
"Legends Public Charter School",2024,"Prince Georges",91,893,10.1903695408735,89.5833333333333
"Little Bennett Elementary",2024,"Montgomery",91,609,14.9425287356322,-18.018018018018
"Morrell Park Elementary/Middle",2021,"Baltimore City",91,443,20.5417607223476,1.11111111111111
"Northern High",2023,"Calvert",91,1493,6.09511051574012,-1.08695652173914
"Oxon Hill Elementary",2021,"Prince Georges",91,228,39.9122807017544,1.11111111111111
"Parkville Middle",2022,"Baltimore County",91,1048,8.68320610687023,16.6666666666667
"Poolesville Elementary",2024,"Montgomery",91,561,16.2210338680927,13.75
"Poolesville Elementary",2026,"Montgomery",91,548,16.6058394160584,-2.1505376344086
"Quarterfield Elementary",2024,"Anne Arundel",91,431,21.1136890951276,1.11111111111111
"Rippling Woods Elementary",2022,"Anne Arundel",91,505,18.019801980198,-7.14285714285714
"Rockland Woods Elementary",2021,"Washington",91,604,15.0662251655629,-6.18556701030928
"Seat Pleasant Elementary",2022,"Prince Georges",91,340,26.7647058823529,4.59770114942528
"Spring Ridge Elementary",2024,"Frederick",91,603,15.0912106135987,-1.08695652173914
"Westlake High School",2020,"Charles",91,1140,7.98245614035088,NA
"Wilde Lake Middle",2020,"Howard",91,687,13.2459970887918,NA
"Anne Arundel Evening High",2024,"Anne Arundel",90,303,29.7029702970297,40.625
"Bel Air Middle",2021,"Harford",90,1441,6.24566273421235,1.12359550561798
"Bel Air Middle",2023,"Harford",90,1138,7.90861159929701,-6.25
"Bellows Spring Elementary",2020,"Howard",90,776,11.5979381443299,NA
"Berry Elementary School",2026,"Charles",90,600,15,-18.9189189189189
"Bester Elementary",2020,"Washington",90,570,15.7894736842105,NA
"Bradbury Heights Elementary",2020,"Prince Georges",90,496,18.1451612903226,NA
"C. Paul Barnhart Elementary School",2024,"Charles",90,588,15.3061224489796,13.9240506329114
"Deep Creek Middle",2023,"Baltimore County",90,752,11.968085106383,-18.1818181818182
"Delmar Elementary",2023,"Wicomico",90,858,10.4895104895105,15.3846153846154
"Freetown Elementary",2020,"Anne Arundel",90,471,19.1082802547771,NA
"Jeffers Hill Elementary",2020,"Howard",90,414,21.7391304347826,NA
"Jeffers Hill Elementary",2021,"Howard",90,373,24.1286863270777,0
"Lincolnshire Elementary",2023,"Washington",90,496,18.1451612903226,18.4210526315789
"Little Bennett Elementary",2026,"Montgomery",90,571,15.7618213660245,-9.09090909090909
"Margaret J. Thornton Elementary School",2026,"Charles",90,766,11.7493472584856,NA
"Morrell Park Elementary/Middle",2020,"Baltimore City",90,471,19.1082802547771,NA
"Ocean City Elementary",2026,"Worcester",90,603,14.9253731343284,-4.25531914893616
"Oxon Hill Elementary",2020,"Prince Georges",90,229,39.3013100436681,NA
"Point Pleasant Elementary",2022,"Anne Arundel",90,459,19.6078431372549,-9.09090909090909
"Princeton Elementary",2025,"Prince Georges",90,269,33.457249070632,-5.26315789473685
"Quarterfield Elementary",2023,"Anne Arundel",90,445,20.2247191011236,13.9240506329114
"Ridgeway Elementary",2025,"Anne Arundel",90,551,16.3339382940109,-10.8910891089109
"Rippling Woods Elementary",2023,"Anne Arundel",90,546,16.4835164835165,-1.09890109890109
"River Hill High",2022,"Howard",90,1508,5.96816976127321,8.43373493975903
"Rockledge Elementary",2023,"Prince Georges",90,341,26.3929618768328,8.43373493975903
"Roye-Williams Elementary",2020,"Harford",90,490,18.3673469387755,NA
"Seat Pleasant Elementary",2024,"Prince Georges",90,273,32.967032967033,-12.621359223301
"Sherwood Elementary",2020,"Montgomery",90,524,17.175572519084,NA
"St. Charles High School",2020,"Charles",90,1410,6.38297872340426,NA
"Urbana Elementary",2022,"Frederick",90,653,13.7825421133231,15.3846153846154
"Valley Elementary",2022,"Frederick",90,515,17.4757281553398,28.5714285714286
"Vincent Farm Elementary",2026,"Baltimore County",90,782,11.5089514066496,13.9240506329114
"Waugh Chapel Elementary",2021,"Anne Arundel",90,631,14.2630744849445,12.5
"Waugh Chapel Elementary",2023,"Anne Arundel",90,573,15.7068062827225,-2.17391304347826
"Woodbridge Elementary",2025,"Baltimore County",90,484,18.595041322314,3.44827586206897
"Wyngate Elementary",2020,"Montgomery",90,741,12.1457489878543,NA
"Yellow Springs Elementary",2024,"Frederick",90,605,14.8760330578512,-2.17391304347826
"Bel Air Middle",2020,"Harford",89,1435,6.2020905923345,NA
"Blue Heron Elementary",2024,"Frederick",89,707,12.5884016973126,14.1025641025641
"Bradbury Heights Elementary",2022,"Prince Georges",89,436,20.4128440366972,2.29885057471264
"Brunswick Middle",2023,"Frederick",89,656,13.5670731707317,12.6582278481013
"Calvert High",2021,"Calvert",89,1132,7.86219081272085,9.87654320987654
"Catherine T. Reed Elementary",2023,"Prince Georges",89,472,18.8559322033898,1.13636363636365
"Elkton Middle",2023,"Cecil",89,523,17.0172084130019,-3.26086956521739
"Ernest Everett Just Middle",2024,"Prince Georges",89,775,11.4838709677419,18.6666666666667
"Eva Turner Elementary School",2026,"Charles",89,468,19.017094017094,-8.24742268041238
"Francis Scott Key Elementary",2022,"Prince Georges",89,406,21.9211822660099,3.48837209302326
"Francis Scott Key Elementary",2023,"Prince Georges",89,420,21.1904761904762,0
"General John Stricker Middle",2020,"Baltimore County",89,793,11.2232030264817,NA
"Glenn Dale Elementary",2025,"Prince Georges",89,493,18.052738336714,27.1428571428571
"Grange Elementary",2024,"Baltimore County",89,481,18.5031185031185,8.53658536585367
"Greenbelt Elementary",2020,"Prince Georges",89,605,14.7107438016529,NA
"Guilford Elementary",2025,"Howard",89,437,20.3661327231121,-2.1978021978022
"Herbert Hoover Middle",2020,"Montgomery",89,1045,8.51674641148325,NA
"High Bridge Elementary",2022,"Prince Georges",89,339,26.2536873156342,32.8358208955224
"Jeffers Hill Elementary",2024,"Howard",89,397,22.4181360201511,-5.31914893617022
"La Plata High School",2022,"Charles",89,1227,7.25346373268134,21.9178082191781
"Largo High",2022,"Prince Georges",89,870,10.2298850574713,32.8358208955224
"Maces Lane Middle School",2025,"Dorchester",89,490,18.1632653061225,14.1025641025641
"Meade Heights Elementary",2025,"Anne Arundel",89,494,18.0161943319838,21.9178082191781
"North East High",2026,"Cecil",89,1008,8.82936507936508,7.2289156626506
"North Glen Elementary",2026,"Anne Arundel",89,258,34.4961240310078,-13.5922330097087
"Patuxent High",2024,"Calvert",89,1008,8.82936507936508,-6.31578947368421
"Robert Moton Elementary",2023,"Carroll",89,409,21.760391198044,8.53658536585367
"Roland Park Elementary/Middle",2023,"Baltimore City",89,1365,6.52014652014652,8.53658536585367
"Rosemary Hills Elementary",2025,"Montgomery",89,499,17.8356713426854,3.48837209302326
"Salisbury Middle",2023,"Wicomico",89,873,10.1947308132875,3.48837209302326
"Severn River Middle",2022,"Anne Arundel",89,747,11.9143239625167,2.29885057471264
"Severna Park Middle",2022,"Anne Arundel",89,1440,6.18055555555556,17.1052631578947
"Severna Park Middle",2025,"Anne Arundel",89,1386,6.42135642135642,-3.26086956521739
"Takoma Park Elementary",2022,"Montgomery",89,546,16.3003663003663,-11.8811881188119
"Thomson Estates Elementary",2025,"Cecil",89,456,19.5175438596491,8.53658536585367
"Westlake High School",2021,"Charles",89,1139,7.81387181738367,-2.1978021978022
"William Beanes Elementary",2021,"Prince Georges",89,428,20.7943925233645,-16.0377358490566
"Wyngate Elementary",2021,"Montgomery",89,673,13.2243684992571,-1.11111111111111
"Bellows Spring Elementary",2023,"Howard",88,799,11.0137672090113,15.7894736842105
"Berry Elementary School",2022,"Charles",88,707,12.4469589816124,4.76190476190477
"Bester Elementary",2022,"Washington",88,524,16.793893129771,3.52941176470589
"Bethesda Elementary",2024,"Montgomery",88,584,15.0684931506849,-15.3846153846154
"Bethesda Elementary",2026,"Montgomery",88,597,14.7403685092127,-11.1111111111111
"Brooke Grove Elementary",2025,"Montgomery",88,390,22.5641025641026,14.2857142857143
"Candlewood Elementary",2026,"Montgomery",88,351,25.0712250712251,-4.34782608695652
"Catherine T. Reed Elementary",2022,"Prince Georges",88,468,18.8034188034188,-12
"Cradlerock Elementary",2020,"Howard",88,497,17.7062374245473,NA
"Deer Park Middle Magnet School",2021,"Baltimore County",88,1495,5.88628762541806,18.9189189189189
"Dr. James Craik Elementary School",2026,"Charles",88,515,17.0873786407767,4.76190476190477
"George Fox Middle",2021,"Anne Arundel",88,899,9.78865406006674,3.52941176470589
"Greenbelt Elementary",2022,"Prince Georges",88,564,15.6028368794326,17.3333333333333
"Hawthorne Elementary",2024,"Baltimore County",88,508,17.3228346456693,33.3333333333333
"J. C. Parks Elementary School",2022,"Charles",88,607,14.497528830313,6.02409638554218
"Joppatowne High",2020,"Harford",88,745,11.8120805369128,NA
"Magnolia Middle",2023,"Harford",88,730,12.0547945205479,2.32558139534884
"Middletown High",2022,"Frederick",88,1096,8.02919708029197,18.9189189189189
"North East High",2024,"Cecil",88,1097,8.02187784867821,6.02409638554218
"Northview Elementary",2023,"Prince Georges",88,567,15.5202821869489,25.7142857142857
"Parkside High",2022,"Wicomico",88,1136,7.74647887323944,31.3432835820896
"Pershing Hill Elementary",2025,"Anne Arundel",88,434,20.2764976958525,-35.2941176470588
"Pikesville High",2022,"Baltimore County",88,885,9.94350282485876,7.31707317073171
"Ridgely Middle",2025,"Baltimore County",88,1039,8.46968238691049,-8.33333333333334
"Severna Park Middle",2023,"Anne Arundel",88,1399,6.29020729092209,-1.12359550561798
"Sherwood Elementary",2022,"Montgomery",88,492,17.8861788617886,2.32558139534884
"Spark M. Matsunaga Elementary",2026,"Montgomery",88,502,17.5298804780877,7.31707317073171
"Sugarloaf Elementary",2022,"Frederick",88,732,12.0218579234973,12.8205128205128
"Thomson Estates Elementary",2020,"Cecil",88,493,17.8498985801217,NA
"Towson High Law & Public Policy",2020,"Baltimore County",88,1619,5.4354539839407,NA
"Warren Elementary",2023,"Baltimore County",88,379,23.2189973614776,-7.36842105263158
"Waterloo Elementary",2023,"Howard",88,612,14.3790849673203,10
"Waterloo Elementary",2024,"Howard",88,626,14.0575079872204,0
"William Winchester Elementary",2023,"Carroll",88,576,15.2777777777778,1.14942528735633
"Wyngate Elementary",2024,"Montgomery",88,679,12.960235640648,-5.3763440860215
"Wyngate Elementary",2026,"Montgomery",88,629,13.9904610492846,-8.33333333333334
"Andrew Jackson Academy",2024,"Prince Georges",87,454,19.1629955947137,12.987012987013
"Battle Grove Elementary",2024,"Baltimore County",87,324,26.8518518518519,17.5675675675676
"Battle Grove Elementary",2025,"Baltimore County",87,333,26.1261261261261,0
"Bradbury Heights Elementary",2021,"Prince Georges",87,478,18.2008368200837,-3.33333333333333
"Brandywine Elementary",2023,"Prince Georges",87,526,16.5399239543726,20.8333333333333
"Charlesmont Elementary",2023,"Baltimore County",87,385,22.5974025974026,22.5352112676056
"Chase Elementary",2024,"Baltimore County",87,369,23.5772357723577,26.0869565217391
"Chesapeake Bay Middle",2026,"Anne Arundel",87,1087,8.00367985280589,6.09756097560976
"District Heights Elementary",2023,"Prince Georges",87,355,24.5070422535211,26.0869565217391
"District Heights Elementary",2025,"Prince Georges",87,365,23.8356164383562,3.57142857142858
"Edmondson Heights Elementary",2022,"Baltimore County",87,531,16.3841807909604,22.5352112676056
"Elkton Middle",2024,"Cecil",87,522,16.6666666666667,-2.24719101123596
"Esperanza Middle",2022,"Saint Marys",87,865,10.0578034682081,8.74999999999999
"Henry E. Lackey High School",2022,"Charles",87,1019,8.53778213935231,20.8333333333333
"Joppatowne High",2021,"Harford",87,782,11.1253196930946,-1.13636363636364
"Malcolm Elementary School",2026,"Charles",87,410,21.219512195122,7.40740740740742
"Middlesex Elementary",2022,"Baltimore County",87,390,22.3076923076923,11.5384615384615
"Mount Airy Middle",2024,"Carroll",87,754,11.5384615384615,-10.3092783505155
"North Glen Elementary",2021,"Anne Arundel",87,303,28.7128712871287,6.09756097560976
"North Salisbury Elementary",2026,"Wicomico",87,490,17.7551020408163,11.5384615384615
"Northern High",2021,"Calvert",87,1483,5.86648685097775,-5.43478260869565
"Oxon Hill Elementary",2022,"Prince Georges",87,223,39.0134529147982,-4.39560439560439
"Pershing Hill Elementary",2026,"Anne Arundel",87,462,18.8311688311688,-1.13636363636364
"Pointer Ridge Elementary",2026,"Prince Georges",87,483,18.0124223602484,24.2857142857143
"Riverside Elementary",2026,"Harford",87,507,17.1597633136095,19.1780821917808
"Rosemary Hills Elementary",2021,"Montgomery",87,516,16.8604651162791,-12.1212121212121
"Roye-Williams Elementary",2022,"Harford",87,430,20.2325581395349,17.5675675675676
"Samuel Chase Elementary",2021,"Prince Georges",87,301,28.9036544850498,-5.43478260869565
"Sandalwood Elementary",2020,"Baltimore County",87,537,16.2011173184358,NA
"Seat Pleasant Elementary",2021,"Prince Georges",87,345,25.2173913043478,10.126582278481
"Severn River Middle",2021,"Anne Arundel",87,801,10.8614232209738,-6.45161290322581
"Severna Park Middle",2020,"Anne Arundel",87,1453,5.98761183757743,NA
"Solley Elementary",2026,"Anne Arundel",87,706,12.3229461756374,7.40740740740742
"Sparrows Point High",2026,"Baltimore County",87,1051,8.27783063748811,19.1780821917808
"Stevens Forest Elementary",2026,"Howard",87,317,27.4447949526814,10.126582278481
"Sudlersville Middle School",2020,"Queen Annes",87,497,17.5050301810865,NA
"Valley Elementary",2024,"Frederick",87,506,17.1936758893281,6.09756097560976
"Westchester Elementary",2026,"Baltimore County",87,671,12.9657228017884,1.16279069767442
"William Winchester Elementary",2022,"Carroll",87,511,17.0254403131115,-5.43478260869565
"Wilson Wims Elementary School",2021,"Montgomery",87,624,13.9423076923077,-16.3461538461538
"Windsor Farm Elementary",2020,"Anne Arundel",87,564,15.4255319148936,NA
"Wood Acres Elementary",2020,"Montgomery",87,649,13.4052388289676,NA
"Woodbridge Elementary",2023,"Baltimore County",87,451,19.290465631929,4.81927710843373
"Woodbridge Elementary",2024,"Baltimore County",87,455,19.1208791208791,0
"Woodfield Elementary",2020,"Montgomery",87,355,24.5070422535211,NA
"Arbutus Middle",2024,"Baltimore County",86,983,8.74872838250254,24.6376811594203
"Barclay Elementary/Middle",2025,"Baltimore City",86,373,23.0563002680965,7.5
"Cradlerock Elementary",2021,"Howard",86,456,18.859649122807,-2.27272727272727
"Doswell E. Brooks Elementary",2025,"Prince Georges",86,291,29.553264604811,59.2592592592593
"Dr. Gustavus Brown Elementary",2023,"Charles",86,413,20.8232445520581,1.17647058823529
"Emma K. Doub Elementary",2026,"Washington",86,382,22.5130890052356,6.17283950617284
"Fountaindale Elementary",2026,"Washington",86,419,20.5250596658711,3.6144578313253
"Francis Scott Key Elementary",2021,"Prince Georges",86,445,19.3258426966292,-12.2448979591837
"Glyndon Elementary",2021,"Baltimore County",86,512,16.796875,6.17283950617284
"Grasonville Elementary School",2024,"Queen Annes",86,465,18.494623655914,14.6666666666667
"Guilford Elementary",2023,"Howard",86,478,17.9916317991632,11.6883116883117
"Halls Cross Roads Elementary",2026,"Harford",86,428,20.0934579439252,6.17283950617284
"Holly Hall Elementary",2024,"Cecil",86,446,19.2825112107623,6.17283950617284
"Loch Raven High",2025,"Baltimore County",86,780,11.025641025641,28.3582089552239
"Loch Raven Technical Academy",2025,"Baltimore County",86,722,11.9113573407202,26.4705882352941
"Magnolia Middle",2022,"Harford",86,734,11.716621253406,-21.1009174311927
"Magnolia Middle",2025,"Harford",86,689,12.4818577648766,-6.52173913043478
"Milbrook Elementary",2020,"Baltimore County",86,394,21.8274111675127,NA
"Milbrook Elementary",2022,"Baltimore County",86,343,25.0728862973761,19.4444444444444
"Milton M. Somers Middle School",2020,"Charles",86,1086,7.91896869244936,NA
"Nantucket Elementary",2025,"Anne Arundel",86,675,12.7407407407407,13.1578947368421
"North Forestville Elementary",2021,"Prince Georges",86,253,33.9920948616601,-23.8938053097345
"Perry Hall Middle",2021,"Baltimore County",86,1878,4.57933972310969,-7.52688172043011
"Pikesville Middle",2020,"Baltimore County",86,972,8.8477366255144,NA
"Ridgely Middle",2026,"Baltimore County",86,1031,8.34141610087294,-2.27272727272727
"Rosemary Hills Elementary",2024,"Montgomery",86,533,16.1350844277674,-14.8514851485149
"Salisbury Middle",2022,"Wicomico",86,900,9.55555555555556,3.6144578313253
"Sherwood Elementary",2021,"Montgomery",86,467,18.4154175588865,-4.44444444444444
"Spring Ridge Elementary",2022,"Frederick",86,614,14.0065146579805,32.3076923076923
"Stevens Forest Elementary",2021,"Howard",86,347,24.7838616714697,-37.6811594202899
"Westchester Elementary",2024,"Baltimore County",86,686,12.536443148688,21.1267605633803
"Westchester Elementary",2025,"Baltimore County",86,662,12.9909365558912,0
"Windsor Farm Elementary",2022,"Anne Arundel",86,495,17.3737373737374,6.17283950617284
"Woodfield Elementary",2023,"Montgomery",86,323,26.625386996904,2.38095238095237
"Barclay Elementary/Middle",2023,"Baltimore City",85,435,19.5402298850575,11.8421052631579
"Bester Elementary",2021,"Washington",85,491,17.3116089613035,-5.55555555555556
"Cashell Elementary",2024,"Montgomery",85,342,24.8538011695906,3.65853658536586
"Catoctin High",2025,"Frederick",85,823,10.3280680437424,21.4285714285714
"Cranberry Station Elementary",2025,"Carroll",85,593,14.3338954468803,11.8421052631579
"Diamond Elementary",2023,"Montgomery",85,676,12.5739644970414,14.8648648648649
"Dr. Gustavus Brown Elementary",2022,"Charles",85,379,22.4274406332454,14.8648648648649
"Eastern Elementary",2022,"Washington",85,427,19.9063231850117,4.93827160493827
"Evergreen Elementary School",2023,"Saint Marys",85,736,11.5489130434783,2.40963855421688
"Francis Scott Key Elementary/Middle",2022,"Baltimore City",85,578,14.7058823529412,14.8648648648649
"George Fox Middle",2020,"Anne Arundel",85,884,9.61538461538462,NA
"George T. Cromwell Elementary",2021,"Anne Arundel",85,333,25.5255255255255,10.3896103896104
"Hebbville Elementary",2025,"Baltimore County",85,474,17.9324894514768,18.0555555555556
"Hillcrest Elementary",2022,"Baltimore County",85,675,12.5925925925926,-84.5454545454545
"Homestead/Wakefield Elementary",2022,"Harford",85,1047,8.11843361986628,4.93827160493827
"Longfields Elementary",2023,"Prince Georges",85,295,28.8135593220339,1.19047619047619
"Matthew Henson Middle School",2024,"Charles",85,675,12.5925925925926,-11.4583333333333
"Mays Chapel Elementary",2024,"Baltimore County",85,574,14.808362369338,13.3333333333333
"Middlesex Elementary",2023,"Baltimore County",85,373,22.7882037533512,-2.29885057471264
"Oakleigh Elementary",2023,"Baltimore County",85,502,16.9322709163347,8.97435897435896
"Potomac Landing Elementary",2020,"Prince Georges",85,382,22.2513089005236,NA
"Quarterfield Elementary",2021,"Anne Arundel",85,445,19.1011235955056,8.97435897435896
"Roland Park Elementary/Middle",2026,"Baltimore City",85,1363,6.23624358033749,-8.60215053763441
"Severna Park Middle",2026,"Anne Arundel",85,1416,6.00282485875706,-4.49438202247191
"Veterans Elementary",2026,"Howard",85,792,10.7323232323232,3.65853658536586
"Windsor Farm Elementary",2024,"Anne Arundel",85,478,17.7824267782427,10.3896103896104
"Woodfield Elementary",2026,"Montgomery",85,280,30.3571428571429,-11.4583333333333
"Arlington Elementary",2021,"Baltimore City",84,405,20.7407407407407,3.7037037037037
"Berry Elementary School",2021,"Charles",84,675,12.4444444444444,1.20481927710843
"Brunswick Middle",2021,"Frederick",84,610,13.7704918032787,13.5135135135135
"C. Paul Barnhart Elementary School",2021,"Charles",84,609,13.7931034482759,-14.2857142857143
"Cabin John Middle School",2020,"Montgomery",84,1040,8.07692307692308,NA
"Centennial High",2022,"Howard",84,1377,6.10021786492375,2.4390243902439
"Chadwick Elementary",2023,"Baltimore County",84,606,13.8613861386139,13.5135135135135
"Clinton Grove Elementary",2023,"Prince Georges",84,259,32.4324324324324,29.2307692307692
"Cradlerock Elementary",2022,"Howard",84,457,18.3807439824945,-2.32558139534884
"Diamond Elementary",2024,"Montgomery",84,653,12.8637059724349,-1.17647058823529
"District Heights Elementary",2024,"Prince Georges",84,351,23.9316239316239,-3.44827586206896
"Dr. James Craik Elementary School",2025,"Charles",84,520,16.1538461538462,27.2727272727273
"Elmwood Elementary",2025,"Baltimore County",84,396,21.2121212121212,-17.6470588235294
"Farmland Elementary",2021,"Montgomery",84,774,10.8527131782946,-10.6382978723404
"Frederick Douglass High",2026,"Baltimore City",84,517,16.247582205029,-33.8582677165354
"Germantown Elementary",2026,"Montgomery",84,316,26.5822784810127,-62.1621621621622
"Glenelg High",2022,"Howard",84,1298,6.47149460708783,9.09090909090908
"Halstead Academy",2025,"Baltimore County",84,489,17.1779141104294,9.09090909090908
"Hillsmere Elementary",2026,"Anne Arundel",84,394,21.3197969543147,16.6666666666667
"Howard High",2026,"Howard",84,1403,5.9871703492516,-10.6382978723404
"J. C. Parks Elementary School",2020,"Charles",84,609,13.7931034482759,NA
"Lexington Park Elementary",2025,"Saint Marys",84,383,21.9321148825065,12
"Longfields Elementary",2022,"Prince Georges",84,295,28.4745762711864,27.2727272727273
"Longfields Elementary",2025,"Prince Georges",84,256,32.8125,3.7037037037037
"Manchester Valley High",2023,"Carroll",84,1359,6.18101545253863,5
"Middletown Middle",2025,"Frederick",84,784,10.7142857142857,5
"Milford Mill Academy",2021,"Baltimore County",84,1312,6.40243902439024,23.5294117647059
"New Market Elementary",2025,"Frederick",84,571,14.7110332749562,25.3731343283582
"Oakwood Elementary",2022,"Anne Arundel",84,359,23.3983286908078,21.7391304347826
"Parkville Middle",2023,"Baltimore County",84,999,8.40840840840841,-7.69230769230769
"Patuxent High",2022,"Calvert",84,1055,7.96208530805687,23.5294117647059
"Pinehurst Elementary",2020,"Wicomico",84,534,15.7303370786517,NA
"Piney Orchard Elementary",2025,"Anne Arundel",84,538,15.6133828996283,-34.8837209302326
"Point Pleasant Elementary",2020,"Anne Arundel",84,545,15.4128440366972,NA
"River Hill High",2020,"Howard",84,1378,6.09579100145138,NA
"Salisbury Middle",2026,"Wicomico",84,787,10.6734434561626,-13.4020618556701
"Shady Spring Elementary",2023,"Baltimore County",84,373,22.5201072386059,-18.4466019417476
"Shady Spring Elementary",2025,"Baltimore County",84,375,22.4,-12.5
"Spark M. Matsunaga Elementary School",2022,"Montgomery",84,584,14.3835616438356,-19.2307692307692
"Stoneleigh Elementary",2024,"Baltimore County",84,641,13.1045241809672,23.5294117647059
"Sudlersville Middle School",2024,"Queen Annes",84,415,20.2409638554217,1.20481927710843
"Tench Tilghman Elementary/Middle",2024,"Baltimore City",84,368,22.8260869565217,33.3333333333333
"Thunder Hill Elementary",2024,"Howard",84,454,18.5022026431718,13.5135135135135
"Westbrook Elementary",2024,"Montgomery",84,513,16.374269005848,-8.69565217391305
"Westminster High",2021,"Carroll",84,1515,5.54455445544555,21.7391304347826
"William B. Wade Elementary School",2024,"Charles",84,636,13.2075471698113,6.32911392405062
"Woodfield Elementary",2022,"Montgomery",84,338,24.8520710059172,3.7037037037037
"Woodhome Elementary/Middle",2023,"Baltimore City",84,472,17.7966101694915,15.0684931506849
"Barclay Elementary/Middle",2026,"Baltimore City",83,387,21.4470284237726,-3.48837209302325
"Barstow Elementary",2025,"Calvert",83,630,13.1746031746032,9.21052631578947
"Bay View Elementary",2026,"Cecil",83,610,13.6065573770492,22.0588235294118
"Berry Elementary School",2020,"Charles",83,717,11.5760111576011,NA
"Brooke Grove Elementary",2022,"Montgomery",83,442,18.7782805429864,25.7575757575758
"Cambridge-South Dorchester High School",2024,"Dorchester",83,789,10.5196451204056,7.79220779220779
"Chopticon High",2024,"Saint Marys",83,1621,5.12029611351018,25.7575757575758
"Cranberry Station Elementary",2026,"Carroll",83,585,14.1880341880342,-2.35294117647059
"Deerfield Elementary",2020,"Harford",83,752,11.0372340425532,NA
"Evergreen Elementary School",2022,"Saint Marys",83,731,11.3543091655267,6.41025641025641
"Evergreen Elementary School",2024,"Saint Marys",83,744,11.1559139784946,-2.35294117647059
"Fountaindale Elementary",2025,"Washington",83,413,20.0968523002421,12.1621621621622
"Francis Scott Key Elementary",2024,"Prince Georges",83,419,19.8090692124105,-6.74157303370787
"Germantown Elementary",2025,"Montgomery",83,314,26.4331210191083,-67.4509803921569
"Green Holly Elementary School",2026,"Saint Marys",83,515,16.1165048543689,2.46913580246915
"Huntingtown High School",2020,"Calvert",83,1408,5.89488636363636,NA
"J. C. Parks Elementary School",2021,"Charles",83,592,14.0202702702703,-1.19047619047619
"Jeffers Hill Elementary",2025,"Howard",83,406,20.4433497536946,-6.74157303370787
"Kensington Parkwood Elementary",2021,"Montgomery",83,596,13.9261744966443,2.46913580246915
"Kensington Parkwood Elementary",2026,"Montgomery",83,533,15.5722326454034,1.21951219512195
"Lexington Park Elementary",2026,"Saint Marys",83,406,20.4433497536946,-1.19047619047619
"Logan Elementary",2020,"Baltimore County",83,550,15.0909090909091,NA
"Manor View Elementary",2025,"Anne Arundel",83,374,22.192513368984,84.4444444444445
"New Market Elementary",2026,"Frederick",83,569,14.5869947275923,-1.19047619047619
"North East High",2023,"Cecil",83,1069,7.76426566884939,13.6986301369863
"North East High",2025,"Cecil",83,1057,7.85241248817408,-5.68181818181818
"Oakdale Middle",2020,"Frederick",83,872,9.51834862385321,NA
"Patuxent High",2025,"Calvert",83,928,8.94396551724138,-6.74157303370787
"Pikesville High",2023,"Baltimore County",83,895,9.27374301675978,-5.68181818181818
"River Hill High",2021,"Howard",83,1470,5.64625850340136,-1.19047619047619
"Robert Frost Middle School",2022,"Montgomery",83,972,8.53909465020576,2.46913580246915
"Rockledge Elementary",2022,"Prince Georges",83,349,23.7822349570201,16.9014084507042
"Rosemary Hills Elementary",2026,"Montgomery",83,470,17.6595744680851,-6.74157303370787
"Salisbury Middle",2021,"Wicomico",83,897,9.25306577480491,33.8709677419355
"Samuel Chase Elementary",2022,"Prince Georges",83,272,30.5147058823529,-4.59770114942529
"Smithsburg High",2026,"Washington",83,735,11.2925170068027,9.21052631578947
"Stevens Forest Elementary",2022,"Howard",83,337,24.6290801186944,-3.48837209302325
"Stevens Forest Elementary",2024,"Howard",83,328,25.3048780487805,6.41025641025641
"Sudlersville Middle School",2023,"Queen Annes",83,405,20.4938271604938,7.79220779220779
"Theodore G. Davis Middle School",2020,"Charles",83,885,9.37853107344633,NA
"Thunder Hill Elementary",2022,"Howard",83,485,17.1134020618557,2.46913580246915
"Thunder Hill Elementary",2026,"Howard",83,438,18.9497716894977,-14.4329896907217
"Warren Elementary",2020,"Baltimore County",83,405,20.4938271604938,NA
"Warren Elementary",2021,"Baltimore County",83,367,22.6158038147139,0
"West Salisbury",2024,"Wicomico",83,389,21.3367609254499,23.8805970149254
"Westminster East Middle",2021,"Carroll",83,730,11.3698630136986,7.79220779220779
"William B. Wade Elementary School",2026,"Charles",83,607,13.673805601318,2.46913580246915
"Woodbridge Elementary",2022,"Baltimore County",83,438,18.9497716894977,15.2777777777778
"Ardmore Elementary",2020,"Prince Georges",82,435,18.8505747126437,NA
"Bakerfield Elementary",2020,"Harford",82,426,19.2488262910798,NA
"Bellows Spring Elementary",2026,"Howard",82,770,10.6493506493506,3.79746835443038
"Blue Heron Elementary",2025,"Frederick",82,680,12.0588235294118,-7.86516853932584
"Brunswick Elementary",2021,"Frederick",82,694,11.8155619596542,-11.8279569892473
"C. Milton Wright High",2026,"Harford",82,1267,6.47198105761642,1.23456790123457
"C. Paul Barnhart Elementary School",2022,"Charles",82,591,13.8747884940778,-2.38095238095238
"Candlewood Elementary",2023,"Montgomery",82,368,22.2826086956522,20.5882352941176
"Candlewood Elementary",2024,"Montgomery",82,368,22.2826086956522,0
"Cashell Elementary",2023,"Montgomery",82,336,24.4047619047619,3.79746835443038
"Centennial High",2021,"Howard",82,1467,5.58963871847307,12.3287671232877
"Chadwick Elementary",2024,"Baltimore County",82,589,13.9219015280136,-2.38095238095238
"Chesapeake Bay Middle",2025,"Anne Arundel",82,1087,7.54369825206992,13.8888888888889
"Chesapeake High",2020,"Anne Arundel",82,1388,5.90778097982709,NA
"Chesapeake High",2023,"Anne Arundel",82,1419,5.77871740662438,-36.9230769230769
"Cora L. Rice Elementary",2025,"Prince Georges",82,516,15.8914728682171,26.1538461538461
"Cradlerock Elementary",2023,"Howard",82,459,17.8649237472767,-2.38095238095238
"Cradlerock Elementary",2024,"Howard",82,465,17.6344086021505,0
"East Silver Spring Elementary",2022,"Montgomery",82,485,16.9072164948454,-20.3883495145631
"Ernest Everett Just Middle",2022,"Prince Georges",82,794,10.3274559193955,22.3880597014925
"Esperanza Middle",2026,"Saint Marys",82,815,10.0613496932515,2.49999999999999
"Franklin Square Elementary/Middle",2025,"Baltimore City",82,490,16.734693877551,228
"Grange Elementary",2023,"Baltimore County",82,483,16.9772256728778,24.2424242424242
"Grasonville Elementary School",2026,"Queen Annes",82,457,17.9431072210066,2.49999999999999
"Guilford Elementary",2026,"Howard",82,407,20.1474201474201,-7.86516853932584
"Gwynn Park Middle",2021,"Prince Georges",82,662,12.3867069486405,13.8888888888889
"Harford Technical High",2022,"Harford",82,992,8.26612903225806,9.33333333333333
"Herbert Hoover Middle",2025,"Montgomery",82,930,8.81720430107527,3.79746835443038
"Holly Hall Elementary",2025,"Cecil",82,432,18.9814814814815,-4.65116279069767
"Kensington Parkwood Elementary",2025,"Montgomery",82,535,15.3271028037383,-14.5833333333333
"Margaret Brent Elementary/Middle",2024,"Baltimore City",82,237,34.5991561181435,6.49350649350648
"Margaret Brent Elementary/Middle",2025,"Baltimore City",82,235,34.8936170212766,0
"Martin Boulevard Elementary",2025,"Baltimore County",82,253,32.4110671936759,10.8108108108108
"Meade Heights Elementary",2026,"Anne Arundel",82,426,19.2488262910798,-7.86516853932584
"North Glen Elementary",2020,"Anne Arundel",82,305,26.8852459016393,NA
"Parkville Middle & Center Of Technology",2020,"Baltimore County",82,1126,7.28241563055062,NA
"Perry Hall Middle",2023,"Baltimore County",82,1754,4.67502850627138,3.79746835443038
"Perry Hall Middle",2025,"Baltimore County",82,1582,5.18331226295828,3.79746835443038
"Pikesville High",2021,"Baltimore County",82,905,9.06077348066298,7.89473684210527
"Pinehurst Elementary",2025,"Wicomico",82,564,14.5390070921986,20.5882352941176
"Reginald F. Lewis High",2022,"Baltimore City",82,759,10.8036890645586,10.8108108108108
"Robert Moton Elementary",2022,"Carroll",82,401,20.4488778054863,1.23456790123457
"Roland Park Elementary/Middle",2022,"Baltimore City",82,1365,6.00732600732601,9.33333333333333
"Roland Park Elementary/Middle",2024,"Baltimore City",82,1345,6.09665427509294,-7.86516853932584
"Spark M. Matsunaga Elementary",2025,"Montgomery",82,530,15.4716981132075,1.23456790123457
"T. C. Martin Elementary School",2026,"Charles",82,579,14.1623488773748,30.1587301587302
"Thomson Estates Elementary",2024,"Cecil",82,475,17.2631578947368,12.3287671232877
"Valley Elementary",2023,"Frederick",82,491,16.7006109979633,-8.88888888888889
"Veterans Elementary",2025,"Howard",82,883,9.28652321630804,12.3287671232877
"Wilde Lake Middle",2025,"Howard",82,643,12.7527216174184,17.1428571428571
"Windsor Knolls Middle",2020,"Frederick",82,764,10.7329842931937,NA
"Academy Of Health Sciences At Pgcc",2025,"Prince Georges",81,462,17.5324675324675,28.5714285714286
"Arlington Elementary",2020,"Baltimore City",81,392,20.6632653061225,NA
"Battle Grove Elementary",2026,"Baltimore County",81,333,24.3243243243243,-6.89655172413793
"Bellows Spring Elementary",2024,"Howard",81,825,9.81818181818182,-7.95454545454546
"Brunswick High",2021,"Frederick",81,797,10.1631116687578,9.45945945945945
"C. Milton Wright High",2025,"Harford",81,1291,6.27420604182804,5.1948051948052
"Calvert High",2020,"Calvert",81,1161,6.97674418604651,NA
"Calvin M. Rodwell Elementary/Middle",2023,"Baltimore City",81,841,9.63139120095125,22.7272727272727
"Cape St. Claire Elementary",2025,"Anne Arundel",81,660,12.2727272727273,15.7142857142857
"Cape St. Claire Elementary",2026,"Anne Arundel",81,645,12.5581395348837,0
"Cora L. Rice Elementary",2026,"Prince Georges",81,497,16.2977867203219,-1.21951219512195
"Crofton Elementary",2020,"Anne Arundel",81,828,9.78260869565217,NA
"Diamond Elementary",2020,"Montgomery",81,791,10.2402022756005,NA
"East Salisbury Elementary",2020,"Wicomico",81,451,17.960088691796,NA
"East Salisbury Elementary",2021,"Wicomico",81,399,20.3007518796992,0
"Eastern Elementary",2021,"Washington",81,418,19.377990430622,12.5
"Emma K. Doub Elementary",2025,"Washington",81,389,20.8226221079692,42.1052631578947
"Esperanza Middle",2020,"Saint Marys",81,867,9.34256055363322,NA
"Evergreen Elementary School",2025,"Saint Marys",81,715,11.3286713286713,-2.40963855421686
"Franklin Elementary",2026,"Baltimore County",81,360,22.5,1.25
"Gilpin Manor Elementary",2024,"Cecil",81,450,18,10.958904109589
"Glenarden Woods Elementary",2025,"Prince Georges",81,516,15.6976744186047,12.5
"Glymont Middle School",2026,"Charles",81,555,14.5945945945946,NA
"Glyndon Elementary",2020,"Baltimore County",81,559,14.4901610017889,NA
"Green Holly Elementary School",2025,"Saint Marys",81,478,16.9456066945607,17.3913043478261
"Greenwood Elementary",2022,"Montgomery",81,546,14.8351648351648,15.7142857142857
"Halls Cross Roads Elementary",2025,"Harford",81,425,19.0588235294118,15.7142857142857
"Harford Technical High",2020,"Harford",81,999,8.10810810810811,NA
"Havre De Grace High",2025,"Harford",81,822,9.85401459854015,10.958904109589
"Hillcrest Elementary",2020,"Baltimore County",81,698,11.6045845272206,NA
"Hillcrest Heights Elementary",2021,"Prince Georges",81,420,19.2857142857143,12.5
"Holly Hall Elementary",2023,"Cecil",81,436,18.5779816513761,24.6153846153846
"Homestead/Wakefield Elementary",2021,"Harford",81,996,8.13253012048193,8.00000000000001
"Huntingtown High School",2022,"Calvert",81,1358,5.96465390279823,1.25
"Kenilworth Elementary",2024,"Prince Georges",81,384,21.09375,12.5
"Kensington Parkwood Elementary",2020,"Montgomery",81,642,12.6168224299065,NA
"Longfields Elementary",2024,"Prince Georges",81,264,30.6818181818182,-4.70588235294118
"Magnolia Elementary",2023,"Prince Georges",81,434,18.6635944700461,50
"Magothy River Middle",2026,"Anne Arundel",81,654,12.3853211009174,8.00000000000001
"Malcolm Elementary School",2025,"Charles",81,415,19.5180722891566,14.0845070422535
"Mount Airy Middle",2026,"Carroll",81,783,10.3448275862069,-19
"Nantucket Elementary",2026,"Anne Arundel",81,651,12.4423963133641,-5.81395348837209
"Parkville Middle",2025,"Baltimore County",81,900,9,-22.8571428571429
"Reginald F. Lewis High",2020,"Baltimore City",81,546,14.8351648351648,NA
"Robert Frost Middle School",2021,"Montgomery",81,1017,7.9646017699115,5.1948051948052
"Robert Frost Middle School",2026,"Montgomery",81,913,8.87185104052574,-13.8297872340426
"Robert Moton Elementary",2021,"Carroll",81,387,20.9302325581395,2.53164556962024
"Sandalwood Elementary",2026,"Baltimore County",81,422,19.1943127962085,10.958904109589
"Sligo Creek Elementary",2026,"Montgomery",81,657,12.3287671232877,8.00000000000001
"Solley Elementary",2025,"Anne Arundel",81,674,12.0178041543027,-22.8571428571429
"South Carroll High",2022,"Carroll",81,922,8.78524945770065,3.84615384615385
"Spark M. Matsunaga Elementary",2024,"Montgomery",81,569,14.2355008787346,8.00000000000001
"Thunder Hill Elementary",2021,"Howard",81,481,16.8399168399168,65.3061224489796
"Villa Cresta Elementary",2022,"Baltimore County",81,636,12.7358490566038,6.57894736842106
"Vincent Farm Elementary",2024,"Baltimore County",81,760,10.6578947368421,12.5
"Wilde Lake Middle",2021,"Howard",81,641,12.6365054602184,-10.989010989011
"Wilde Lake Middle",2026,"Howard",81,632,12.8164556962025,-1.21951219512195
"William B. Wade Elementary School",2025,"Charles",81,651,12.4423963133641,-3.57142857142857
"Wilson Wims Elementary School",2023,"Montgomery",81,563,14.3872113676732,3.84615384615385
"Windsor Farm Elementary",2021,"Anne Arundel",81,515,15.7281553398058,-6.89655172413793
"Wood Acres Elementary",2023,"Montgomery",81,605,13.3884297520661,8.00000000000001
"Woodfield Elementary",2021,"Montgomery",81,317,25.5520504731861,-6.89655172413793
"Barclay Elementary/Middle",2024,"Baltimore City",80,398,20.1005025125628,-5.88235294117647
"Bear Creek Elementary",2023,"Baltimore County",80,468,17.0940170940171,11.1111111111111
"Berlin Intermediate",2022,"Worcester",80,667,11.9940029985007,15.9420289855072
"Cecil Manor Elementary",2024,"Cecil",80,437,18.3066361556064,19.4029850746269
"Elkridge Elementary",2024,"Howard",80,810,9.87654320987654,11.1111111111111
"Esperanza Middle",2021,"Saint Marys",80,858,9.32400932400932,-1.23456790123457
"Esperanza Middle",2025,"Saint Marys",80,835,9.58083832335329,2.56410256410255
"Franklin Elementary",2025,"Baltimore County",80,392,20.4081632653061,9.5890410958904
"Frederick Douglass High",2024,"Baltimore City",80,712,11.2359550561798,-15.7894736842105
"Grasonville Elementary School",2025,"Queen Annes",80,472,16.9491525423729,-6.97674418604651
"Harpers Choice Middle",2020,"Howard",80,493,16.2271805273834,NA
"Hillcrest Elementary",2021,"Baltimore County",80,692,11.5606936416185,-85.7397504456328
"Huntingtown High School",2021,"Calvert",80,1398,5.72246065808298,-3.6144578313253
"Manchester Valley High",2022,"Carroll",80,1342,5.96125186289121,9.5890410958904
"Marriotts Ridge High",2025,"Howard",80,1741,4.59506031016657,12.6760563380282
"Matthew Henson Middle School",2020,"Charles",80,811,9.86436498150432,NA
"Mays Chapel Elementary",2022,"Baltimore County",80,592,13.5135135135135,-13.0434782608696
"Middletown Middle",2024,"Frederick",80,767,10.4302477183833,11.1111111111111
"Patterson Mill High School",2024,"Harford",80,826,9.68523002421307,12.6760563380282
"Poolesville Elementary",2022,"Montgomery",80,538,14.8698884758364,12.6760563380282
"Poolesville Elementary",2023,"Montgomery",80,567,14.1093474426808,0
"Ridgely Middle",2022,"Baltimore County",80,1050,7.61904761904762,31.1475409836065
"Rising Sun High",2025,"Cecil",80,1074,7.4487895716946,9.5890410958904
"Thomas G. Pullen",2026,"Prince Georges",80,739,10.8254397834912,1.26582278481013
"Villa Cresta Elementary",2020,"Baltimore County",80,709,11.2834978843441,NA
"Waterloo Elementary",2022,"Howard",80,606,13.2013201320132,42.8571428571429
"Waugh Chapel Elementary",2020,"Anne Arundel",80,633,12.6382306477093,NA
"Westover Elementary",2024,"Montgomery",80,299,26.7558528428094,17.6470588235294
"Bakerfield Elementary",2026,"Harford",79,484,16.3223140495868,8.21917808219179
"Bellows Spring Elementary",2025,"Howard",79,806,9.8014888337469,-2.46913580246914
"Brunswick Middle",2022,"Frederick",79,618,12.7831715210356,-5.95238095238095
"C. Paul Barnhart Elementary School",2023,"Charles",79,575,13.7391304347826,-3.65853658536586
"Capitol Heights Elementary",2025,"Prince Georges",79,317,24.9211356466877,27.4193548387097
"Cashell Elementary",2020,"Montgomery",79,340,23.2352941176471,NA
"Cashell Elementary",2022,"Montgomery",79,321,24.6105919003115,14.4927536231884
"Century High",2021,"Carroll",79,1135,6.96035242290749,8.21917808219179
"Diamond Elementary",2021,"Montgomery",79,780,10.1282051282051,-2.46913580246914
"Fort Washington Forest Elementary",2020,"Prince Georges",79,295,26.7796610169492,NA
"Fort Worthington Elementary/Middle",2022,"Baltimore City",79,707,11.1739745403112,43.6363636363636
"Frederick Douglass High",2025,"Baltimore City",79,539,14.6567717996289,-21.7821782178218
"Germantown Elementary",2023,"Montgomery",79,294,26.8707482993197,-70.5223880597015
"Green Valley Elementary",2020,"Frederick",79,627,12.5996810207337,NA
"Halstead Academy",2026,"Baltimore County",79,448,17.6339285714286,-5.95238095238095
"Herbert Hoover Middle",2024,"Montgomery",79,926,8.53131749460043,25.3968253968254
"Hillcrest Heights Elementary",2022,"Prince Georges",79,408,19.3627450980392,-2.46913580246914
"Logan Elementary",2021,"Baltimore County",79,501,15.7684630738523,-4.81927710843374
"Magothy River Middle",2024,"Anne Arundel",79,672,11.7559523809524,1.28205128205128
"North Salisbury Elementary",2023,"Wicomico",79,505,15.6435643564356,8.21917808219179
"Oakwood Elementary",2020,"Anne Arundel",79,334,23.6526946107784,NA
"Patterson Mill High School",2025,"Harford",79,839,9.41597139451728,-1.25
"Perry Hall Middle",2022,"Baltimore County",79,1815,4.35261707988981,-8.13953488372093
"Perry Hall Middle",2024,"Baltimore County",79,1694,4.66351829988194,-3.65853658536586
"Quarterfield Elementary",2022,"Anne Arundel",79,442,17.8733031674208,-7.05882352941176
"Ridgely Middle",2023,"Baltimore County",79,1061,7.44580584354383,-1.25
"Robert Moton Elementary",2020,"Carroll",79,434,18.2027649769585,NA
"Rockledge Elementary",2020,"Prince Georges",79,337,23.4421364985163,NA
"Sandy Plains Elementary",2020,"Baltimore County",79,597,13.2328308207705,NA
"Seat Pleasant Elementary",2020,"Prince Georges",79,395,20,NA
"Southampton Middle",2026,"Harford",79,1210,6.52892561983471,1.28205128205128
"Stevens Forest Elementary",2025,"Howard",79,314,25.1592356687898,-4.81927710843374
"Swan Creek School",2022,"Harford",79,916,8.62445414847162,NA
"Thomas G. Pullen",2025,"Prince Georges",79,740,10.6756756756757,1.28205128205128
"Veterans Elementary",2023,"Howard",79,870,9.08045977011494,1.28205128205128
"Vincent Farm Elementary",2025,"Baltimore County",79,776,10.180412371134,-2.46913580246914
"Walter J. Mitchell Elementary School",2025,"Charles",79,663,11.9155354449472,29.5081967213115
"Westbrook Elementary",2026,"Montgomery",79,462,17.0995670995671,8.21917808219179
"Westowne Elementary",2024,"Baltimore County",79,640,12.34375,1.28205128205128
"William B. Wade Elementary School",2023,"Charles",79,642,12.3052959501558,14.4927536231884
"Wood Acres Elementary",2024,"Montgomery",79,612,12.9084967320261,-2.46913580246914
"Billingsley Elementary School",2023,"Charles",78,677,11.5214180206795,11.4285714285714
"Blue Heron Elementary",2023,"Frederick",78,680,11.4705882352941,30
"Carroll Manor Elementary",2022,"Frederick",78,516,15.1162790697674,457.142857142857
"Catonsville Middle",2025,"Baltimore County",78,818,9.53545232273839,8.33333333333333
"Century High",2023,"Carroll",78,1120,6.96428571428571,8.33333333333333
"Chadwick Elementary",2020,"Baltimore County",78,637,12.2448979591837,NA
"Delmar Elementary",2022,"Wicomico",78,894,8.7248322147651,14.7058823529412
"Esperanza Middle",2024,"Saint Marys",78,842,9.26365795724466,1.29870129870129
"Evergreen Elementary School",2021,"Saint Marys",78,741,10.5263157894737,-22
"Featherbed Lane Elementary",2020,"Baltimore County",78,572,13.6363636363636,NA
"Hillcrest Elementary",2023,"Baltimore County",78,652,11.9631901840491,-86.1946902654867
"Kent Island High School",2021,"Queen Annes",78,1174,6.64395229982964,2.63157894736843
"Maces Lane Middle School",2024,"Dorchester",78,465,16.7741935483871,18.1818181818182
"Magothy River Middle",2022,"Anne Arundel",78,699,11.1587982832618,8.33333333333333
"Magothy River Middle",2023,"Anne Arundel",78,683,11.4202049780381,0
"Margaret Brent Elementary/Middle",2026,"Baltimore City",78,239,32.6359832635983,-4.87804878048781
"Middlesex Elementary",2021,"Baltimore County",78,370,21.0810810810811,4
"Mount Airy Middle",2022,"Carroll",78,728,10.7142857142857,5.40540540540539
"North Salisbury Elementary",2025,"Wicomico",78,526,14.828897338403,5.40540540540539
"Oakleigh Elementary",2022,"Baltimore County",78,495,15.7575757575758,18.1818181818182
"Parkville Middle",2021,"Baltimore County",78,1076,7.24907063197026,NA
"Quarterfield Elementary",2020,"Anne Arundel",78,468,16.6666666666667,NA
"Somerset Elementary",2020,"Montgomery",78,582,13.4020618556701,NA
"South Carroll High",2021,"Carroll",78,984,7.92682926829268,14.7058823529412
"Southampton Middle",2025,"Harford",78,1192,6.54362416107383,2.63157894736843
"Stevens Forest Elementary",2023,"Howard",78,308,25.3246753246753,-6.02409638554217
"Sugarloaf Elementary",2021,"Frederick",78,620,12.5806451612903,NA
"Thomas G. Pullen",2024,"Prince Georges",78,736,10.5978260869565,NA
"Urbana Elementary",2021,"Frederick",78,651,11.9815668202765,5.40540540540539
"Veterans Elementary",2022,"Howard",78,899,8.67630700778643,11.4285714285714
"West Salisbury",2026,"Wicomico",78,404,19.3069306930693,-17.8947368421053
"Westminster Elementary",2023,"Carroll",78,546,14.2857142857143,5.40540540540539
"Westowne Elementary",2023,"Baltimore County",78,676,11.5384615384615,23.8095238095238
"Wilson Wims Elementary School",2022,"Montgomery",78,598,13.0434782608696,-10.3448275862069
"Andrew Jackson Academy",2023,"Prince Georges",77,407,18.9189189189189,40
"Bakerfield Elementary",2022,"Harford",77,421,18.2897862232779,11.5942028985507
"Brooke Grove Elementary",2024,"Montgomery",77,415,18.5542168674699,2.66666666666666
"C. Milton Wright High",2024,"Harford",77,1302,5.91397849462366,4.05405405405406
"Cambridge-South Dorchester High School",2023,"Dorchester",77,784,9.82142857142857,13.2352941176471
"Catonsville Elementary",2025,"Baltimore County",77,653,11.791730474732,26.2295081967213
"Century High",2026,"Carroll",77,1043,7.38255033557047,4.05405405405406
"Charlesmont Elementary",2024,"Baltimore County",77,353,21.8130311614731,-11.4942528735632
"Elkridge Landing Middle",2024,"Howard",77,681,11.3069016152717,26.2295081967213
"Esperanza Middle",2023,"Saint Marys",77,875,8.8,-11.4942528735632
"Franklin Elementary",2023,"Baltimore County",77,409,18.8264058679707,40
"George T. Cromwell Elementary",2020,"Anne Arundel",77,301,25.5813953488372,NA
"Germantown Elementary",2020,"Montgomery",77,324,23.7654320987654,-73.1707317073171
"Glenelg High",2021,"Howard",77,1263,6.0965954077593,30.5084745762712
"Guilford Elementary",2022,"Howard",77,497,15.4929577464789,10
"Halstead Academy",2024,"Baltimore County",77,472,16.3135593220339,11.5942028985507
"Hebbville Elementary",2023,"Baltimore County",77,450,17.1111111111111,14.9253731343284
"John Poole Middle",2025,"Montgomery",77,467,16.4882226980728,20.3125
"Jonathan Hager Elementary",2025,"Washington",77,498,15.4618473895582,1.3157894736842
"Jonathan Hager Elementary",2026,"Washington",77,475,16.2105263157895,0
"Margaret Brent Elementary/Middle",2023,"Baltimore City",77,248,31.0483870967742,-16.3043478260869
"New Market Middle",2024,"Frederick",77,707,10.8910891089109,4.05405405405406
"North East Middle",2026,"Cecil",77,758,10.1583113456464,5.47945205479452
"Ocean City Elementary",2022,"Worcester",77,545,14.1284403669725,6.94444444444444
"Orems Elementary",2023,"Baltimore County",77,366,21.0382513661202,8.45070422535212
"Patapsco Middle",2020,"Howard",77,746,10.3217158176944,NA
"Robert Frost Middle School",2020,"Montgomery",77,1028,7.49027237354086,NA
"Snowden Farm Elementary",2021,"Montgomery",77,757,10.1717305151915,14.9253731343284
"Sudlersville Middle School",2021,"Queen Annes",77,443,17.3814898419865,-11.4942528735632
"Sudlersville Middle School",2022,"Queen Annes",77,411,18.7347931873479,0
"Walter J. Mitchell Elementary School",2023,"Charles",77,637,12.0879120879121,37.5
"Westminster East Middle",2020,"Carroll",77,748,10.2941176470588,NA
"Whitehall Elementary",2022,"Prince Georges",77,595,12.9411764705882,2.66666666666666
"Wilde Lake Middle",2022,"Howard",77,626,12.3003194888179,-4.93827160493827
"Windsor Farm Elementary",2023,"Anne Arundel",77,491,15.6822810590631,-10.4651162790698
"Windy Hill Elementary",2024,"Calvert",77,616,12.5,11.5942028985507
"Barclay Elementary/Middle",2022,"Baltimore City",76,404,18.8118811881188,18.75
"Barstow Elementary",2024,"Calvert",76,649,11.7103235747304,13.4328358208955
"Barstow Elementary",2026,"Calvert",76,623,12.199036918138,-8.43373493975904
"Bellows Spring Elementary",2022,"Howard",76,747,10.1740294511379,16.9230769230769
"Capitol Heights Elementary",2026,"Prince Georges",76,282,26.9503546099291,-3.79746835443038
"Catoctin High",2026,"Frederick",76,810,9.38271604938272,-10.5882352941176
"Clarksburg Elementary",2024,"Montgomery",76,448,16.9642857142857,-35.5932203389831
"Cranberry Station Elementary",2024,"Carroll",76,601,12.6455906821963,28.8135593220339
"Crofton Woods Elementary",2024,"Anne Arundel",76,749,10.1468624833111,11.7647058823529
"Dr. Gustavus Brown Elementary",2020,"Charles",76,426,17.8403755868545,NA
"Elkridge Elementary",2020,"Howard",76,923,8.23401950162514,NA
"Elkridge Landing Middle",2025,"Howard",76,686,11.0787172011662,-1.2987012987013
"Fallsmead Elementary",2025,"Montgomery",76,512,14.84375,16.9230769230769
"Fruitland Primary",2026,"Wicomico",76,500,15.2,13.4328358208955
"Germantown Elementary",2022,"Montgomery",76,289,26.2975778546713,-72.7598566308244
"Hammond Elementary",2020,"Howard",76,604,12.5827814569536,NA
"Hammond Elementary",2025,"Howard",76,763,9.96068152031455,13.4328358208955
"Hammond Elementary",2026,"Howard",76,789,9.63244613434727,0
"Herbert Hoover Middle",2021,"Montgomery",76,1021,7.44368266405485,-14.6067415730337
"Herbert Hoover Middle",2026,"Montgomery",76,959,7.92492179353493,-7.3170731707317
"Holly Hall Elementary",2026,"Cecil",76,399,19.047619047619,-7.3170731707317
"Jonathan Hager Elementary",2024,"Washington",76,490,15.5102040816327,8.57142857142856
"Kent Island High School",2020,"Queen Annes",76,1221,6.22440622440622,NA
"Lincolnshire Elementary",2022,"Washington",76,481,15.8004158004158,33.3333333333333
"Mount Harmony Elementary",2025,"Calvert",76,656,11.5853658536585,10.1449275362319
"Nantucket Elementary",2024,"Anne Arundel",76,696,10.9195402298851,4.10958904109588
"Northern Middle",2026,"Calvert",76,732,10.3825136612022,-59.1397849462366
"Ocean City Elementary",2020,"Worcester",76,592,12.8378378378378,NA
"Ocean City Elementary",2024,"Worcester",76,543,13.9963167587477,10.1449275362319
"Perry Hall Middle",2026,"Baltimore County",76,1420,5.35211267605634,-7.3170731707317
"Pikesville High",2020,"Baltimore County",76,922,8.24295010845987,NA
"Pinehurst Elementary",2026,"Wicomico",76,574,13.2404181184669,-7.3170731707317
"River Hill High",2025,"Howard",76,1383,5.49530007230658,2.7027027027027
"Severn Elementary",2026,"Anne Arundel",76,466,16.3090128755365,1.33333333333334
"Severna Park Middle",2021,"Anne Arundel",76,1412,5.38243626062323,-12.6436781609195
"Smithsburg High",2025,"Washington",76,733,10.3683492496589,1.33333333333334
"Snowden Farm Elementary",2022,"Montgomery",76,742,10.2425876010782,-1.2987012987013
"Southampton Middle",2024,"Harford",76,1194,6.36515912897822,5.55555555555556
"Swansfield Elementary",2026,"Howard",76,596,12.751677852349,1.33333333333334
"Thomas G. Pullen School",2023,"Prince Georges",76,735,10.3401360544218,2.7027027027027
"Villa Cresta Elementary",2021,"Baltimore County",76,649,11.7103235747304,-5
"Westover Elementary",2026,"Montgomery",76,284,26.7605633802817,4.10958904109588
"Belle Grove Elementary",2020,"Anne Arundel",75,309,24.2718446601942,NA
"Brooke Grove Elementary",2023,"Montgomery",75,417,17.9856115107914,-9.63855421686747
"Chadwick Elementary",2021,"Baltimore County",75,647,11.5919629057187,-3.84615384615384
"Chesapeake Science Point",2024,"Anne Arundel",75,889,8.43644544431946,41.5094339622641
"Crofton High School",2021,"Anne Arundel",75,783,9.57854406130268,NA
"Delmar Elementary",2020,"Wicomico",75,932,8.04721030042919,NA
"Elkridge Elementary",2025,"Howard",75,798,9.3984962406015,-6.25
"Ernest Everett Just Middle",2023,"Prince Georges",75,795,9.43396226415094,-8.53658536585366
"Essex Elementary",2020,"Baltimore County",75,493,15.2129817444219,NA
"Eva Turner Elementary School",2024,"Charles",75,465,16.1290322580645,10.2941176470588
"Evergreen Elementary School",2026,"Saint Marys",75,661,11.3464447806354,-7.40740740740741
"Germantown Elementary",2021,"Montgomery",75,301,24.9169435215947,-72.3247232472325
"Glade Elementary",2024,"Frederick",75,554,13.5379061371841,10.2941176470588
"Glenarden Woods Elementary",2020,"Prince Georges",75,491,15.2749490835031,NA
"Grasonville Elementary School",2023,"Queen Annes",75,454,16.5198237885463,5.6338028169014
"Greenbelt Elementary",2021,"Prince Georges",75,550,13.6363636363636,-15.7303370786517
"Greenwood Elementary",2024,"Montgomery",75,543,13.8121546961326,2.73972602739727
"Harford Technical High",2021,"Harford",75,993,7.55287009063444,-7.40740740740741
"Harford Technical High",2023,"Harford",75,979,7.6608784473953,-8.53658536585366
"Homestead/Wakefield Elementary",2020,"Harford",75,1034,7.25338491295938,NA
"Lexington Park Elementary",2024,"Saint Marys",75,418,17.9425837320574,17.1875
"Magothy River Middle",2025,"Anne Arundel",75,655,11.4503816793893,-5.06329113924051
"Maple Elementary School",2021,"Dorchester",75,454,16.5198237885463,10.2941176470588
"Mays Chapel Elementary",2023,"Baltimore County",75,565,13.2743362831858,-6.25
"Middlesex Elementary",2020,"Baltimore County",75,424,17.688679245283,NA
"Middletown Middle",2026,"Frederick",75,759,9.88142292490119,-10.7142857142857
"New Market Middle",2026,"Frederick",75,662,11.3293051359517,1.35135135135136
"North East Elementary",2025,"Cecil",75,615,12.1951219512195,15.3846153846154
"Patapsco Middle",2021,"Howard",75,693,10.8225108225108,-2.5974025974026
"Patuxent High",2026,"Calvert",75,902,8.31485587583149,-9.63855421686747
"Potomac Heights Elementary",2023,"Washington",75,348,21.551724137931,36.3636363636364
"Rising Sun High",2026,"Cecil",75,1045,7.17703349282297,-6.25
"Roland Park Elementary/Middle",2021,"Baltimore City",75,1402,5.34950071326676,8.69565217391304
"Sandalwood Elementary",2022,"Baltimore County",75,468,16.025641025641,1.35135135135136
"Severn Elementary",2021,"Anne Arundel",75,544,13.7867647058824,15.3846153846154
"Severn Elementary",2025,"Anne Arundel",75,458,16.3755458515284,15.3846153846154
"Sligo Creek Elementary",2025,"Montgomery",75,632,11.8670886075949,2.73972602739727
"Smithsburg High",2024,"Washington",75,776,9.66494845360825,31.5789473684211
"Spark M. Matsunaga Elementary",2023,"Montgomery",75,567,13.2275132275132,NA
"Stephen Decatur Middle",2021,"Worcester",75,691,10.8538350217077,-57.8651685393258
"Stephen Decatur Middle",2024,"Worcester",75,670,11.1940298507463,-63.9423076923077
"Sussex Elementary",2021,"Baltimore County",75,425,17.6470588235294,2.73972602739727
"Swansfield Elementary",2025,"Howard",75,594,12.6262626262626,11.9402985074627
"Veterans Elementary",2020,"Howard",75,962,7.7962577962578,NA
"Whitehall Elementary",2021,"Prince Georges",75,577,12.998266897747,5.6338028169014
"Windy Hill Elementary",2026,"Calvert",75,623,12.0385232744783,8.69565217391304
"Wood Acres Elementary",2022,"Montgomery",75,534,14.0449438202247,4.16666666666667
"Wood Acres Elementary",2025,"Montgomery",75,609,12.3152709359606,-5.06329113924051
"Academy For College And Career Exploration",2020,"Baltimore City",74,616,12.012987012987,NA
"Academy Of Health Sciences At Pgcc",2026,"Prince Georges",74,479,15.4488517745303,-8.64197530864198
"Battle Grove Elementary",2023,"Baltimore County",74,322,22.9813664596273,19.3548387096774
"Brunswick High",2020,"Frederick",74,792,9.34343434343434,NA
"Brunswick Middle",2020,"Frederick",74,573,12.9144851657941,NA
"C. Milton Wright High",2022,"Harford",74,1331,5.55972952667168,8.8235294117647
"C. Milton Wright High",2023,"Harford",74,1266,5.84518167456556,0
"Carver Vocational-Technical High",2026,"Baltimore City",74,1027,7.20545277507303,25.4237288135593
"Catonsville Elementary",2026,"Baltimore County",74,636,11.6352201257862,-3.8961038961039
"Century High",2025,"Carroll",74,1101,6.72116257947321,21.3114754098361
"Chadwick Elementary",2022,"Baltimore County",74,611,12.1112929623568,-1.33333333333333
"Chopticon High",2021,"Saint Marys",74,1689,4.38129070455891,12.1212121212121
"Chopticon High",2022,"Saint Marys",74,1681,4.40214158239143,0
"Crofton Woods Elementary",2026,"Anne Arundel",74,709,10.4372355430183,4.22535211267605
"Deer Park Middle Magnet School",2020,"Baltimore County",74,1365,5.42124542124542,NA
"Diamond Elementary",2022,"Montgomery",74,732,10.1092896174863,-6.32911392405063
"Dr. Gustavus Brown Elementary",2021,"Charles",74,407,18.1818181818182,-2.63157894736842
"Edgewood Elementary",2026,"Harford",74,421,17.5771971496437,23.3333333333333
"Elmwood Elementary",2022,"Baltimore County",74,523,14.1491395793499,27.5862068965517
"Fountaindale Elementary",2024,"Washington",74,414,17.8743961352657,29.8245614035088
"Francis Scott Key Elementary/Middle",2021,"Baltimore City",74,575,12.8695652173913,29.8245614035088
"Glade Elementary",2025,"Frederick",74,561,13.1907308377897,-1.33333333333333
"Harpers Choice Middle",2021,"Howard",74,490,15.1020408163265,-7.5
"Hereford High",2026,"Baltimore County",74,1132,6.53710247349823,23.3333333333333
"Martin Boulevard Elementary",2024,"Baltimore County",74,258,28.6821705426357,12.1212121212121
"Middletown High",2021,"Frederick",74,1149,6.44038294168842,5.71428571428572
"Monarch Academy",2025,"Anne Arundel",74,687,10.7714701601164,8.8235294117647
"Mount Airy Middle",2021,"Carroll",74,690,10.7246376811594,15.625
"New Market Middle",2023,"Frederick",74,684,10.8187134502924,12.1212121212121
"New Market Middle",2025,"Frederick",74,676,10.9467455621302,-3.8961038961039
"North Salisbury Elementary",2024,"Wicomico",74,520,14.2307692307692,-6.32911392405063
"Northfield Elementary",2025,"Howard",74,764,9.68586387434555,21.3114754098361
"Piney Orchard Elementary",2026,"Anne Arundel",74,536,13.8059701492537,-11.9047619047619
"Potomac Heights Elementary",2026,"Washington",74,334,22.1556886227545,1.36986301369864
"Reginald F. Lewis High",2021,"Baltimore City",74,615,12.0325203252033,-8.64197530864198
"River Hill High",2024,"Howard",74,1462,5.06155950752394,5.71428571428572
"Rosaryville Elementary",2025,"Prince Georges",74,517,14.3133462282398,2.77777777777777
"Roye-Williams Elementary",2021,"Harford",74,410,18.0487804878049,-17.7777777777778
"Sandalwood Elementary",2021,"Baltimore County",74,479,15.4488517745303,-14.9425287356322
"South Shore Elementary",2025,"Anne Arundel",74,268,27.6119402985075,8.8235294117647
"Sparrows Point High",2022,"Baltimore County",74,1129,6.55447298494243,5.71428571428572
"Stephen Decatur Middle",2023,"Worcester",74,697,10.6169296987088,-64.0776699029126
"Thomas G. Pullen School",2022,"Prince Georges",74,722,10.2493074792244,7.24637681159421
"Thomas Johnson Elementary/Middle",2025,"Baltimore City",74,532,13.9097744360902,2.77777777777777
"Thunder Hill Elementary",2023,"Howard",74,472,15.6779661016949,-10.8433734939759
"Urbana Elementary",2020,"Frederick",74,813,9.10209102091021,NA
"Violetville Elementary/Middle",2026,"Baltimore City",74,302,24.5033112582781,15.625
"Washington County Technical High",2020,"Washington",74,613,12.0717781402936,NA
"Westminster Elementary",2022,"Carroll",74,544,13.6029411764706,21.3114754098361
"Baden Elementary",2026,"Prince Georges",73,266,27.4436090225564,82.5
"Bakerfield Elementary",2025,"Harford",73,460,15.8695652173913,14.0625
"Belle Grove Elementary",2021,"Anne Arundel",73,287,25.4355400696864,-2.66666666666666
"Berlin Intermediate",2020,"Worcester",73,799,9.13642052565707,NA
"Carroll Manor Elementary",2021,"Frederick",73,538,13.5687732342007,421.428571428571
"Cecil Manor Elementary",2026,"Cecil",73,398,18.3417085427136,5.79710144927537
"Centennial High",2020,"Howard",73,1597,4.57107075767063,NA
"Century High",2020,"Carroll",73,1139,6.40913081650571,NA
"Chadwick Elementary",2026,"Baltimore County",73,603,12.106135986733,7.35294117647058
"Franklin Elementary",2024,"Baltimore County",73,392,18.6224489795918,-5.1948051948052
"Frederick Douglass High",2022,"Baltimore City",73,784,9.31122448979592,5.79710144927537
"Fullerton Elementary",2024,"Baltimore County",73,409,17.8484107579462,28.0701754385965
"Gilpin Manor Elementary",2023,"Cecil",73,477,15.3039832285115,5.79710144927537
"Greenwood Elementary",2023,"Montgomery",73,539,13.543599257885,-9.87654320987654
"Hamilton Elementary/Middle",2025,"Baltimore City",73,801,9.11360799001248,1.38888888888888
"Havre De Grace High",2024,"Harford",73,870,8.39080459770115,12.3076923076923
"Huntingtown Elementary",2026,"Calvert",73,497,14.6881287726358,35.1851851851852
"La Plata High School",2021,"Charles",73,1174,6.21805792163543,28.0701754385965
"Manchester Valley High",2021,"Carroll",73,1321,5.52611657834974,4.28571428571429
"Meade Heights Elementary",2024,"Anne Arundel",73,439,16.628701594533,21.6666666666667
"Nantucket Elementary",2023,"Anne Arundel",73,709,10.296191819464,15.8730158730159
"North East High",2022,"Cecil",73,1027,7.1080817916261,25.8620689655172
"North East Middle",2025,"Cecil",73,758,9.63060686015831,17.741935483871
"North Salisbury Elementary",2022,"Wicomico",73,471,15.4989384288747,7.35294117647058
"Oakdale Elementary",2020,"Frederick",73,792,9.21717171717172,NA
"Patterson Mill High School",2026,"Harford",73,863,8.45886442641947,-7.59493670886076
"Potomac Heights Elementary",2025,"Washington",73,351,20.7977207977208,10.6060606060606
"Rising Sun High",2024,"Cecil",73,1088,6.70955882352941,4.28571428571429
"Riverside Elementary",2025,"Harford",73,481,15.1767151767152,10.6060606060606
"Rosaryville Elementary",2026,"Prince Georges",73,507,14.3984220907298,-1.35135135135135
"Sandalwood Elementary",2025,"Baltimore County",73,440,16.5909090909091,17.741935483871
"Sligo Creek Elementary",2024,"Montgomery",73,667,10.9445277361319,7.35294117647058
"Sparrows Point High",2025,"Baltimore County",73,1095,6.66666666666667,10.6060606060606
"Stephen Decatur Middle",2025,"Worcester",73,665,10.9774436090226,-66.6666666666667
"Sussex Elementary",2020,"Baltimore County",73,448,16.2946428571429,NA
"Thomson Estates Elementary",2023,"Cecil",73,481,15.1767151767152,21.6666666666667
"Tulip Grove Elementary",2026,"Prince Georges",73,451,16.1862527716186,4.28571428571429
"Veterans Elementary",2024,"Howard",73,897,8.13823857302118,-7.59493670886076
"Walker Mill Middle",2020,"Prince Georges",73,705,10.354609929078,NA
"Washington County Technical High",2021,"Washington",73,554,13.1768953068592,-1.35135135135135
"Westbrook Elementary",2025,"Montgomery",73,468,15.5982905982906,-13.0952380952381
"Westover Elementary",2025,"Montgomery",73,294,24.8299319727891,-8.75
"William A. Diggs Elementary School",2022,"Charles",73,788,9.26395939086294,21.6666666666667
"Windsor Farm Elementary",2026,"Anne Arundel",73,460,15.8695652173913,1.38888888888888
"Wood Acres Elementary",2026,"Montgomery",73,585,12.4786324786325,-2.66666666666666
"Woodhome Elementary/Middle",2022,"Baltimore City",73,457,15.9737417943107,32.7272727272727
"Aacps Virtual Academy",2022,"Anne Arundel",72,562,12.8113879003559,NA
"Bear Creek Elementary",2022,"Baltimore County",72,489,14.7239263803681,16.1290322580645
"Brandywine Elementary",2022,"Prince Georges",72,470,15.3191489361702,7.46268656716418
"Cape St. Claire Elementary",2023,"Anne Arundel",72,631,11.4104595879556,7.46268656716418
"Catonsville Middle",2024,"Baltimore County",72,793,9.07944514501892,2.85714285714285
"Central Elementary",2025,"Anne Arundel",72,566,12.7208480565371,24.1379310344828
"Century High",2022,"Carroll",72,1140,6.31578947368421,-8.86075949367089
"Chesapeake Bay Middle",2024,"Anne Arundel",72,1049,6.86367969494757,2.85714285714285
"Crofton Elementary",2023,"Anne Arundel",72,653,11.0260336906585,12.5
"Eastern Elementary",2020,"Washington",72,434,16.5898617511521,NA
"Elkridge Elementary",2022,"Howard",72,824,8.7378640776699,28.5714285714286
"Elkridge Elementary",2023,"Howard",72,805,8.94409937888199,0
"Eva Turner Elementary School",2022,"Charles",72,434,16.5898617511521,35.8490566037736
"Glade Elementary",2026,"Frederick",72,526,13.6882129277567,-2.7027027027027
"Glenarden Woods Elementary",2024,"Prince Georges",72,496,14.5161290322581,14.2857142857143
"Gwynn Park Middle",2020,"Prince Georges",72,662,10.8761329305136,NA
"Hamilton Elementary/Middle",2024,"Baltimore City",72,837,8.60215053763441,14.2857142857143
"Hammond Middle School",2021,"Howard",72,612,11.7647058823529,12.5
"Havre De Grace High",2022,"Harford",72,771,9.33852140077821,35.8490566037736
"Hebbville Elementary",2020,"Baltimore County",72,527,13.6622390891841,NA
"Hebbville Elementary",2024,"Baltimore County",72,465,15.4838709677419,-6.4935064935065
"Henry E. Lackey High School",2021,"Charles",72,1024,7.03125,53.1914893617021
"Hillcrest Heights Elementary",2020,"Prince Georges",72,474,15.1898734177215,NA
"Hillsmere Elementary",2025,"Anne Arundel",72,402,17.910447761194,1.40845070422535
"Indian Head Elementary School",2025,"Charles",72,443,16.2528216704289,16.1290322580645
"Jeffers Hill Elementary",2026,"Howard",72,378,19.047619047619,-13.2530120481928
"John H. Bayne Elementary",2026,"Prince Georges",72,334,21.5568862275449,20
"Kenilworth Elementary",2023,"Prince Georges",72,392,18.3673469387755,20
"Magothy River Middle",2021,"Anne Arundel",72,714,10.0840336134454,10.7692307692308
"Martin Boulevard Elementary",2026,"Baltimore County",72,243,29.6296296296296,-12.1951219512195
"Middletown Middle",2023,"Frederick",72,799,9.01126408010012,2.85714285714285
"Milbrook Elementary",2021,"Baltimore County",72,344,20.9302325581395,-16.2790697674419
"Milton M. Somers Middle School",2025,"Charles",72,671,10.7302533532042,14.2857142857143
"Mount Harmony Elementary",2026,"Calvert",72,623,11.5569823434992,-5.26315789473685
"Ocean City Elementary",2021,"Worcester",72,529,13.6105860113422,-5.26315789473685
"Overlook Elementary",2020,"Anne Arundel",72,376,19.1489361702128,NA
"Rosaryville Elementary",2024,"Prince Georges",72,508,14.1732283464567,50
"Sligo Creek Elementary",2020,"Montgomery",72,679,10.6038291605302,NA
"Southampton Middle",2023,"Harford",72,1175,6.12765957446809,22.0338983050848
"Sudbrook Magnet Middle",2026,"Baltimore County",72,830,8.67469879518072,-25.7731958762887
"Thomas Johnson Elementary/Middle",2024,"Baltimore City",72,517,13.926499032882,30.9090909090909
"Vincent Farm Elementary",2023,"Baltimore County",72,735,9.79591836734694,16.1290322580645
"Westminster Elementary",2025,"Carroll",72,564,12.7659574468085,1.40845070422535
"Westminster Elementary",2026,"Carroll",72,532,13.5338345864662,0
"Windsor Farm Elementary",2025,"Anne Arundel",72,451,15.9645232815965,-15.2941176470588
"Wood Acres Elementary",2021,"Montgomery",72,583,12.3499142367067,-17.2413793103448
"Woodbridge Elementary",2021,"Baltimore County",72,430,16.7441860465116,5.88235294117647
"Broadneck Elementary",2020,"Anne Arundel",71,774,9.17312661498708,NA
"Charlesmont Elementary",2022,"Baltimore County",71,363,19.5592286501377,39.2156862745098
"Crofton Woods Elementary",2025,"Anne Arundel",71,742,9.56873315363881,-6.57894736842105
"Edmondson Heights Elementary",2021,"Baltimore County",71,499,14.2284569138277,16.3934426229508
"Featherbed Lane Elementary",2021,"Baltimore County",71,473,15.0105708245243,-8.97435897435898
"Four Seasons Elementary",2026,"Anne Arundel",71,664,10.6927710843373,5.97014925373134
"General Smallwood Middle School",2025,"Charles",71,500,14.2,5.97014925373134
"Grasonville Elementary School",2022,"Queen Annes",71,453,15.673289183223,29.0909090909091
"Hamilton Elementary/Middle",2026,"Baltimore City",71,807,8.79801734820322,-2.73972602739726
"Herbert Hoover Middle",2022,"Montgomery",71,1002,7.08582834331337,-6.57894736842105
"Hillsmere Elementary",2024,"Anne Arundel",71,393,18.0661577608142,20.3389830508474
"Magnolia Elementary",2025,"Harford",71,545,13.0275229357798,1.42857142857142
"Magnolia Elementary",2026,"Harford",71,529,13.421550094518,-26.0416666666667
"Malcolm Elementary School",2024,"Charles",71,427,16.6276346604215,7.57575757575757
"Marriotts Ridge High",2024,"Howard",71,1701,4.1740152851264,1.42857142857142
"Mary H. Matula Elementary School",2026,"Charles",71,639,11.1111111111111,5.97014925373134
"Oakleigh Elementary",2020,"Baltimore County",71,569,12.4780316344464,NA
"Orems Elementary",2022,"Baltimore County",71,361,19.6675900277008,26.7857142857143
"Patapsco Middle",2022,"Howard",71,663,10.7088989441931,-5.33333333333333
"Patterson Mill High School",2023,"Harford",71,819,8.66910866910867,14.5161290322581
"Poolesville Elementary",2021,"Montgomery",71,474,14.9789029535865,9.23076923076922
"Rockledge Elementary",2021,"Prince Georges",71,345,20.5797101449275,-10.126582278481
"South Shore Elementary",2023,"Anne Arundel",71,287,24.7386759581882,5.97014925373134
"Stephen Decatur Middle",2026,"Worcester",71,635,11.1811023622047,-71.9367588932806
"Stoneleigh Elementary",2026,"Baltimore County",71,647,10.9737248840804,9.23076923076922
"Twin Ridge Elementary",2022,"Frederick",71,653,10.8728943338438,14.5161290322581
"Westchester Elementary",2023,"Baltimore County",71,659,10.7738998482549,22.4137931034483
"Westminster Elementary",2024,"Carroll",71,555,12.7927927927928,-8.97435897435898
"Westover Elementary",2020,"Montgomery",71,316,22.4683544303797,NA
"Westover Elementary",2022,"Montgomery",71,289,24.5674740484429,2.89855072463767
"Whitehall Elementary",2020,"Prince Georges",71,653,10.8728943338438,NA
"William B. Wade Elementary School",2020,"Charles",71,686,10.3498542274052,NA
"Wilson Wims Elementary School",2026,"Montgomery",71,474,14.9789029535865,5.97014925373134
"Academy Of Health Sciences At Pgcc",2020,"Prince Georges",70,563,12.4333925399645,NA
"Berlin Intermediate",2025,"Worcester",70,613,11.4192495921697,4.4776119402985
"Billingsley Elementary School",2022,"Charles",70,651,10.752688172043,7.69230769230769
"Buckingham Elementary",2020,"Worcester",70,560,12.5,NA
"Cape St. Claire Elementary",2020,"Anne Arundel",70,625,11.2,NA
"Cape St. Claire Elementary",2024,"Anne Arundel",70,653,10.7197549770291,-2.77777777777778
"Carroll Manor Elementary",2020,"Frederick",70,577,12.1317157712305,438.461538461539
"Catoctin High",2024,"Frederick",70,792,8.83838383838384,12.9032258064516
"Catonsville Middle",2023,"Baltimore County",70,805,8.69565217391304,7.69230769230769
"Chesapeake Bay Middle",2023,"Anne Arundel",70,1067,6.56044985941893,1.44927536231885
"Fullerton Elementary",2025,"Baltimore County",70,383,18.2767624020888,-4.1095890410959
"G. Lisby Elementary At Hillsdale",2026,"Harford",70,527,13.2827324478178,16.6666666666667
"George W. Carver Center For Arts & Technology",2024,"Baltimore County",70,1015,6.89655172413793,4.4776119402985
"George W. Carver Center For Arts & Technology",2025,"Baltimore County",70,1017,6.88298918387414,0
"Glenarden Woods Elementary",2021,"Prince Georges",70,455,15.3846153846154,-6.66666666666667
"Glenn Dale Elementary",2024,"Prince Georges",70,457,15.3172866520788,-26.3157894736842
"Greenwood Elementary",2021,"Montgomery",70,501,13.9720558882236,11.1111111111111
"Guilford Elementary",2021,"Howard",70,500,14,7.69230769230769
"Halls Cross Roads Elementary",2024,"Harford",70,443,15.8013544018059,37.2549019607843
"Hebbville Elementary",2021,"Baltimore County",70,479,14.6137787056367,-2.77777777777778
"High Bridge Elementary",2020,"Prince Georges",70,373,18.7667560321716,NA
"Jonathan Hager Elementary",2022,"Washington",70,421,16.6270783847981,25
"Jonathan Hager Elementary",2023,"Washington",70,469,14.9253731343284,0
"Largo High",2020,"Prince Georges",70,872,8.02752293577982,NA
"Maces Lane Middle School",2022,"Dorchester",70,551,12.7041742286751,11.1111111111111
"Magnolia Elementary",2024,"Prince Georges",70,397,17.632241813602,11.1111111111111
"Manchester Valley High",2020,"Carroll",70,1325,5.28301886792453,NA
"Marriotts Ridge High",2023,"Howard",70,1716,4.07925407925408,6.06060606060606
"Middletown High",2020,"Frederick",70,1129,6.20017714791851,NA
"Middletown Middle",2022,"Frederick",70,807,8.67410161090458,11.1111111111111
"Milton M. Somers Middle School",2023,"Charles",70,666,10.5105105105105,-36.9369369369369
"Milton M. Somers Middle School",2026,"Charles",70,695,10.0719424460432,-2.77777777777778
"Mount Airy Elementary",2020,"Carroll",70,460,15.2173913043478,NA
"North East Elementary",2026,"Cecil",70,446,15.695067264574,-6.66666666666667
"North Harford High",2026,"Harford",70,1189,5.88730025231287,14.7540983606557
"Northview Elementary",2022,"Prince Georges",70,572,12.2377622377622,42.8571428571429
"Patuxent Appeal Elementary Campus",2026,"Calvert",70,644,10.8695652173913,29.6296296296296
"Pointer Ridge Elementary",2025,"Prince Georges",70,416,16.8269230769231,18.6440677966102
"Randallstown High",2026,"Baltimore County",70,1111,6.3006300630063,16.6666666666667
"Rising Sun High",2023,"Cecil",70,1106,6.32911392405063,7.69230769230769
"River Hill High",2023,"Howard",70,1424,4.91573033707865,-22.2222222222222
"Severn Elementary",2023,"Anne Arundel",70,570,12.280701754386,32.0754716981132
"Somerset Elementary",2022,"Montgomery",70,434,16.1290322580645,1.44927536231885
"Sparrows Point High",2021,"Baltimore County",70,1097,6.38103919781221,34.6153846153846
"Thomas Johnson Elementary/Middle",2026,"Baltimore City",70,546,12.8205128205128,-5.40540540540541
"Thurmont Middle",2026,"Frederick",70,471,14.8619957537155,9.375
"Tulip Grove Elementary",2025,"Prince Georges",70,477,14.6750524109015,4.4776119402985
"Valley Elementary",2021,"Frederick",70,459,15.2505446623094,7.69230769230769
"Veterans Elementary",2021,"Howard",70,951,7.36067297581493,-6.66666666666667
"Wilde Lake Middle",2024,"Howard",70,618,11.3268608414239,1.44927536231885
"Williamsport Elementary",2026,"Washington",70,534,13.1086142322097,18.6440677966102
"Arbutus Middle",2023,"Baltimore County",69,970,7.11340206185567,6.15384615384615
"Bakerfield Elementary",2021,"Harford",69,383,18.0156657963446,-15.8536585365854
"Baltimore International Academy",2023,"Baltimore City",69,706,9.77337110481587,15
"Bel Air Elementary",2021,"Harford",69,522,13.2183908045977,NA
"Berlin Intermediate",2021,"Worcester",69,658,10.4863221884498,-5.47945205479452
"Campfield Early Childhood Center",2024,"Baltimore County",69,384,17.96875,43.75
"Candlewood Elementary",2021,"Montgomery",69,398,17.3366834170854,15
"Cashell Elementary",2021,"Montgomery",69,313,22.0447284345048,-12.6582278481013
"Cecil Manor Elementary",2025,"Cecil",69,416,16.5865384615385,-13.75
"Chase Elementary",2023,"Baltimore County",69,358,19.2737430167598,6.15384615384615
"Chesapeake Bay Middle",2022,"Anne Arundel",69,1081,6.38297872340426,15
"Clinton Grove Elementary",2020,"Prince Georges",69,264,26.1363636363636,NA
"Crofton Elementary",2025,"Anne Arundel",69,621,11.1111111111111,2.98507462686568
"Crofton Woods Elementary",2020,"Anne Arundel",69,763,9.043250327654,NA
"District Heights Elementary",2022,"Prince Georges",69,358,19.2737430167598,35.2941176470588
"Essex Elementary",2021,"Baltimore County",69,435,15.8620689655172,-8
"Frederick Douglass High",2021,"Prince Georges",69,1115,6.18834080717489,25.4545454545455
"Frederick Elementary",2026,"Baltimore City",69,308,22.4025974025974,38
"Gilpin Manor Elementary",2022,"Cecil",69,427,16.1592505854801,35.2941176470588
"Green Holly Elementary School",2024,"Saint Marys",69,500,13.8,30.188679245283
"Halstead Academy",2023,"Baltimore County",69,515,13.3980582524272,21.0526315789474
"Harford Technical High",2024,"Harford",69,983,7.01932858596134,-8
"Havre De Grace Elementary",2026,"Harford",69,599,11.5191986644407,2.98507462686568
"Lakewood Elementary",2024,"Montgomery",69,439,15.7175398633257,245
"Mount Airy Elementary",2022,"Carroll",69,435,15.8620689655172,21.0526315789474
"Mount Harmony Elementary",2024,"Calvert",69,644,10.7142857142857,16.9491525423729
"Oakwood Elementary",2021,"Anne Arundel",69,339,20.353982300885,-12.6582278481013
"Ocean City Elementary",2023,"Worcester",69,521,13.2437619961612,-10.3896103896104
"Park Hall Elementary",2026,"Saint Marys",69,527,13.0929791271347,23.2142857142857
"Parrs Ridge Elementary",2024,"Carroll",69,431,16.0092807424594,25.4545454545455
"Phyllis E. Williams Elementary",2024,"Prince Georges",69,349,19.7707736389685,11.2903225806452
"Pine Grove Middle",2023,"Baltimore County",69,916,7.53275109170306,25.4545454545455
"Roland Park Elementary/Middle",2020,"Baltimore City",69,1453,4.74879559532003,NA
"Rossville Elementary",2025,"Baltimore County",69,726,9.50413223140496,21.0526315789474
"Shiloh Middle",2026,"Carroll",69,636,10.8490566037736,15
"Smithsburg Middle",2026,"Washington",69,545,12.6605504587156,13.1147540983606
"Snowden Farm Elementary",2024,"Montgomery",69,614,11.2377850162866,2.98507462686568
"Snowden Farm Elementary",2025,"Montgomery",69,578,11.9377162629758,0
"Snowden Farm Elementary",2026,"Montgomery",69,538,12.8252788104089,0
"Somerset Elementary",2021,"Montgomery",69,500,13.8,-11.5384615384615
"South Shore Elementary",2026,"Anne Arundel",69,255,27.0588235294118,-6.75675675675675
"Sparrows Point High",2023,"Baltimore County",69,1146,6.02094240837696,-6.75675675675675
"Stevensville Middle School",2026,"Queen Annes",69,452,15.2654867256637,16.9491525423729
"Thomas G. Pullen School",2021,"Prince Georges",69,743,9.28667563930014,4.54545454545454
"Thomson Estates Elementary",2021,"Cecil",69,453,15.2317880794702,-21.5909090909091
"Westminster High",2020,"Carroll",69,1522,4.5335085413929,NA
"Westover Elementary",2021,"Montgomery",69,281,24.5551601423488,-2.8169014084507
"Wilde Lake Middle",2023,"Howard",69,611,11.2929623567921,-10.3896103896104
"William B. Wade Elementary School",2022,"Charles",69,603,11.4427860696517,38
"Windy Hill Elementary",2023,"Calvert",69,628,10.9872611464968,30.188679245283
"Windy Hill Elementary",2025,"Calvert",69,598,11.5384615384615,-10.3896103896104
"Woodlawn Middle",2023,"Baltimore County",69,633,10.9004739336493,6.15384615384615
"Anne Arundel Evening High",2022,"Anne Arundel",68,218,31.1926605504587,25.9259259259259
"Bay View Elementary",2025,"Cecil",68,506,13.4387351778656,23.6363636363636
"Bel Air Elementary",2020,"Harford",68,531,12.8060263653484,NA
"Berlin Intermediate",2023,"Worcester",68,640,10.625,-15
"C. Milton Wright High",2020,"Harford",68,1363,4.98899486426999,NA
"C. Milton Wright High",2021,"Harford",68,1330,5.11278195488722,0
"Calvert Middle",2026,"Calvert",68,627,10.8452950558214,17.2413793103448
"Cambridge-South Dorchester High School",2022,"Dorchester",68,795,8.55345911949686,1.49253731343284
"Candlewood Elementary",2022,"Montgomery",68,366,18.5792349726776,-1.44927536231884
"Cape St. Claire Elementary",2021,"Anne Arundel",68,566,12.0141342756184,-2.85714285714286
"Carter G Woodson Elementary",2026,"Somerset",68,505,13.4653465346535,11.4754098360656
"Catonsville Middle",2021,"Baltimore County",68,821,8.28258221680877,11.4754098360656
"Chadwick Elementary",2025,"Baltimore County",68,603,11.2769485903814,-17.0731707317073
"Church Creek Elementary",2025,"Harford",68,732,9.2896174863388,23.6363636363636
"Crofton Woods Elementary",2023,"Anne Arundel",68,734,9.26430517711172,9.6774193548387
"Delmar Elementary",2021,"Wicomico",68,843,8.06642941874259,-9.33333333333334
"Denton Elementary School",2026,"Caroline",68,614,11.0749185667752,17.2413793103448
"Eastern Technical High School",2026,"Baltimore County",68,1319,5.15542077331312,6.25
"Eva Turner Elementary School",2023,"Charles",68,463,14.6868250539957,-5.55555555555556
"Frederick Douglass High",2020,"Prince Georges",68,1033,6.58276863504356,74.3589743589744
"George W. Carver Center For Arts & Technology",2026,"Baltimore County",68,1012,6.71936758893281,-2.85714285714286
"Glade Elementary",2023,"Frederick",68,572,11.8881118881119,11.4754098360656
"Hammond Middle School",2022,"Howard",68,583,11.663807890223,-5.55555555555556
"Havre De Grace Elementary",2022,"Harford",68,602,11.2956810631229,11.4754098360656
"Havre De Grace High",2026,"Harford",68,809,8.40543881334981,-16.0493827160494
"Linthicum Elementary",2024,"Anne Arundel",68,445,15.2808988764045,25.9259259259259
"Loch Raven Technical Academy",2024,"Baltimore County",68,778,8.74035989717224,7.93650793650793
"Longfields Elementary",2026,"Prince Georges",68,238,28.5714285714286,-19.047619047619
"Manor View Elementary",2026,"Anne Arundel",68,361,18.8365650969529,-18.0722891566265
"Maple Elementary School",2020,"Dorchester",68,478,14.2259414225941,NA
"Milford Mill Academy",2020,"Baltimore County",68,1251,5.43565147881695,NA
"Monarch Academy",2021,"Anne Arundel",68,681,9.98531571218796,9.6774193548387
"Monarch Academy",2024,"Anne Arundel",68,685,9.92700729927007,6.25
"North Salisbury Elementary",2021,"Wicomico",68,471,14.4373673036093,25.9259259259259
"Overlook Elementary",2026,"Anne Arundel",68,243,27.9835390946502,88.8888888888889
"Patuxent High",2021,"Calvert",68,1085,6.26728110599078,4.61538461538462
"Pinehurst Elementary",2024,"Wicomico",68,542,12.5461254612546,3.03030303030303
"Riverside Elementary",2023,"Harford",68,440,15.4545454545455,36
"Sligo Creek Elementary",2021,"Montgomery",68,658,10.3343465045593,-5.55555555555556
"Sligo Creek Elementary",2023,"Montgomery",68,649,10.4776579352851,6.25
"South Carroll High",2020,"Carroll",68,1011,6.72601384767557,NA
"South Shore Elementary",2024,"Anne Arundel",68,281,24.1992882562278,-4.22535211267606
"Stephen Decatur Middle",2020,"Worcester",68,686,9.91253644314869,-58.0246913580247
"Stoneleigh Elementary",2023,"Baltimore County",68,664,10.2409638554217,6.25
"Western High",2021,"Baltimore City",68,1236,5.50161812297735,41.6666666666667
"Westover Elementary",2023,"Montgomery",68,289,23.5294117647059,-4.22535211267606
"Whitehall Elementary",2023,"Prince Georges",68,566,12.0141342756184,-11.6883116883117
"Woodbridge Elementary",2020,"Baltimore County",68,448,15.1785714285714,NA
"Barstow Elementary",2023,"Calvert",67,687,9.75254730713246,15.5172413793103
"Berlin Intermediate",2024,"Worcester",67,600,11.1666666666667,-1.47058823529411
"Brandywine Elementary",2021,"Prince Georges",67,434,15.4377880184332,26.4150943396226
"Cambridge-South Dorchester High School",2021,"Dorchester",67,782,8.56777493606138,8.06451612903225
"Cape St. Claire Elementary",2022,"Anne Arundel",67,594,11.2794612794613,-1.47058823529411
"Carter G Woodson Elementary",2023,"Somerset",67,508,13.1889763779528,9.8360655737705
"Cecil Manor Elementary",2023,"Cecil",67,424,15.8018867924528,8.06451612903225
"Centerville Elementary",2021,"Frederick",67,439,15.2619589977221,-51.7985611510791
"Centerville Elementary",2022,"Frederick",67,447,14.9888143176734,0
"Clemens Crossing Elementary",2026,"Howard",67,488,13.7295081967213,17.5438596491228
"Crofton Elementary",2024,"Anne Arundel",67,662,10.1208459214502,-6.94444444444444
"Eastern Technical High School",2024,"Baltimore County",67,1276,5.25078369905956,15.5172413793103
"Ernest Everett Just Middle",2021,"Prince Georges",67,802,8.35411471321696,11.6666666666667
"Four Seasons Elementary",2025,"Anne Arundel",67,667,10.0449775112444,4.6875
"Fruitland Primary",2025,"Wicomico",67,445,15.0561797752809,1.51515151515151
"General Smallwood Middle School",2024,"Charles",67,501,13.373253493014,4.6875
"George W. Carver Center For Arts & Technology",2023,"Baltimore County",67,984,6.80894308943089,3.07692307692307
"Glen Avenue School",2026,"Wicomico",67,463,14.4708423326134,52.2727272727273
"Hammond Elementary",2024,"Howard",67,739,9.06630581867388,9.8360655737705
"Havre De Grace Elementary",2025,"Harford",67,593,11.2984822934233,8.06451612903225
"Hebbville Elementary",2022,"Baltimore County",67,472,14.1949152542373,-4.28571428571428
"High Bridge Elementary",2021,"Prince Georges",67,351,19.0883190883191,-4.28571428571428
"Largo High",2021,"Prince Georges",67,909,7.37073707370737,-4.28571428571428
"Loch Raven High",2024,"Baltimore County",67,855,7.83625730994152,4.6875
"Mars Estates Elementary",2024,"Baltimore County",67,350,19.1428571428571,6.34920634920635
"Mary H. Matula Elementary School",2025,"Charles",67,610,10.983606557377,24.0740740740741
"New Market Elementary",2024,"Frederick",67,572,11.7132867132867,13.5593220338983
"North Dorchester High School",2026,"Dorchester",67,523,12.810707456979,11.6666666666667
"North East Elementary",2023,"Cecil",67,592,11.3175675675676,13.5593220338983
"Parkside High",2021,"Wicomico",67,1113,6.01976639712489,28.8461538461539
"Patapsco Middle",2025,"Howard",67,670,10,1.51515151515151
"Patterson Mill Middle School",2021,"Harford",67,742,9.02964959568733,13.5593220338983
"Shiloh Middle",2024,"Carroll",67,631,10.6180665610143,28.8461538461539
"Snowden Farm Elementary",2020,"Montgomery",67,644,10.4037267080745,NA
"Snowden Farm Elementary",2023,"Montgomery",67,668,10.0299401197605,-11.8421052631579
"South Shore Elementary",2022,"Anne Arundel",67,300,22.3333333333333,28.8461538461539
"Swansfield Elementary",2024,"Howard",67,602,11.1295681063123,15.5172413793103
"Tulip Grove Elementary",2024,"Prince Georges",67,457,14.6608315098468,21.8181818181818
"Twin Ridge Elementary",2025,"Frederick",67,703,9.53058321479374,6.34920634920635
"Twin Ridge Elementary",2026,"Frederick",67,705,9.50354609929078,0
"West Salisbury",2023,"Wicomico",67,361,18.5595567867036,1.51515151515151
"Wilson Wims Elementary School",2024,"Montgomery",67,521,12.8598848368522,-17.2839506172839
"Wilson Wims Elementary School",2025,"Montgomery",67,484,13.8429752066116,0
"Academy Of Health Sciences At Pgcc",2022,"Prince Georges",66,498,13.2530120481928,15.7894736842105
"Atholton Elementary",2024,"Howard",66,520,12.6923076923077,1.53846153846153
"Atholton Elementary",2026,"Howard",66,495,13.3333333333333,3.125
"Baltimore International Academy",2024,"Baltimore City",66,696,9.48275862068965,-4.34782608695652
"Bohemia Manor Middle",2026,"Cecil",66,472,13.9830508474576,11.864406779661
"Broadneck Elementary",2021,"Anne Arundel",66,749,8.81174899866489,-7.04225352112676
"Brooke Grove Elementary",2021,"Montgomery",66,450,14.6666666666667,1.53846153846153
"Calvert Middle",2023,"Calvert",66,652,10.1226993865031,4.76190476190477
"Calvin M. Rodwell Elementary/Middle",2022,"Baltimore City",66,855,7.71929824561404,43.4782608695652
"Carter G Woodson Elementary",2024,"Somerset",66,516,12.7906976744186,-1.49253731343284
"Chopticon High",2020,"Saint Marys",66,1669,3.95446375074895,NA
"Chopticon High",2023,"Saint Marys",66,1682,3.92390011890606,-10.8108108108108
"Clarksville Elementary",2026,"Howard",66,549,12.0218579234973,34.6938775510204
"Crofton Elementary",2026,"Anne Arundel",66,620,10.6451612903226,-4.34782608695652
"Crofton Meadows Elementary",2025,"Anne Arundel",66,544,12.1323529411765,11.864406779661
"Dr. James Craik Elementary School",2024,"Charles",66,488,13.5245901639344,4.76190476190477
"Elkridge Landing Middle",2026,"Howard",66,710,9.29577464788732,-13.1578947368421
"Fruitland Primary",2024,"Wicomico",66,436,15.1376146788991,15.7894736842105
"Fullerton Elementary",2022,"Baltimore County",66,560,11.7857142857143,13.7931034482759
"Grange Elementary",2022,"Baltimore County",66,454,14.5374449339207,22.2222222222222
"Green Valley Elementary",2021,"Frederick",66,545,12.1100917431193,-16.4556962025316
"Greenwood Elementary",2026,"Montgomery",66,525,12.5714285714286,1.53846153846153
"Hammond Middle",2026,"Howard",66,652,10.1226993865031,10
"Hawthorne Elementary",2023,"Baltimore County",66,491,13.4419551934827,32
"Kent County High",2026,"Kent",66,512,12.890625,3.125
"Kent Island Elementary School",2025,"Queen Annes",66,452,14.6017699115044,13.7931034482759
"Kent Island Elementary School",2026,"Queen Annes",66,442,14.9321266968326,0
"Loch Raven High",2021,"Baltimore County",66,836,7.89473684210526,3.125
"Longfields Elementary",2021,"Prince Georges",66,305,21.6393442622951,11.864406779661
"Maces Lane Middle School",2023,"Dorchester",66,481,13.7214137214137,-5.71428571428572
"Malcolm Elementary School",2023,"Charles",66,412,16.0194174757282,3.125
"Manor View Elementary",2022,"Anne Arundel",66,257,25.6809338521401,29.4117647058824
"Marriotts Ridge High",2022,"Howard",66,1662,3.97111913357401,13.7931034482759
"Martin Boulevard Elementary",2023,"Baltimore County",66,247,26.7206477732794,1.53846153846153
"Monarch Academy",2022,"Anne Arundel",66,679,9.72017673048601,-2.94117647058824
"Monarch Academy",2026,"Anne Arundel",66,678,9.73451327433628,-10.8108108108108
"Mount Airy Elementary",2023,"Carroll",66,479,13.7787056367432,-4.34782608695652
"New Market Middle",2022,"Frederick",66,661,9.98487140695915,32
"Oakleigh Elementary",2021,"Baltimore County",66,493,13.3874239350913,-7.04225352112676
"Overlook Elementary",2025,"Anne Arundel",66,249,26.5060240963855,78.3783783783784
"Paramount Elementary",2024,"Washington",66,416,15.8653846153846,1.53846153846153
"Patapsco Middle",2023,"Howard",66,661,9.98487140695915,-7.04225352112676
"Patapsco Middle",2024,"Howard",66,638,10.3448275862069,0
"Patuxent Appeal Elementary Campus",2023,"Calvert",66,712,9.26966292134832,24.5283018867924
"Paul Laurence Dunbar High",2021,"Baltimore City",66,928,7.11206896551724,26.9230769230769
"Pinehurst Elementary",2022,"Wicomico",66,479,13.7787056367432,10
"Pinehurst Elementary",2023,"Wicomico",66,486,13.5802469135802,0
"Potomac Heights Elementary",2024,"Washington",66,336,19.6428571428571,-12
"Reginald F. Lewis High",2025,"Baltimore City",66,481,13.7214137214137,32
"Riverside Elementary",2024,"Harford",66,465,14.1935483870968,-2.94117647058824
"Rossville Elementary",2026,"Baltimore County",66,741,8.90688259109312,-4.34782608695652
"Sandalwood Elementary",2023,"Baltimore County",66,450,14.6666666666667,-12
"Sparrows Point High",2024,"Baltimore County",66,1136,5.80985915492958,-4.34782608695652
"Sunset Elementary",2025,"Anne Arundel",66,520,12.6923076923077,53.4883720930233
"Thomas G. Pullen School",2020,"Prince Georges",66,735,8.97959183673469,NA
"Twin Ridge Elementary",2023,"Frederick",66,678,9.73451327433628,-7.04225352112676
"West Salisbury",2022,"Wicomico",66,317,20.820189274448,32
"Arbutus Middle",2022,"Baltimore County",65,1001,6.49350649350649,41.304347826087
"Atholton Elementary",2023,"Howard",65,489,13.2924335378323,22.6415094339623
"Bellows Spring Elementary",2021,"Howard",65,676,9.61538461538462,-27.7777777777778
"Billingsley Elementary School",2021,"Charles",65,688,9.44767441860465,6.55737704918034
"Brooke Grove Elementary",2020,"Montgomery",65,464,14.0086206896552,NA
"Catonsville Middle",2022,"Baltimore County",65,740,8.78378378378378,-4.41176470588235
"Centreville Elementary School",2025,"Queen Annes",65,535,12.1495327102804,1.5625
"Chase Elementary",2022,"Baltimore County",65,364,17.8571428571429,20.3703703703704
"Clemens Crossing Elementary",2023,"Howard",65,543,11.9705340699816,8.33333333333333
"Clemens Crossing Elementary",2024,"Howard",65,506,12.8458498023715,0
"Clinton Grove Elementary",2022,"Prince Georges",65,241,26.9709543568465,35.4166666666667
"Cora L. Rice Elementary",2024,"Prince Georges",65,543,11.9705340699816,47.7272727272727
"Crofton Meadows Elementary",2026,"Anne Arundel",65,523,12.4282982791587,-1.51515151515151
"Crofton Woods Elementary",2021,"Anne Arundel",65,715,9.09090909090909,-5.79710144927537
"Fallsmead Elementary",2023,"Montgomery",65,543,11.9705340699816,16.0714285714286
"Fallsmead Elementary",2024,"Montgomery",65,515,12.621359223301,0
"Four Seasons Elementary",2023,"Anne Arundel",65,671,9.68703427719821,16.0714285714286
"Fruitland Intermediate",2026,"Wicomico",65,400,16.25,44.4444444444444
"George W. Carver Center For Arts & Technology",2022,"Baltimore County",65,1003,6.48055832502493,3.17460317460319
"Greenwood Elementary",2025,"Montgomery",65,534,12.1722846441948,-13.3333333333333
"Guilford Elementary",2020,"Howard",65,475,13.6842105263158,NA
"Havre De Grace High",2023,"Harford",65,818,7.94621026894866,-9.72222222222222
"Hereford High",2024,"Baltimore County",65,1200,5.41666666666667,8.33333333333333
"Holly Hall Elementary",2022,"Cecil",65,410,15.8536585365854,10.1694915254237
"Liberty High",2026,"Carroll",65,1002,6.48702594810379,10.1694915254237
"Loch Raven High",2022,"Baltimore County",65,862,7.54060324825986,-1.51515151515151
"Loch Raven Technical Academy",2020,"Baltimore County",65,823,7.89793438639125,NA
"Magothy River Middle",2020,"Anne Arundel",65,723,8.99031811894882,NA
"Manor View Elementary",2020,"Anne Arundel",65,301,21.5946843853821,NA
"Martin Boulevard Elementary",2022,"Baltimore County",65,260,25,8.33333333333333
"Mount Harmony Elementary",2022,"Calvert",65,608,10.6907894736842,16.0714285714286
"North East Elementary",2024,"Cecil",65,592,10.9797297297297,-2.98507462686567
"Paramount Elementary",2023,"Washington",65,406,16.0098522167488,8.33333333333333
"Pasadena Elementary",2025,"Anne Arundel",65,450,14.4444444444444,44.4444444444444
"Patapsco Middle",2026,"Howard",65,689,9.43396226415094,-2.98507462686567
"Patuxent High",2020,"Calvert",65,1063,6.11476952022578,NA
"Poolesville Elementary",2020,"Montgomery",65,489,13.2924335378323,NA
"Reginald F. Lewis High",2026,"Baltimore City",65,414,15.7004830917874,-1.51515151515151
"Rising Sun High",2022,"Cecil",65,1087,5.97976080956762,12.0689655172414
"Running Brook Elementary",2026,"Howard",65,419,15.5131264916468,8.33333333333333
"Severn Elementary",2020,"Anne Arundel",65,553,11.754068716094,NA
"Severn Elementary",2024,"Anne Arundel",65,506,12.8458498023715,-7.14285714285714
"Spring Ridge Elementary",2021,"Frederick",65,437,14.8741418764302,18.1818181818182
"Stoneleigh Elementary",2025,"Baltimore County",65,645,10.077519379845,-22.6190476190476
"Valley Elementary",2020,"Frederick",65,508,12.7952755905512,NA
"West Salisbury",2020,"Wicomico",65,350,18.5714285714286,NA
"Westminster Elementary",2020,"Carroll",65,538,12.0817843866171,NA
"Woodlawn Middle",2022,"Baltimore County",65,673,9.65824665676077,32.6530612244898
"Yellow Springs Elementary",2021,"Frederick",65,498,13.0522088353414,58.5365853658537
"Anne Arundel Evening High",2023,"Anne Arundel",64,242,26.4462809917355,-5.88235294117647
"Atholton Elementary",2025,"Howard",64,516,12.4031007751938,-3.03030303030303
"Bakerfield Elementary",2024,"Harford",64,452,14.1592920353982,1.58730158730158
"Barclay Elementary/Middle",2020,"Baltimore City",64,477,13.4171907756813,NA
"Barclay Elementary/Middle",2021,"Baltimore City",64,425,15.0588235294118,0
"Bohemia Manor High",2024,"Cecil",64,606,10.5610561056106,16.3636363636364
"Burleigh Manor Middle",2026,"Howard",64,777,8.23680823680824,1.58730158730158
"Cabin Branch Elementary",2024,"Montgomery",64,498,12.85140562249,NA
"Campfield Early Childhood Center",2020,"Baltimore County",64,410,15.609756097561,NA
"Central Elementary",2026,"Anne Arundel",64,570,11.2280701754386,-11.1111111111111
"Centreville Elementary School",2024,"Queen Annes",64,569,11.2478031634446,10.3448275862069
"Clarksburg Elementary",2025,"Montgomery",64,365,17.5342465753425,-15.7894736842105
"Crofton Elementary",2022,"Anne Arundel",64,648,9.87654320987654,16.3636363636364
"Deep Creek Elementary",2026,"Baltimore County",64,372,17.2043010752688,3.2258064516129
"Eastern Technical High School",2025,"Baltimore County",64,1330,4.81203007518797,-4.47761194029851
"Four Seasons Elementary",2024,"Anne Arundel",64,656,9.75609756097561,-1.53846153846153
"Galena Elementary School",2022,"Kent",64,295,21.6949152542373,4.91803278688525
"General Smallwood Middle School",2023,"Charles",64,543,11.7863720073665,68.4210526315789
"Hammond Middle School",2020,"Howard",64,602,10.6312292358804,NA
"Indian Head Elementary School",2026,"Charles",64,452,14.1592920353982,-11.1111111111111
"John Poole Middle",2024,"Montgomery",64,432,14.8148148148148,NA
"Kent County High",2025,"Kent",64,511,12.5244618395303,3.2258064516129
"Leonardtown Middle",2026,"Saint Marys",64,984,6.50406504065041,12.280701754386
"Lexington Park Elementary",2023,"Saint Marys",64,398,16.0804020100502,4.91803278688525
"Loch Raven High",2020,"Baltimore County",64,874,7.32265446224256,NA
"Loch Raven High",2023,"Baltimore County",64,891,7.18294051627385,-1.53846153846153
"Malcolm Elementary School",2022,"Charles",64,416,15.3846153846154,14.2857142857143
"Meadowvale Elementary",2024,"Harford",64,544,11.7647058823529,8.47457627118644
"Meadowvale Elementary",2026,"Harford",64,540,11.8518518518519,6.66666666666667
"Monarch Academy",2023,"Anne Arundel",64,681,9.39794419970631,-3.03030303030303
"Mount Airy Middle",2020,"Carroll",64,714,8.96358543417367,NA
"Nantucket Elementary",2021,"Anne Arundel",64,705,9.07801418439716,12.280701754386
"Northern Middle",2025,"Calvert",64,745,8.59060402684564,-57.6158940397351
"Piccowaxen Middle School",2023,"Charles",64,616,10.3896103896104,93.9393939393939
"Reginald F. Lewis High",2023,"Baltimore City",64,577,11.0918544194107,-21.9512195121951
"Ridgely Middle",2020,"Baltimore County",64,1113,5.75022461814915,NA
"Sligo Creek Elementary",2022,"Montgomery",64,646,9.90712074303406,-5.88235294117647
"St Leonard Elementary",2020,"Calvert",64,521,12.2840690978887,NA
"Stoneleigh Elementary",2022,"Baltimore County",64,637,10.0470957613815,8.47457627118644
"Thurmont Middle",2025,"Frederick",64,507,12.6232741617357,20.7547169811321
"Violetville Elementary/Middle",2023,"Baltimore City",64,351,18.2336182336182,25.4901960784314
"Violetville Elementary/Middle",2025,"Baltimore City",64,302,21.1920529801325,3.2258064516129
"Walter J. Mitchell Elementary School",2026,"Charles",64,590,10.8474576271186,-18.9873417721519
"Washington Academy And High School",2025,"Somerset",64,619,10.3392568659128,12.280701754386
"West Meade Early Education Center",2020,"Anne Arundel",64,256,25,NA
"Windy Hill Middle",2025,"Calvert",64,669,9.56651718983558,6.66666666666667
"Abbottston Elementary",2026,"Baltimore City",63,362,17.4033149171271,34.0425531914894
"Academy Of Health Sciences At Pgcc",2024,"Prince Georges",63,407,15.4791154791155,6.77966101694916
"Bakerfield Elementary",2023,"Harford",63,463,13.6069114470842,-18.1818181818182
"Bedford Elementary",2024,"Baltimore County",63,315,20,6.77966101694916
"Bel Air Elementary",2022,"Harford",63,530,11.8867924528302,NA
"Bells Mill Elementary",2024,"Montgomery",63,591,10.6598984771574,6.77966101694916
"Billingsley Elementary School",2026,"Charles",63,629,10.0158982511924,-30.7692307692308
"Burleigh Manor Middle",2025,"Howard",63,777,8.10810810810811,26
"Calvert Middle",2022,"Calvert",63,656,9.60365853658537,18.8679245283019
"Cranberry Station Elementary",2022,"Carroll",63,562,11.2099644128114,6.77966101694916
"Crofton Meadows Elementary",2023,"Anne Arundel",63,574,10.9756097560976,3.27868852459017
"Dr. James Craik Elementary School",2023,"Charles",63,514,12.2568093385214,14.5454545454546
"Eastern Technical High School",2022,"Baltimore County",63,1215,5.18518518518519,12.5
"Four Seasons Elementary",2020,"Anne Arundel",63,684,9.21052631578947,NA
"Francis Scott Key High",2026,"Carroll",63,869,7.24971231300345,1.61290322580645
"Friendship Valley Elementary",2025,"Carroll",63,518,12.1621621621622,36.9565217391304
"Friendship Valley Elementary",2026,"Carroll",63,504,12.5,0
"Galena Elementary School",2025,"Kent",63,309,20.3883495145631,1.61290322580645
"Galena Elementary School",2026,"Kent",63,311,20.2572347266881,0
"George W. Carver Center For Arts & Technology",2021,"Baltimore County",63,997,6.31895687061184,8.62068965517242
"Glenarden Woods Elementary",2023,"Prince Georges",63,448,14.0625,12.5
"Greenwood Elementary",2020,"Montgomery",63,521,12.0921305182342,NA
"Hamilton Elementary/Middle",2023,"Baltimore City",63,815,7.73006134969325,12.5
"Hammond Elementary",2021,"Howard",63,620,10.1612903225806,-17.1052631578947
"Harford Hills Elementary",2026,"Baltimore County",63,331,19.0332326283988,5
"Harford Technical High",2025,"Harford",63,954,6.60377358490566,-8.69565217391305
"Hazelwood Elementary/Middle",2026,"Baltimore City",63,553,11.3924050632911,16.6666666666667
"Herbert Hoover Middle",2023,"Montgomery",63,925,6.81081081081081,-11.2676056338028
"Kenilworth Elementary",2020,"Prince Georges",63,387,16.2790697674419,NA
"Loch Raven Technical Academy",2021,"Baltimore County",63,817,7.71113831089351,-3.07692307692308
"Loch Raven Technical Academy",2023,"Baltimore County",63,781,8.06658130601793,5
"Maces Lane Middle School",2021,"Dorchester",63,603,10.4477611940298,14.5454545454546
"Magnolia Elementary",2024,"Harford",63,527,11.9544592030361,-22.2222222222222
"Mars Estates Elementary",2023,"Baltimore County",63,316,19.9367088607595,18.8679245283019
"Middletown Middle",2021,"Frederick",63,794,7.93450881612091,14.5454545454546
"Milton M. Somers Middle School",2024,"Charles",63,659,9.55993930197269,-10
"Nantucket Elementary",2022,"Anne Arundel",63,665,9.47368421052632,-1.5625
"Oak Hill Elementary",2025,"Anne Arundel",63,628,10.031847133758,26
"Overlook Elementary",2023,"Anne Arundel",63,351,17.9487179487179,65.7894736842105
"Overlook Elementary",2024,"Anne Arundel",63,331,19.0332326283988,46.5116279069767
"Paramount Elementary",2026,"Washington",63,402,15.6716417910448,1.61290322580645
"Parrs Ridge Elementary",2020,"Carroll",63,459,13.7254901960784,NA
"Piney Orchard Elementary",2020,"Anne Arundel",63,643,9.79782270606532,NA
"Stone Mill Elementary",2025,"Montgomery",63,516,12.2093023255814,14.5454545454546
"T. C. Martin Elementary School",2025,"Charles",63,538,11.7100371747212,10.5263157894737
"Tench Tilghman Elementary/Middle",2023,"Baltimore City",63,359,17.5487465181058,14.5454545454546
"Twin Ridge Elementary",2024,"Frederick",63,689,9.14368650217707,-4.54545454545454
"Walter J. Mitchell Elementary School",2020,"Charles",63,626,10.0638977635783,NA
"Westowne Elementary",2022,"Baltimore County",63,656,9.60365853658537,26
"Woodmoor Elementary",2023,"Baltimore County",63,554,11.3718411552347,31.25
"Battle Grove Elementary",2022,"Baltimore County",62,328,18.9024390243902,6.89655172413792
"Bear Creek Elementary",2021,"Baltimore County",62,457,13.5667396061269,10.7142857142857
"Bel Air Elementary",2026,"Harford",62,535,11.588785046729,NA
"Bells Mill Elementary",2022,"Montgomery",62,579,10.7081174438687,10.7142857142857
"Bushy Park Elementary",2026,"Howard",62,632,9.81012658227848,8.77192982456141
"Cambridge-South Dorchester High School",2020,"Dorchester",62,745,8.32214765100671,NA
"Capitol Heights Elementary",2024,"Prince Georges",62,301,20.5980066445183,6.89655172413792
"Carter G Woodson Elementary",2021,"Somerset",62,499,12.4248496993988,8.77192982456141
"Catoctin High",2023,"Frederick",62,784,7.90816326530612,14.8148148148148
"Cecil Manor Elementary",2022,"Cecil",62,396,15.6565656565657,6.89655172413792
"Cedar Grove Elementary",2026,"Montgomery",62,314,19.7452229299363,10.7142857142857
"Centerville Elementary",2023,"Frederick",62,445,13.9325842696629,-7.46268656716418
"Central Elementary",2021,"Anne Arundel",62,565,10.9734513274336,12.7272727272727
"Chevy Chase Elementary",2026,"Montgomery",62,465,13.3333333333333,6.89655172413792
"Choptank Elementary School",2020,"Dorchester",62,357,17.3669467787115,NA
"Crofton Woods Elementary",2022,"Anne Arundel",62,742,8.35579514824798,-4.61538461538461
"Deep Creek Elementary",2025,"Baltimore County",62,385,16.1038961038961,14.8148148148148
"District Heights Elementary",2020,"Prince Georges",62,403,15.3846153846154,NA
"Elkridge Landing Middle",2020,"Howard",62,764,8.1151832460733,NA
"Francis Scott Key High",2025,"Carroll",62,906,6.84326710816777,8.77192982456141
"Frederick Douglass High",2023,"Baltimore City",62,663,9.35143288084465,-37.3737373737374
"Fullerton Elementary",2026,"Baltimore County",62,383,16.1879895561358,-11.4285714285714
"Galena Elementary School",2024,"Kent",62,291,21.3058419243986,3.33333333333334
"Glenmount Elementary/Middle",2025,"Baltimore City",62,628,9.87261146496815,12.7272727272727
"Hammond Elementary",2022,"Howard",62,622,9.96784565916399,-1.58730158730159
"Havre De Grace Elementary",2023,"Harford",62,566,10.9540636042403,-8.82352941176471
"Havre De Grace Elementary",2024,"Harford",62,603,10.2819237147595,0
"Indian Head Elementary School",2024,"Charles",62,454,13.6563876651982,3.33333333333334
"John Poole Middle",2026,"Montgomery",62,440,14.0909090909091,-19.4805194805195
"Kent County High",2023,"Kent",62,531,11.6760828625235,5.08474576271187
"Kent County High",2024,"Kent",62,522,11.8773946360153,0
"Mary B. Neal Elementary School",2025,"Charles",62,626,9.90415335463259,21.5686274509804
"Meade Heights Elementary",2020,"Anne Arundel",62,429,14.4522144522145,NA
"Middletown Primary",2025,"Frederick",62,463,13.3909287257019,16.9811320754717
"Middletown Primary",2026,"Frederick",62,444,13.963963963964,0
"Monarch Academy",2020,"Anne Arundel",62,679,9.13107511045655,NA
"Monocacy Valley Montessori",2026,"Frederick",62,385,16.1038961038961,1.63934426229508
"Mount Airy Elementary",2024,"Carroll",62,457,13.5667396061269,-6.06060606060606
"North East Middle",2024,"Cecil",62,754,8.22281167108753,3.33333333333334
"Paramount Elementary",2025,"Washington",62,397,15.6171284634761,-6.06060606060606
"Patterson Mill High School",2022,"Harford",62,802,7.73067331670823,6.89655172413792
"Phyllis E. Williams Elementary",2023,"Prince Georges",62,354,17.5141242937853,34.7826086956522
"Pine Grove Middle",2025,"Baltimore County",62,804,7.71144278606965,10.7142857142857
"Salisbury Middle",2020,"Wicomico",62,820,7.5609756097561,NA
"Sandalwood Elementary",2024,"Baltimore County",62,460,13.4782608695652,-6.06060606060606
"Southampton Middle",2020,"Harford",62,1261,4.9167327517843,NA
"Sunset Elementary",2026,"Anne Arundel",62,503,12.3260437375746,-6.06060606060606
"Twin Ridge Elementary",2021,"Frederick",62,577,10.7452339688042,34.7826086956522
"Vincent Farm Elementary",2022,"Baltimore County",62,753,8.23373173970784,24
"Violetville Elementary/Middle",2020,"Baltimore City",62,386,16.0621761658031,NA
"Violetville Elementary/Middle",2024,"Baltimore City",62,323,19.1950464396285,-3.125
"Aacps Virtual Academy",2023,"Anne Arundel",61,478,12.7615062761506,-15.2777777777778
"Billingsley Elementary School",2020,"Charles",61,725,8.41379310344828,NA
"Campfield Early Childhood Center",2022,"Baltimore County",61,377,16.1803713527851,69.4444444444444
"Carter G Woodson Elementary",2022,"Somerset",61,492,12.3983739837398,-1.61290322580645
"Carter G Woodson Elementary",2025,"Somerset",61,512,11.9140625,-7.57575757575758
"Catonsville Elementary",2024,"Baltimore County",61,630,9.68253968253968,35.5555555555556
"Catonsville Middle",2020,"Baltimore County",61,850,7.17647058823529,NA
"Cecil Manor Elementary",2020,"Cecil",61,408,14.9509803921569,NA
"Centerville Elementary",2024,"Frederick",61,468,13.034188034188,-1.61290322580645
"Century High",2024,"Carroll",61,1083,5.63250230840259,-21.7948717948718
"Chesapeake Bay Middle",2020,"Anne Arundel",61,1056,5.77651515151515,NA
"Church Creek Elementary",2026,"Harford",61,703,8.67709815078236,-10.2941176470588
"Crofton Meadows Elementary",2022,"Anne Arundel",61,532,11.4661654135338,24.4897959183674
"Doswell E. Brooks Elementary",2020,"Prince Georges",61,247,24.6963562753036,NA
"Edmondson Heights Elementary",2020,"Baltimore County",61,524,11.6412213740458,NA
"Edmondson-Westside High",2024,"Baltimore City",61,858,7.10955710955711,32.6086956521739
"Elkridge Landing Middle",2023,"Howard",61,680,8.97058823529412,29.7872340425532
"Elmwood Elementary",2020,"Baltimore County",61,571,10.6830122591944,NA
"Fallston Middle School",2023,"Harford",61,1007,6.05759682224429,56.4102564102564
"G. Lisby Elementary At Hillsdale",2024,"Harford",61,516,11.8217054263566,24.4897959183674
"Galena Elementary School",2021,"Kent",61,296,20.6081081081081,5.17241379310345
"Glade Elementary",2022,"Frederick",61,554,11.0108303249097,10.9090909090909
"Hammond Elementary",2023,"Howard",61,651,9.37019969278034,-1.61290322580645
"Hammond Middle",2024,"Howard",61,582,10.4810996563574,NA
"Havre De Grace Elementary",2021,"Harford",61,575,10.6086956521739,1.66666666666666
"Lexington Park Elementary",2021,"Saint Marys",61,445,13.7078651685393,7.01754385964912
"Lexington Park Elementary",2022,"Saint Marys",61,430,14.1860465116279,0
"Magnolia Elementary",2020,"Harford",61,550,11.0909090909091,NA
"Monocacy Valley Montessori",2025,"Frederick",61,386,15.8031088082902,5.17241379310345
"North Harford High",2025,"Harford",61,1204,5.06644518272425,10.9090909090909
"Northfield Elementary",2024,"Howard",61,749,8.14419225634179,3.38983050847457
"Orems Elementary",2020,"Baltimore County",61,403,15.136476426799,NA
"Parrs Ridge Elementary",2025,"Carroll",61,391,15.6010230179028,-11.5942028985507
"Phyllis E. Williams Elementary",2026,"Prince Georges",61,294,20.7482993197279,1.66666666666666
"Ridgely Middle",2021,"Baltimore County",61,1100,5.54545454545455,-4.6875
"Smithsburg Middle",2025,"Washington",61,554,11.0108303249097,17.3076923076923
"Stephen Decatur Middle",2022,"Worcester",61,669,9.11808669656203,-66.1111111111111
"Sykesville Middle",2024,"Carroll",61,758,8.04749340369393,29.7872340425532
"Walter J. Mitchell Elementary School",2024,"Charles",61,605,10.0826446280992,-20.7792207792208
"Washington Academy And High School",2026,"Somerset",61,573,10.6457242582897,-4.6875
"Wellwood International School",2025,"Baltimore County",61,316,19.3037974683544,7.01754385964912
"West Meade Early Education Center",2023,"Anne Arundel",61,210,29.0476190476191,27.0833333333333
"Westminster Elementary",2021,"Carroll",61,535,11.4018691588785,-6.15384615384615
"Andrew Jackson Academy",2020,"Prince Georges",60,504,11.9047619047619,NA
"Baltimore International Academy",2022,"Baltimore City",60,763,7.86369593709043,39.5348837209302
"Baltimore International Academy",2025,"Baltimore City",60,749,8.01068090787717,-9.09090909090909
"Bel Air Elementary",2023,"Harford",60,532,11.2781954887218,NA
"Bel Air Elementary",2025,"Harford",60,521,11.5163147792706,NA
"Blue Heron Elementary",2022,"Frederick",60,615,9.75609756097561,NA
"Bohemia Manor High",2025,"Cecil",60,591,10.1522842639594,-6.25
"Candlewood Elementary",2020,"Montgomery",60,387,15.5038759689922,NA
"Central Elementary",2023,"Anne Arundel",60,570,10.5263157894737,5.26315789473684
"Chesapeake Bay Middle",2021,"Anne Arundel",60,1062,5.64971751412429,-1.63934426229508
"Church Creek Elementary",2022,"Harford",60,679,8.83652430044183,1.69491525423728
"Church Creek Elementary",2023,"Harford",60,725,8.27586206896552,0
"Clarksburg Elementary",2026,"Montgomery",60,344,17.4418604651163,-6.25
"Clemens Crossing Elementary",2022,"Howard",60,563,10.6571936056838,9.09090909090908
"Edgewood Elementary",2023,"Harford",60,401,14.9625935162095,NA
"Edgewood Elementary",2024,"Harford",60,415,14.4578313253012,NA
"Edgewood Elementary",2025,"Harford",60,428,14.018691588785,NA
"Ernest Everett Just Middle",2020,"Prince Georges",60,780,7.69230769230769,NA
"G. Lisby Elementary At Hillsdale",2025,"Harford",60,528,11.3636363636364,-1.63934426229508
"Gale-Bailey Elementary School",2025,"Charles",60,344,17.4418604651163,20
"Galena Elementary School",2023,"Kent",60,292,20.5479452054795,-6.25
"Green Holly Elementary School",2020,"Saint Marys",60,560,10.7142857142857,NA
"Hammond Middle",2025,"Howard",60,604,9.93377483443709,-1.63934426229508
"Harford Hills Elementary",2025,"Baltimore County",60,373,16.0857908847185,9.09090909090908
"Havre De Grace Elementary",2020,"Harford",60,609,9.85221674876847,NA
"Hereford High",2023,"Baltimore County",60,1225,4.89795918367347,7.14285714285714
"Hereford High",2025,"Baltimore County",60,1175,5.1063829787234,-7.69230769230769
"Indian Head Elementary School",2023,"Charles",60,459,13.0718954248366,20
"John H. Bayne Elementary",2025,"Prince Georges",60,339,17.6991150442478,30.4347826086957
"Kenilworth Elementary",2022,"Prince Georges",60,380,15.7894736842105,13.2075471698113
"Kenmoor Early Childhood Center",2021,"Prince Georges",60,122,49.1803278688525,-57.4468085106383
"Lakewood Elementary",2023,"Montgomery",60,438,13.6986301369863,275
"Leith Walk Elementary/Middle",2020,"Baltimore City",60,1023,5.86510263929619,NA
"Loch Raven Technical Academy",2022,"Baltimore County",60,774,7.75193798449612,-4.76190476190477
"Martin Boulevard Elementary",2021,"Baltimore County",60,283,21.2014134275618,5.26315789473684
"Meade Heights Elementary",2023,"Anne Arundel",60,371,16.1725067385445,9.09090909090908
"Meadowvale Elementary",2025,"Harford",60,552,10.8695652173913,-6.25
"Millersville Elementary",2026,"Anne Arundel",60,373,16.0857908847185,17.6470588235294
"North Dorchester High School",2025,"Dorchester",60,526,11.4068441064639,5.26315789473684
"North East Middle",2023,"Cecil",60,791,7.58533501896334,22.4489795918367
"Paramount Elementary",2022,"Washington",60,405,14.8148148148148,11.1111111111111
"Parkway Elementary",2025,"Frederick",60,263,22.8136882129278,22.4489795918367
"Parkway Elementary",2026,"Frederick",60,260,23.0769230769231,0
"Phyllis E. Williams Elementary",2025,"Prince Georges",60,326,18.4049079754601,-13.0434782608696
"Pinehurst Elementary",2021,"Wicomico",60,489,12.2699386503067,-28.5714285714286
"Randallstown High",2025,"Baltimore County",60,1091,5.49954170485793,11.1111111111111
"Running Brook Elementary",2025,"Howard",60,407,14.7420147420147,15.3846153846154
"Shiloh Middle",2025,"Carroll",60,631,9.50871632329635,-10.4477611940298
"Stoneleigh Elementary",2020,"Baltimore County",60,748,8.02139037433155,NA
"Thomson Estates Elementary",2022,"Cecil",60,461,13.0151843817787,-13.0434782608696
"William A. Diggs Elementary School",2021,"Charles",60,762,7.8740157480315,3.44827586206897
"Windy Hill Middle",2022,"Calvert",60,762,7.8740157480315,11.1111111111111
"Windy Hill Middle",2024,"Calvert",60,721,8.32177531206657,1.69491525423728
"Yorktown Elementary",2025,"Prince Georges",60,396,15.1515151515152,15.3846153846154
"Yorktown Elementary",2026,"Prince Georges",60,398,15.0753768844221,0
"Youths Benefit Elementary",2026,"Harford",60,1116,5.37634408602151,7.14285714285714
"Abingdon Elementary",2024,"Harford",59,674,8.75370919881306,11.3207547169811
"Academy Of Health Sciences At Pgcc",2023,"Prince Georges",59,467,12.6338329764454,-10.6060606060606
"Bedford Elementary",2023,"Baltimore County",59,296,19.9324324324324,20.4081632653061
"Bells Mill Elementary",2023,"Montgomery",59,611,9.65630114566285,-4.83870967741935
"Bohemia Manor Middle",2025,"Cecil",59,473,12.4735729386892,43.9024390243902
"Boonsboro High",2024,"Washington",59,836,7.05741626794258,34.0909090909091
"Broadneck Elementary",2025,"Anne Arundel",59,652,9.04907975460123,37.2093023255814
"Carver Vocational-Technical High",2025,"Baltimore City",59,1041,5.66762728146013,73.5294117647059
"Catonsville Elementary",2022,"Baltimore County",59,672,8.7797619047619,18
"Centreville Elementary School",2026,"Queen Annes",59,510,11.5686274509804,-9.23076923076923
"Church Creek Elementary",2021,"Harford",59,678,8.70206489675516,1.72413793103448
"Cranberry Station Elementary",2021,"Carroll",59,544,10.8455882352941,15.6862745098039
"Cranberry Station Elementary",2023,"Carroll",59,558,10.573476702509,-6.34920634920635
"Crofton Meadows Elementary",2024,"Anne Arundel",59,562,10.4982206405694,-6.34920634920635
"Gale-Bailey Elementary School",2026,"Charles",59,339,17.4041297935103,-1.66666666666667
"Glenelg High",2020,"Howard",59,1197,4.92898913951545,NA
"Glenmount Elementary/Middle",2026,"Baltimore City",59,616,9.57792207792208,-4.83870967741935
"Hammond Middle School",2023,"Howard",59,570,10.3508771929825,-13.2352941176471
"Hillsmere Elementary",2020,"Anne Arundel",59,424,13.9150943396226,NA
"Hillsmere Elementary",2023,"Anne Arundel",59,390,15.1282051282051,11.3207547169811
"Holly Hall Elementary",2020,"Cecil",59,430,13.7209302325581,NA
"Holly Hall Elementary",2021,"Cecil",59,390,15.1282051282051,0
"Imagine Andrews Public Charter",2023,"Prince Georges",59,402,14.6766169154229,18
"Kent County High",2022,"Kent",59,558,10.573476702509,7.27272727272728
"Liberty High",2024,"Carroll",59,1000,5.9,20.4081632653061
"Liberty High",2025,"Carroll",59,1007,5.85898709036743,0
"Longfields Elementary",2020,"Prince Georges",59,296,19.9324324324324,NA
"Malcolm Elementary School",2020,"Charles",59,436,13.5321100917431,NA
"Meade Heights Elementary",2021,"Anne Arundel",59,414,14.2512077294686,-4.83870967741935
"Meadowvale Elementary",2023,"Harford",59,540,10.9259259259259,47.5
"Mount Harmony Elementary",2023,"Calvert",59,609,9.688013136289,-9.23076923076923
"New Market Elementary",2023,"Frederick",59,582,10.1374570446735,5.35714285714286
"North East Elementary",2022,"Cecil",59,542,10.8856088560886,68.5714285714286
"Northfield Elementary",2023,"Howard",59,747,7.89825970548862,9.25925925925926
"Parkway Elementary",2022,"Frederick",59,261,22.6053639846743,51.2820512820513
"Parrs Ridge Elementary",2026,"Carroll",59,394,14.9746192893401,-3.27868852459017
"Pasadena Elementary",2026,"Anne Arundel",59,444,13.2882882882883,-9.23076923076923
"Patterson Mill High School",2020,"Harford",59,825,7.15151515151515,NA
"Patterson Mill Middle School",2020,"Harford",59,764,7.72251308900524,NA
"Patterson Mill Middle School",2023,"Harford",59,760,7.76315789473684,1.72413793103448
"Patuxent Appeal Elementary Campus",2024,"Calvert",59,659,8.95295902883156,-10.6060606060606
"Piccowaxen Middle School",2024,"Charles",59,615,9.59349593495935,-7.8125
"Pointer Ridge Elementary",2024,"Prince Georges",59,315,18.7301587301587,18
"Pointers Run Elementary",2026,"Howard",59,798,7.39348370927318,1.72413793103448
"Rising Sun High",2020,"Cecil",59,1100,5.36363636363636,NA
"Seven Oaks Elementary",2020,"Anne Arundel",59,539,10.9461966604824,NA
"Somerset Elementary",2023,"Montgomery",59,338,17.4556213017751,-15.7142857142857
"Southampton Middle",2021,"Harford",59,1173,5.02983802216539,-4.83870967741935
"Southampton Middle",2022,"Harford",59,1136,5.19366197183099,0
"Stevensville Middle School",2025,"Queen Annes",59,452,13.0530973451327,22.9166666666667
"Stoneleigh Elementary",2021,"Baltimore County",59,651,9.06298003072197,-1.66666666666667
"The Belair-Edison School",2026,"Baltimore City",59,922,6.39913232104121,20.4081632653061
"West Meade Early Education Center",2026,"Anne Arundel",59,256,23.046875,5.35714285714286
"Westchester Elementary",2020,"Baltimore County",59,719,8.20584144645341,NA
"Williamsport Elementary",2025,"Washington",59,533,11.0694183864916,5.35714285714286
"Windy Hill Middle",2023,"Calvert",59,737,8.00542740841248,-1.66666666666667
"Barstow Elementary",2022,"Calvert",58,663,8.74811463046757,56.7567567567568
"Battle Grove Elementary",2021,"Baltimore County",58,334,17.3652694610778,9.43396226415094
"Bells Mill Elementary",2020,"Montgomery",58,642,9.03426791277258,NA
"Belvedere Elementary",2025,"Anne Arundel",58,542,10.7011070110701,7.40740740740742
"Boyd J. Michael Iii Technical High School",2023,"Washington",58,548,10.5839416058394,NA
"Calvert Middle",2025,"Calvert",58,607,9.55518945634267,3.57142857142858
"Capitol Heights Elementary",2023,"Prince Georges",58,289,20.0692041522491,48.7179487179487
"Cecil Manor Elementary",2021,"Cecil",58,374,15.5080213903743,-4.91803278688525
"Central Elementary",2024,"Anne Arundel",58,580,10,-3.33333333333333
"Centreville Elementary School",2023,"Queen Annes",58,560,10.3571428571429,1.75438596491229
"Chevy Chase Elementary",2025,"Montgomery",58,434,13.3640552995392,3.57142857142858
"Church Creek Elementary",2020,"Harford",58,697,8.32137733142037,NA
"Deer Crossing Elementary",2021,"Frederick",58,813,7.13407134071341,5.45454545454545
"Denton Elementary School",2025,"Caroline",58,596,9.73154362416107,9.43396226415094
"Eastern Technical High School",2023,"Baltimore County",58,1262,4.5958795562599,-7.93650793650794
"Elmwood Elementary",2021,"Baltimore County",58,524,11.0687022900763,-4.91803278688525
"Fallsmead Elementary",2026,"Montgomery",58,501,11.5768463073852,-23.6842105263158
"Fullerton Elementary",2021,"Baltimore County",58,574,10.1045296167247,9.43396226415094
"Galena Elementary School",2020,"Kent",58,326,17.7914110429448,NA
"George W. Carver Center For Arts & Technology",2020,"Baltimore County",58,961,6.03537981269511,NA
"Greenwood Elementary School",2025,"Somerset",58,507,11.439842209073,7.40740740740742
"Hamilton Elementary/Middle",2020,"Baltimore City",58,864,6.71296296296296,NA
"Kent County Middle School",2026,"Kent",58,360,16.1111111111111,11.5384615384615
"Kent Island Elementary School",2024,"Queen Annes",58,465,12.4731182795699,28.8888888888889
"Marriotts Ridge High",2021,"Howard",58,1597,3.63180964308078,26.0869565217391
"Mary B. Neal Elementary School",2020,"Charles",58,699,8.29756795422032,NA
"Monocacy Valley Montessori",2024,"Frederick",58,350,16.5714285714286,28.8888888888889
"New Town Elementary",2025,"Baltimore County",58,772,7.51295336787565,7.40740740740742
"North East High",2021,"Cecil",58,1020,5.68627450980392,5.45454545454545
"Oak Hill Elementary",2026,"Anne Arundel",58,618,9.38511326860841,-7.93650793650794
"Oklahoma Road Middle",2026,"Carroll",58,825,7.03030303030303,1.75438596491229
"Parrs Ridge Elementary",2022,"Carroll",58,429,13.5198135198135,1.75438596491229
"Patterson Mill High School",2021,"Harford",58,836,6.9377990430622,-1.69491525423728
"Patterson Mill Middle School",2022,"Harford",58,758,7.65171503957784,-13.4328358208955
"Pointers Run Elementary",2025,"Howard",58,835,6.94610778443114,13.7254901960784
"Relay Elementary",2023,"Baltimore County",58,609,9.52380952380952,20.8333333333333
"Relay Elementary",2024,"Baltimore County",58,574,10.1045296167247,0
"Rising Sun High",2021,"Cecil",58,1076,5.39033457249071,-1.69491525423728
"Swansfield Elementary",2023,"Howard",58,592,9.7972972972973,3.57142857142858
"Washington County Technical High",2022,"Washington",58,547,10.6032906764168,-20.5479452054795
"Westchester Elementary",2022,"Baltimore County",58,664,8.73493975903614,5.45454545454545
"Whitehall Elementary",2026,"Prince Georges",58,472,12.2881355932203,1.75438596491229
"Wildwood Elementary/Middle",2025,"Baltimore City",58,743,7.80619111709287,56.7567567567568
"William A. Diggs Elementary School",2020,"Charles",58,775,7.48387096774194,NA
"Academy Of Health Sciences At Pgcc",2021,"Prince Georges",57,534,10.6741573033708,-18.5714285714286
"Bel Air Elementary",2024,"Harford",57,514,11.0894941634241,NA
"Buckingham Elementary",2021,"Worcester",57,494,11.5384615384615,-18.5714285714286
"Bushy Park Elementary",2025,"Howard",57,631,9.03328050713154,7.54716981132075
"Carter G Woodson Elementary",2020,"Somerset",57,536,10.634328358209,NA
"Cecilton Elementary",2025,"Cecil",57,273,20.8791208791209,5.55555555555556
"Cedar Grove Elementary",2024,"Montgomery",57,349,16.3323782234957,3.63636363636364
"Central Elementary",2022,"Anne Arundel",57,556,10.2517985611511,-8.06451612903226
"Centreville Elementary School",2022,"Queen Annes",57,571,9.98248686514886,5.55555555555556
"Charlesmont Elementary",2020,"Baltimore County",57,384,14.84375,NA
"Clemens Crossing Elementary",2025,"Howard",57,481,11.8503118503119,-12.3076923076923
"Deer Crossing Elementary",2026,"Frederick",57,516,11.046511627907,3.63636363636364
"Dunloggin Middle",2023,"Howard",57,617,9.23824959481361,11.7647058823529
"Eastern Technical High School",2020,"Baltimore County",57,1172,4.86348122866894,NA
"Edgewood Elementary",2022,"Harford",57,374,15.2406417112299,NA
"Emma K. Doub Elementary",2024,"Washington",57,370,15.4054054054054,9.61538461538463
"Fountaindale Elementary",2023,"Washington",57,378,15.0793650793651,29.5454545454545
"Four Seasons Elementary",2021,"Anne Arundel",57,665,8.57142857142857,-9.52380952380952
"Francis Scott Key Elementary/Middle",2020,"Baltimore City",57,537,10.6145251396648,NA
"Francis Scott Key High",2024,"Carroll",57,931,6.12244897959184,1.78571428571428
"Fruitland Primary",2023,"Wicomico",57,475,12,26.6666666666667
"Fullerton Elementary",2023,"Baltimore County",57,411,13.8686131386861,-13.6363636363636
"Halstead Academy",2022,"Baltimore County",57,501,11.377245508982,23.9130434782609
"Havre De Grace Middle",2026,"Harford",57,589,9.67741935483871,1.78571428571428
"Hereford High",2021,"Baltimore County",57,1285,4.43579766536965,1.78571428571428
"James E. Duckworth Regional Center",2021,"Prince Georges",57,103,55.3398058252427,9.61538461538463
"James E. Duckworth Regional Center",2022,"Prince Georges",57,98,58.1632653061224,0
"John H. Poole Middle",2023,"Montgomery",57,443,12.8668171557562,7.54716981132075
"La Plata High School",2020,"Charles",57,1159,4.91803278688525,NA
"Lakewood Elementary",2026,"Montgomery",57,413,13.8014527845036,185
"Leonardtown Middle",2025,"Saint Marys",57,969,5.88235294117647,18.75
"Lexington Park Elementary",2020,"Saint Marys",57,502,11.3545816733068,NA
"Lincolnshire Elementary",2021,"Washington",57,466,12.2317596566524,14
"Magnolia Elementary",2022,"Harford",57,514,11.0894941634241,-46.2264150943396
"Martin Boulevard Elementary",2020,"Baltimore County",57,298,19.1275167785235,NA
"Mary B. Neal Elementary School",2021,"Charles",57,678,8.4070796460177,-1.72413793103449
"Mount Airy Elementary",2021,"Carroll",57,436,13.0733944954128,-18.5714285714286
"Nantucket Elementary",2020,"Anne Arundel",57,779,7.31707317073171,NA
"North Dorchester High School",2024,"Dorchester",57,568,10.0352112676056,7.54716981132075
"Northfield Elementary",2020,"Howard",57,702,8.11965811965812,NA
"Oklahoma Road Middle",2025,"Carroll",57,816,6.98529411764706,7.54716981132075
"Overlook Elementary",2021,"Anne Arundel",57,355,16.056338028169,111.111111111111
"Parrs Ridge Elementary",2021,"Carroll",57,384,14.84375,-9.52380952380952
"Perryville High",2026,"Cecil",57,837,6.81003584229391,5.55555555555556
"Rossville Elementary",2024,"Baltimore County",57,702,8.11965811965812,23.9130434782609
"Smithsburg High",2023,"Washington",57,717,7.94979079497908,16.3265306122449
"South Shore Elementary",2020,"Anne Arundel",57,340,16.7647058823529,NA
"Swansfield Elementary",2021,"Howard",57,501,11.377245508982,-47.2222222222222
"T. C. Martin Elementary School",2024,"Charles",57,551,10.3448275862069,3.63636363636364
"The Reach! Partnership School",2025,"Baltimore City",57,724,7.87292817679558,7.54716981132075
"Two Rivers Elementary School",2025,"Anne Arundel",57,562,10.1423487544484,NA
"Violetville Elementary/Middle",2021,"Baltimore City",57,358,15.9217877094972,-8.06451612903226
"Washington Academy And High School",2024,"Somerset",57,616,9.25324675324675,11.7647058823529
"Wellwood International School",2024,"Baltimore County",57,438,13.013698630137,23.9130434782609
"Whitehall Elementary",2025,"Prince Georges",57,485,11.7525773195876,1.78571428571428
"Bear Creek Elementary",2020,"Baltimore County",56,495,11.3131313131313,NA
"Bells Mill Elementary",2021,"Montgomery",56,579,9.67184801381693,-3.44827586206896
"Belvedere Elementary",2020,"Anne Arundel",56,532,10.5263157894737,NA
"Bryant Woods Elementary",2020,"Howard",56,448,12.5,NA
"Calvert Middle",2024,"Calvert",56,617,9.07617504051864,-15.1515151515151
"Carroll Creek Montessori Public Charter",2020,"Frederick",56,318,17.6100628930818,NA
"Cedar Grove Elementary",2025,"Montgomery",56,326,17.1779141104294,-1.75438596491229
"Chevy Chase Elementary",2024,"Montgomery",56,427,13.1147540983607,7.69230769230769
"Church Hill Elementary School",2026,"Queen Annes",56,326,17.1779141104294,5.66037735849056
"Crofton Meadows Elementary",2020,"Anne Arundel",56,554,10.1083032490975,NA
"Darnestown Elementary",2026,"Montgomery",56,338,16.5680473372781,7.69230769230769
"Davidsonville Elementary",2026,"Anne Arundel",56,697,8.03443328550932,5.66037735849056
"Deer Crossing Elementary",2024,"Frederick",56,533,10.5065666041276,21.7391304347826
"Dunloggin Middle",2021,"Howard",56,624,8.97435897435897,40
"Dunloggin Middle",2025,"Howard",56,623,8.98876404494382,1.81818181818181
"Eastern Technical High School",2021,"Baltimore County",56,1207,4.63960231980116,-1.75438596491229
"Elkridge Elementary",2021,"Howard",56,819,6.83760683760684,-26.3157894736842
"Fallsmead Elementary",2022,"Montgomery",56,525,10.6666666666667,16.6666666666667
"Four Seasons Elementary",2022,"Anne Arundel",56,665,8.42105263157895,-1.75438596491229
"Francis Scott Key High",2023,"Carroll",56,944,5.93220338983051,19.1489361702128
"Glenarden Woods Elementary",2022,"Prince Georges",56,388,14.4329896907216,-20
"Hamilton Elementary/Middle",2022,"Baltimore City",56,850,6.58823529411765,12
"Hampton Elementary",2023,"Baltimore County",56,773,7.24450194049159,14.2857142857143
"Harford Technical High",2026,"Harford",56,941,5.95111583421892,-11.1111111111111
"Havre De Grace Middle",2025,"Harford",56,617,9.07617504051864,5.66037735849056
"Hereford High",2020,"Baltimore County",56,1295,4.32432432432432,NA
"Hereford High",2022,"Baltimore County",56,1282,4.36817472698908,-1.75438596491229
"Jonathan Hager Elementary",2020,"Washington",56,385,14.5454545454545,NA
"Jonathan Hager Elementary",2021,"Washington",56,372,15.0537634408602,0
"Joppatowne Elementary",2022,"Harford",56,509,11.0019646365422,5.66037735849056
"Malcolm Elementary School",2021,"Charles",56,419,13.3651551312649,-5.08474576271186
"Mary B. Neal Elementary School",2022,"Charles",56,645,8.68217054263566,-1.75438596491229
"Mount Harmony Elementary",2021,"Calvert",56,595,9.41176470588235,36.5853658536585
"New Market Elementary",2022,"Frederick",56,574,9.75609756097561,27.2727272727273
"New Town Elementary",2023,"Baltimore County",56,809,6.9221260815822,30.2325581395349
"New Town Elementary",2026,"Baltimore County",56,742,7.54716981132075,-3.44827586206896
"Northview Elementary",2020,"Prince Georges",56,637,8.79120879120879,NA
"Orems Elementary",2021,"Baltimore County",56,363,15.4269972451791,-8.19672131147541
"Park Hall Elementary",2025,"Saint Marys",56,569,9.84182776801406,12
"Pine Grove Middle",2024,"Baltimore County",56,853,6.56506447831184,-18.8405797101449
"Randallstown High",2023,"Baltimore County",56,1159,4.83175150992235,16.6666666666667
"Sandymount Elementary",2025,"Carroll",56,640,8.75,5.66037735849056
"St Leonard Elementary",2022,"Calvert",56,466,12.0171673819742,1.81818181818181
"Swansfield Elementary",2022,"Howard",56,512,10.9375,-1.75438596491229
"The Reach! Partnership School",2026,"Baltimore City",56,685,8.17518248175183,-1.75438596491229
"Walter J. Mitchell Elementary School",2022,"Charles",56,606,9.24092409240924,1.81818181818181
"Waterloo Elementary",2021,"Howard",56,582,9.62199312714777,60
"West Meade Early Education Center",2025,"Anne Arundel",56,246,22.7642276422764,9.80392156862746
"Whitehall Elementary",2024,"Prince Georges",56,480,11.6666666666667,-17.6470588235294
"Williamsport Elementary",2024,"Washington",56,549,10.200364298725,16.6666666666667
"Youths Benefit Elementary",2025,"Harford",56,1151,4.86533449174631,9.80392156862746
"Abingdon Elementary",2020,"Harford",55,724,7.59668508287293,NA
"Andrew Jackson Academy",2022,"Prince Georges",55,465,11.8279569892473,10
"Anne Arundel Evening High",2020,"Anne Arundel",55,296,18.5810810810811,NA
"Bay View Elementary",2024,"Cecil",55,490,11.2244897959184,34.1463414634146
"Bells Mill Elementary",2025,"Montgomery",55,570,9.64912280701754,-12.6984126984127
"Belvedere Elementary",2022,"Anne Arundel",55,515,10.6796116504854,22.2222222222222
"Berlin Intermediate",2026,"Worcester",55,604,9.10596026490066,-21.4285714285714
"Bohemia Manor High",2023,"Cecil",55,626,8.78594249201278,5.76923076923077
"Bohemia Manor High",2026,"Cecil",55,577,9.53206239168111,-8.33333333333334
"Broadneck Elementary",2022,"Anne Arundel",55,686,8.01749271137026,-16.6666666666667
"Carroll Creek Montessori Public Charter",2022,"Frederick",55,318,17.2955974842767,3.77358490566038
"Cedar Grove Elementary",2023,"Montgomery",55,386,14.2487046632124,17.0212765957447
"Centennial Lane Elementary",2026,"Howard",55,742,7.41239892183288,22.2222222222222
"Central Elementary",2020,"Anne Arundel",55,601,9.15141430948419,NA
"Church Creek Elementary",2024,"Harford",55,722,7.61772853185596,-8.33333333333334
"Clarksville Elementary",2024,"Howard",55,557,9.87432675044883,1.85185185185186
"Clemens Crossing Elementary",2021,"Howard",55,549,10.0182149362477,12.2448979591837
"Crofton Elementary",2021,"Anne Arundel",55,653,8.42266462480858,-32.0987654320988
"Deer Crossing Elementary",2020,"Frederick",55,806,6.82382133995037,NA
"Deer Crossing Elementary",2025,"Frederick",55,528,10.4166666666667,-1.78571428571429
"Dr. James Craik Elementary School",2022,"Charles",55,490,11.2244897959184,22.2222222222222
"Dunloggin Middle",2024,"Howard",55,638,8.62068965517241,-3.50877192982456
"Dunloggin Middle",2026,"Howard",55,605,9.09090909090909,-1.78571428571429
"Fort Worthington Elementary/Middle",2021,"Baltimore City",55,736,7.47282608695652,19.5652173913043
"Franklin Elementary",2022,"Baltimore County",55,394,13.9593908629442,12.2448979591837
"Frederick Douglass High",2021,"Baltimore City",55,759,7.2463768115942,-19.1176470588235
"Fruitland Intermediate",2021,"Wicomico",55,417,13.189448441247,5.76923076923077
"Glade Elementary",2021,"Frederick",55,543,10.1289134438306,14.5833333333333
"Glenmount Elementary/Middle",2024,"Baltimore City",55,621,8.85668276972625,25
"Grange Elementary",2020,"Baltimore County",55,489,11.2474437627812,NA
"Grasonville Elementary School",2021,"Queen Annes",55,426,12.9107981220657,1.85185185185186
"Harford Hills Elementary",2023,"Baltimore County",55,396,13.8888888888889,22.2222222222222
"Harford Hills Elementary",2024,"Baltimore County",55,418,13.1578947368421,0
"Hillsmere Elementary",2021,"Anne Arundel",55,398,13.8190954773869,-6.77966101694916
"Hollywood Elementary",2026,"Saint Marys",55,437,12.5858123569794,-75.9825327510917
"Huntingtown Elementary",2023,"Calvert",55,543,10.1289134438306,37.5
"Imagine Andrews Public Charter",2024,"Prince Georges",55,385,14.2857142857143,-6.77966101694916
"James E. Duckworth",2025,"Prince Georges",55,99,55.5555555555556,17.0212765957447
"James E. Duckworth Regional Center",2023,"Prince Georges",55,105,52.3809523809524,-3.50877192982456
"Katherine Johnson Global Academy",2026,"Baltimore City",55,443,12.4153498871332,48.6486486486486
"Kent County High",2021,"Kent",55,580,9.48275862068965,34.1463414634146
"Leonardtown Middle",2022,"Saint Marys",55,990,5.55555555555556,3.77358490566038
"Leonardtown Middle",2023,"Saint Marys",55,969,5.67595459236326,0
"Maces Lane Middle School",2020,"Dorchester",55,576,9.54861111111111,NA
"Mary B. Neal Elementary School",2026,"Charles",55,609,9.0311986863711,-11.2903225806452
"Meade Heights Elementary",2022,"Anne Arundel",55,364,15.1098901098901,-6.77966101694916
"Middletown Middle",2020,"Frederick",55,784,7.01530612244898,NA
"North East High",2020,"Cecil",55,1016,5.41338582677165,NA
"North Harford High",2024,"Harford",55,1161,4.73729543496985,37.5
"Parrs Ridge Elementary",2023,"Carroll",55,426,12.9107981220657,-5.17241379310345
"Patuxent Appeal Elementary Campus",2020,"Calvert",55,768,7.16145833333333,NA
"Pine Grove Middle",2022,"Baltimore County",55,922,5.96529284164859,22.2222222222222
"Potomac Heights Elementary",2022,"Washington",55,341,16.1290322580645,5.76923076923077
"Powhatan Elementary",2026,"Baltimore County",55,259,21.2355212355212,7.84313725490196
"Relay Elementary",2025,"Baltimore County",55,581,9.46643717728055,-5.17241379310345
"Running Brook Elementary",2022,"Howard",55,415,13.2530120481928,10
"Sandymount Elementary",2026,"Carroll",55,619,8.88529886914378,-1.78571428571429
"Sparrows Point Middle",2026,"Baltimore County",55,557,9.87432675044883,10
"Spring Ridge Elementary",2020,"Frederick",55,482,11.4107883817427,NA
"St Leonard Elementary",2021,"Calvert",55,480,11.4583333333333,-14.0625
"St Leonard Elementary",2023,"Calvert",55,471,11.6772823779193,-1.78571428571429
"Stone Mill Elementary",2024,"Montgomery",55,534,10.2996254681648,34.1463414634146
"T. C. Martin Elementary School",2023,"Charles",55,553,9.94575045207957,17.0212765957447
"Tench Tilghman Elementary/Middle",2022,"Baltimore City",55,356,15.4494382022472,14.5833333333333
"Thomas Johnson Elementary/Middle",2023,"Baltimore City",55,518,10.6177606177606,30.952380952381
"Tulip Grove Elementary",2023,"Prince Georges",55,370,14.8648648648649,5.76923076923077
"Walter J. Mitchell Elementary School",2021,"Charles",55,613,8.97226753670473,-12.6984126984127
"Westchester Elementary",2021,"Baltimore County",55,668,8.23353293413174,-6.77966101694916
"White Marsh Elementary",2025,"Talbot",55,289,19.0311418685121,120
"Woodhome Elementary/Middle",2021,"Baltimore City",55,443,12.4153498871332,7.84313725490196
"Anne Arundel Evening High",2021,"Anne Arundel",54,227,23.7885462555066,-1.81818181818182
"Belvedere Elementary",2023,"Anne Arundel",54,535,10.0934579439252,-1.81818181818182
"Belvedere Elementary",2024,"Anne Arundel",54,532,10.1503759398496,0
"Belvedere Elementary",2026,"Anne Arundel",54,526,10.2661596958175,-6.89655172413793
"Bohemia Manor High",2021,"Cecil",54,632,8.54430379746835,28.5714285714286
"Catoctin High",2022,"Frederick",54,745,7.24832214765101,31.7073170731707
"Cecilton Elementary",2024,"Cecil",54,279,19.3548387096774,12.5
"Centerville Elementary",2025,"Frederick",54,471,11.4649681528662,-11.4754098360656
"Centreville Elementary School",2021,"Queen Annes",54,517,10.4448742746615,28.5714285714286
"Chase Elementary",2021,"Baltimore County",54,355,15.2112676056338,14.8936170212766
"Clarksville Elementary",2023,"Howard",54,581,9.29432013769363,5.88235294117647
"Collington Square Elementary/Middle",2026,"Baltimore City",54,270,20,184.210526315789
"Deep Creek Elementary",2024,"Baltimore County",54,414,13.0434782608696,10.2040816326531
"Dora Kennedy French Immersion",2022,"Prince Georges",54,658,8.20668693009119,20
"Doswell E. Brooks Elementary",2024,"Prince Georges",54,205,26.3414634146341,1.88679245283019
"Edgewood Elementary",2020,"Harford",54,405,13.3333333333333,NA
"Fallsmead Elementary",2020,"Montgomery",54,564,9.57446808510638,NA
"Fallston High",2026,"Harford",54,1024,5.2734375,17.3913043478261
"Fallston Middle School",2024,"Harford",54,1060,5.09433962264151,-11.4754098360656
"Grange Elementary",2021,"Baltimore County",54,446,12.1076233183857,-1.81818181818182
"Grasonville Elementary School",2020,"Queen Annes",54,486,11.1111111111111,NA
"Greenwood Elementary School",2024,"Somerset",54,493,10.9533468559838,12.5
"H. H. Garnett Elementary",2026,"Kent",54,309,17.4757281553398,14.8936170212766
"Hampton Elementary",2024,"Baltimore County",54,734,7.35694822888283,-3.57142857142857
"Hazelwood Elementary/Middle",2025,"Baltimore City",54,524,10.3053435114504,12.5
"Huntingtown Elementary",2024,"Calvert",54,478,11.2970711297071,-1.81818181818182
"Huntingtown Elementary",2025,"Calvert",54,475,11.3684210526316,0
"Imagine Andrews Public Charter",2026,"Prince Georges",54,404,13.3663366336634,14.8936170212766
"Liberty High",2020,"Carroll",54,1044,5.17241379310345,NA
"Linthicum Elementary",2022,"Anne Arundel",54,442,12.2171945701357,1.88679245283019
"Linthicum Elementary",2023,"Anne Arundel",54,459,11.7647058823529,0
"Linton Springs Elementary",2026,"Carroll",54,717,7.53138075313808,14.8936170212766
"Magnolia Elementary",2023,"Harford",54,498,10.8433734939759,-42.5531914893617
"Mars Estates Elementary",2020,"Baltimore County",54,386,13.9896373056995,NA
"Mary H. Matula Elementary School",2024,"Charles",54,578,9.34256055363322,22.7272727272727
"New Town Elementary",2024,"Baltimore County",54,782,6.90537084398977,-3.57142857142857
"North Salisbury Elementary",2020,"Wicomico",54,467,11.5631691648822,NA
"Northfield Elementary",2022,"Howard",54,718,7.52089136490251,5.88235294117647
"Paramount Elementary",2021,"Washington",54,394,13.7055837563452,17.3913043478261
"Patuxent Appeal Elementary Campus",2025,"Calvert",54,641,8.42433697347894,-8.47457627118644
"Perryville High",2025,"Cecil",54,858,6.29370629370629,12.5
"Randallstown High",2024,"Baltimore County",54,1060,5.09433962264151,-3.57142857142857
"Ridgely Elementary School",2025,"Caroline",54,433,12.4711316397229,22.7272727272727
"Ritchie Park Elementary",2023,"Montgomery",54,378,14.2857142857143,5.88235294117647
"River Hill High",2026,"Howard",54,1334,4.047976011994,-28.9473684210526
"Riverside Elementary",2020,"Harford",54,462,11.6883116883117,NA
"Somerset Elementary",2025,"Montgomery",54,314,17.1974522292994,5.88235294117647
"Stone Mill Elementary",2026,"Montgomery",54,544,9.92647058823529,-14.2857142857143
"Williamsport Elementary",2022,"Washington",54,523,10.3250478011472,31.7073170731707
"Windy Hill Middle",2021,"Calvert",54,746,7.23860589812332,12.5
"Yorktown Elementary",2022,"Prince Georges",54,381,14.1732283464567,8.00000000000001
"Abingdon Elementary",2023,"Harford",53,658,8.05471124620061,15.2173913043478
"Abingdon Elementary",2025,"Harford",53,641,8.26833073322933,-10.1694915254237
"Atholton Elementary",2022,"Howard",53,474,11.1814345991561,1.92307692307692
"Battle Grove Elementary",2020,"Baltimore County",53,346,15.3179190751445,NA
"Boonsboro High",2025,"Washington",53,838,6.32458233890215,-10.1694915254237
"Boonsboro High",2026,"Washington",53,800,6.625,0
"Brandywine Elementary",2020,"Prince Georges",53,412,12.8640776699029,NA
"Broadneck Elementary",2026,"Anne Arundel",53,613,8.64600326264274,-10.1694915254237
"Bryant Woods Elementary",2025,"Howard",53,366,14.4808743169399,12.7659574468085
"Burning Tree Elementary",2024,"Montgomery",53,484,10.9504132231405,1.92307692307692
"Bushy Park Elementary",2024,"Howard",53,631,8.39936608557845,17.7777777777778
"Calvert Middle",2021,"Calvert",53,611,8.67430441898527,10.4166666666667
"Carroll Creek Montessori Public Charter",2021,"Frederick",53,318,16.6666666666667,-5.35714285714286
"Chesapeake Science Point",2023,"Anne Arundel",53,502,10.5577689243028,15.2173913043478
"Church Hill Elementary School",2025,"Queen Annes",53,329,16.1094224924012,43.2432432432432
"Davidsonville Elementary",2025,"Anne Arundel",53,689,7.69230769230769,17.7777777777778
"Denton Elementary School",2024,"Caroline",53,640,8.28125,20.4545454545455
"Doswell E. Brooks Elementary",2021,"Prince Georges",53,225,23.5555555555556,-13.1147540983607
"Doswell E. Brooks Elementary",2023,"Prince Georges",53,225,23.5555555555556,1.92307692307692
"Eva Turner Elementary School",2020,"Charles",53,443,11.9638826185102,NA
"Eva Turner Elementary School",2021,"Charles",53,421,12.5890736342043,0
"Friendship Valley Elementary",2020,"Carroll",53,488,10.8606557377049,NA
"Fullerton Elementary",2020,"Baltimore County",53,617,8.58995137763371,NA
"Gilpin Manor Elementary",2020,"Cecil",53,425,12.4705882352941,NA
"Green Holly Elementary School",2023,"Saint Marys",53,492,10.7723577235772,26.1904761904762
"Hampton Elementary",2021,"Baltimore County",53,645,8.21705426356589,51.4285714285714
"Havre De Grace High",2021,"Harford",53,699,7.58226037195994,6.00000000000001
"Havre De Grace Middle",2024,"Harford",53,587,9.02896081771721,12.7659574468085
"Hillsmere Elementary",2022,"Anne Arundel",53,396,13.3838383838384,-3.63636363636364
"James E. Duckworth",2026,"Prince Georges",53,88,60.2272727272727,-3.63636363636364
"James Ryder Randall E C C",2026,"Prince Georges",53,176,30.1136363636364,17.7777777777778
"John H. Poole Middle",2022,"Montgomery",53,427,12.4121779859485,1.92307692307692
"Joppatowne Elementary",2021,"Harford",53,536,9.88805970149254,1.92307692307692
"Kenilworth Elementary",2021,"Prince Georges",53,375,14.1333333333333,-15.8730158730159
"Leonardtown Middle",2021,"Saint Marys",53,1029,5.15063168124393,1.92307692307692
"Linthicum Elementary",2021,"Anne Arundel",53,449,11.804008908686,3.92156862745099
"Linton Springs Elementary",2023,"Carroll",53,748,7.0855614973262,35.8974358974359
"Mars Estates Elementary",2022,"Baltimore County",53,336,15.7738095238095,3.92156862745099
"Middletown Primary",2024,"Frederick",53,487,10.8829568788501,8.16326530612246
"North Dorchester High School",2023,"Dorchester",53,572,9.26573426573426,23.2558139534884
"Northfield Elementary",2026,"Howard",53,748,7.0855614973262,-28.3783783783784
"Oklahoma Road Middle",2024,"Carroll",53,758,6.99208443271768,10.4166666666667
"Patuxent Appeal Elementary Campus",2022,"Calvert",53,707,7.4964639321075,1.92307692307692
"Relay Elementary",2026,"Baltimore County",53,585,9.05982905982906,-3.63636363636364
"Ritchie Park Elementary",2021,"Montgomery",53,384,13.8020833333333,8.16326530612246
"Sandymount Elementary",2024,"Carroll",53,579,9.15371329879102,8.16326530612246
"Scotts Branch Elementary",2026,"Baltimore County",53,453,11.6997792494481,3.92156862745099
"Severn Elementary",2022,"Anne Arundel",53,533,9.9437148217636,-29.3333333333333
"Smithsburg High",2020,"Washington",53,753,7.03851261620186,NA
"Stone Mill Elementary",2022,"Montgomery",53,542,9.77859778597786,23.2558139534884
"Tench Tilghman Elementary/Middle",2020,"Baltimore City",53,398,13.3165829145729,NA
"The Reach! Partnership School",2024,"Baltimore City",53,755,7.01986754966887,96.2962962962963
"Thurmont Middle",2024,"Frederick",53,521,10.1727447216891,8.16326530612246
"Timonium Elementary",2026,"Baltimore County",53,447,11.8568232662192,8.16326530612246
"Wildwood Elementary/Middle",2026,"Baltimore City",53,704,7.52840909090909,-8.62068965517241
"Windy Hill Elementary",2022,"Calvert",53,649,8.16640986132511,6.00000000000001
"Windy Hill Middle",2026,"Calvert",53,643,8.24261275272162,-17.1875
"Youths Benefit Elementary",2023,"Harford",53,1123,4.71950133570792,12.7659574468085
"Atholton Elementary",2021,"Howard",52,451,11.529933481153,13.0434782608696
"Beverly Farms Elementary",2020,"Montgomery",52,585,8.88888888888889,NA
"Bohemia Manor High",2022,"Cecil",52,652,7.97546012269939,-3.70370370370371
"Bryant Woods Elementary",2023,"Howard",52,361,14.404432132964,36.8421052631579
"Burning Tree Elementary",2023,"Montgomery",52,437,11.8993135011442,40.5405405405405
"Cherry Hill Middle",2021,"Cecil",52,414,12.56038647343,4
"Chevy Chase Elementary",2023,"Montgomery",52,431,12.0649651972158,20.9302325581395
"Choptank Elementary School",2021,"Dorchester",52,305,17.0491803278689,-16.1290322580645
"Colonel Richardson High School",2024,"Caroline",52,535,9.7196261682243,30
"Darnestown Elementary",2025,"Montgomery",52,356,14.6067415730337,4
"Dora Kennedy French Immersion",2023,"Prince Georges",52,679,7.65832106038292,-3.70370370370371
"Dora Kennedy French Immersion",2025,"Prince Georges",52,684,7.60233918128655,1.96078431372548
"Doswell E. Brooks Elementary",2022,"Prince Georges",52,222,23.4234234234234,-1.88679245283019
"Emma K. Doub Elementary",2023,"Washington",52,354,14.6892655367232,15.5555555555555
"Fruitland Intermediate",2020,"Wicomico",52,416,12.5,NA
"Glen Avenue School",2021,"Wicomico",52,409,12.7139364303178,26.8292682926829
"Jacobsville Elementary",2026,"Anne Arundel",52,469,11.0874200426439,15.5555555555555
"James E. Duckworth Regional Center",2020,"Prince Georges",52,93,55.9139784946236,NA
"John H. Poole Middle",2021,"Montgomery",52,381,13.6482939632546,1.96078431372548
"Joppatowne Elementary",2020,"Harford",52,617,8.42787682333874,NA
"Kemptown Elementary",2023,"Frederick",52,401,12.9675810473815,18.1818181818182
"Kent County Middle School",2025,"Kent",52,354,14.6892655367232,15.5555555555555
"Kent Island Elementary School",2022,"Queen Annes",52,424,12.2641509433962,73.3333333333333
"Leith Walk Elementary/Middle",2022,"Baltimore City",52,1030,5.04854368932039,8.33333333333333
"Leonardtown Middle",2020,"Saint Marys",52,1024,5.078125,NA
"Lisbon Elementary",2025,"Howard",52,480,10.8333333333333,18.1818181818182
"Magnolia Elementary",2021,"Harford",52,517,10.0580270793037,-52.7272727272727
"Mattaponi Elementary",2026,"Prince Georges",52,400,13,44.4444444444444
"North East Middle",2020,"Cecil",52,786,6.61577608142494,NA
"Northwest Academy Of Health Sciences",2026,"Baltimore County",52,838,6.20525059665871,18.1818181818182
"Overlook Elementary",2022,"Anne Arundel",52,327,15.9021406727829,30
"Parkside High",2020,"Wicomico",52,1083,4.80147737765466,NA
"Patuxent Appeal Elementary Campus",2021,"Calvert",52,667,7.79610194902549,-5.45454545454546
"Paul Laurence Dunbar High",2020,"Baltimore City",52,868,5.99078341013825,NA
"Plum Point Middle",2024,"Calvert",52,652,7.97546012269939,6.12244897959184
"Potomac Heights Elementary",2021,"Washington",52,323,16.0990712074303,4
"Robert Goddard Montessori",2026,"Prince Georges",52,481,10.8108108108108,26.8292682926829
"Running Brook Elementary",2020,"Howard",52,484,10.7438016528926,NA
"Running Brook Elementary",2024,"Howard",52,389,13.3676092544987,6.12244897959184
"Shiloh Middle",2023,"Carroll",52,604,8.60927152317881,4
"Smithsburg Middle",2024,"Washington",52,533,9.75609756097561,8.33333333333333
"South Shore Elementary",2021,"Anne Arundel",52,268,19.4029850746269,-8.77192982456141
"Sparrows Point High",2020,"Baltimore County",52,1067,4.87347703842549,NA
"Stone Mill Elementary",2020,"Montgomery",52,588,8.84353741496599,NA
"Sykesville Middle",2026,"Carroll",52,728,7.14285714285714,8.33333333333333
"Tulip Grove Elementary",2022,"Prince Georges",52,367,14.1689373297003,13.0434782608696
"Windy Hill Elementary",2020,"Calvert",52,668,7.78443113772455,NA
"Winfield Elementary",2025,"Baltimore County",52,447,11.6331096196868,NA
"Yorktown Elementary",2024,"Prince Georges",52,366,14.207650273224,4
"Annapolis Road Academy",2020,"Prince Georges",51,120,42.5,NA
"Bayside Elementary School",2026,"Queen Annes",51,369,13.8211382113821,13.3333333333333
"Beechfield Elementary/Middle",2026,"Baltimore City",51,490,10.4081632653061,21.4285714285714
"Broadneck Elementary",2023,"Anne Arundel",51,687,7.4235807860262,-7.27272727272728
"Carroll Creek Montessori Public Charter",2023,"Frederick",51,314,16.2420382165605,-7.27272727272728
"Carrolltowne Elementary",2023,"Carroll",51,629,8.10810810810811,41.6666666666667
"Catonsville Elementary",2020,"Baltimore County",51,668,7.63473053892216,NA
"Charlesmont Elementary",2021,"Baltimore County",51,349,14.6131805157593,-10.5263157894737
"Choptank Elementary School",2023,"Dorchester",51,375,13.6,13.3333333333333
"Clarksville Elementary",2022,"Howard",51,539,9.46196660482375,15.9090909090909
"Cranberry Station Elementary",2020,"Carroll",51,528,9.65909090909091,NA
"Davidsonville Elementary",2021,"Anne Arundel",51,624,8.17307692307692,24.390243902439
"Davidsonville Elementary",2023,"Anne Arundel",51,659,7.73899848254932,8.51063829787233
"Dayton Oaks",2023,"Howard",51,783,6.51340996168582,27.5
"Dayton Oaks Elementary",2024,"Howard",51,764,6.67539267015707,NA
"District Heights Elementary",2021,"Prince Georges",51,386,13.2124352331606,-17.741935483871
"Dora Kennedy French Immersion",2024,"Prince Georges",51,680,7.5,-1.92307692307693
"Dunloggin Middle",2022,"Howard",51,623,8.18619582664527,-8.92857142857143
"Gilpin Manor Elementary",2021,"Cecil",51,392,13.0102040816327,-3.77358490566038
"Greenwood Elementary School",2022,"Somerset",51,458,11.1353711790393,24.390243902439
"Halls Cross Roads Elementary",2023,"Harford",51,453,11.2582781456954,15.9090909090909
"Havre De Grace Middle",2022,"Harford",51,625,8.16,4.08163265306123
"Highland Park Elementary",2020,"Prince Georges",51,259,19.6911196911197,NA
"Highland Park Elementary",2022,"Prince Georges",51,258,19.7674418604651,10.8695652173913
"Highland Park Elementary",2026,"Prince Georges",51,226,22.5663716814159,18.6046511627907
"Jacobsville Elementary",2021,"Anne Arundel",51,527,9.67741935483871,6.25
"Jacobsville Elementary",2022,"Anne Arundel",51,545,9.35779816513761,0
"John H. Poole Middle",2020,"Montgomery",51,390,13.0769230769231,NA
"Leith Walk Elementary/Middle",2026,"Baltimore City",51,871,5.85533869115959,8.51063829787233
"Linthicum Elementary",2020,"Anne Arundel",51,475,10.7368421052632,NA
"Manor View Elementary",2021,"Anne Arundel",51,235,21.7021276595745,-21.5384615384615
"Manor View Elementary",2023,"Anne Arundel",51,240,21.25,-22.7272727272727
"Mars Estates Elementary",2021,"Baltimore County",51,346,14.7398843930636,-5.55555555555556
"Mary B. Neal Elementary School",2024,"Charles",51,589,8.65874363327674,4.08163265306123
"Millersville Elementary",2025,"Anne Arundel",51,386,13.2124352331606,15.9090909090909
"Mount Royal Elementary/Middle",2025,"Baltimore City",51,786,6.48854961832061,30.7692307692308
"Northfield Elementary",2021,"Howard",51,736,6.92934782608696,-10.5263157894737
"Park Hall Elementary",2023,"Saint Marys",51,501,10.1796407185629,8.51063829787233
"Patterson Mill Middle School",2024,"Harford",51,767,6.64928292046936,-13.5593220338983
"Pimlico Elementary/Middle",2022,"Baltimore City",51,737,6.91994572591588,30.7692307692308
"Pointers Run Elementary",2024,"Howard",51,830,6.14457831325301,15.9090909090909
"Powhatan Elementary",2025,"Baltimore County",51,250,20.4,64.5161290322581
"Red Pump Elementary School",2022,"Harford",51,755,6.75496688741722,18.6046511627907
"Ritchie Park Elementary",2022,"Montgomery",51,382,13.3507853403141,-3.77358490566038
"Scotts Branch Elementary",2025,"Baltimore County",51,457,11.1597374179431,18.6046511627907
"Somerset Elementary",2024,"Montgomery",51,303,16.8316831683168,-13.5593220338983
"St. Michaels Middle/High School",2026,"Talbot",51,449,11.358574610245,2
"Sunderland Elementary",2023,"Calvert",51,700,7.28571428571429,24.390243902439
"Violetville Elementary/Middle",2022,"Baltimore City",51,343,14.868804664723,-10.5263157894737
"Washington Academy And High School",2023,"Somerset",51,597,8.5427135678392,10.8695652173913
"West Meade Early Education Center",2024,"Anne Arundel",51,217,23.5023041474654,-16.3934426229508
"Westbrook Elementary",2020,"Montgomery",51,341,14.9560117302053,NA
"White Marsh Elementary",2026,"Talbot",51,295,17.2881355932203,121.739130434783
"Woodhome Elementary/Middle",2020,"Baltimore City",51,415,12.289156626506,NA
"Youths Benefit Elementary",2024,"Harford",51,1114,4.57809694793537,-3.77358490566038
"Andrew Jackson Academy",2021,"Prince Georges",50,499,10.0200400801603,-16.6666666666667
"Bannockburn Elementary",2020,"Montgomery",50,461,10.8459869848156,NA
"Bradley Hills Elementary",2026,"Montgomery",50,480,10.4166666666667,13.6363636363636
"Bryant Woods Elementary",2026,"Howard",50,363,13.7741046831956,-5.66037735849056
"Burleigh Manor Middle",2024,"Howard",50,776,6.44329896907216,NA
"Burning Tree Elementary",2025,"Montgomery",50,479,10.4384133611691,-5.66037735849056
"Carroll Creek Montessori Public Charter",2026,"Frederick",50,317,15.7728706624606,2.04081632653061
"Catonsville Elementary",2021,"Baltimore County",50,638,7.83699059561129,-1.96078431372549
"Cedar Grove Elementary",2021,"Montgomery",50,379,13.1926121372032,6.38297872340425
"Cherry Hill Middle",2020,"Cecil",50,431,11.6009280742459,NA
"Cherry Hill Middle",2025,"Cecil",50,387,12.9198966408269,2.04081632653061
"Colonel Richardson High School",2025,"Caroline",50,528,9.46969696969697,-3.84615384615384
"Darnestown Elementary",2024,"Montgomery",50,354,14.1242937853107,35.1351351351351
"Fallston High",2023,"Harford",50,1044,4.78927203065134,4.16666666666667
"Fallston Middle School",2026,"Harford",50,1079,4.6339202965709,2.04081632653061
"Frederick Elementary",2025,"Baltimore City",50,320,15.625,28.2051282051282
"Fruitland Intermediate",2022,"Wicomico",50,400,12.5,-9.09090909090909
"Fruitland Primary",2020,"Wicomico",50,492,10.1626016260163,NA
"Fulton Elementary",2022,"Howard",50,868,5.76036866359447,21.9512195121951
"Gale-Bailey Elementary School",2024,"Charles",50,336,14.8809523809524,31.5789473684211
"Hamilton Elementary/Middle",2021,"Baltimore City",50,854,5.85480093676815,-13.7931034482759
"Havre De Grace High",2020,"Harford",50,662,7.55287009063444,NA
"Hawthorne Elementary",2022,"Baltimore County",50,465,10.752688172043,19.047619047619
"Hereford Middle",2026,"Baltimore County",50,848,5.89622641509434,21.9512195121951
"Imagine Andrews Public Charter",2022,"Prince Georges",50,409,12.2249388753056,51.5151515151515
"Indian Head Elementary School",2022,"Charles",50,419,11.9331742243437,35.1351351351351
"Lakewood Elementary",2022,"Montgomery",50,412,12.1359223300971,NA
"Lincolnshire Elementary",2020,"Washington",50,529,9.45179584120983,NA
"Mount Royal Elementary/Middle",2026,"Baltimore City",50,787,6.35324015247776,-1.96078431372549
"New Market Middle",2021,"Frederick",50,647,7.72797527047913,51.5151515151515
"Oak Hill Elementary",2024,"Anne Arundel",50,615,8.13008130081301,21.9512195121951
"Park Hall Elementary",2020,"Saint Marys",50,576,8.68055555555556,NA
"Park Hall Elementary",2021,"Saint Marys",50,547,9.14076782449726,0
"Park Hall Elementary",2024,"Saint Marys",50,531,9.41619585687382,-1.96078431372549
"Pine Grove Middle",2020,"Baltimore County",50,960,5.20833333333333,NA
"Pointer Ridge Elementary",2023,"Prince Georges",50,318,15.7232704402516,6.38297872340425
"Potomac Heights Elementary",2020,"Washington",50,311,16.0771704180064,NA
"Reginald F. Lewis High",2024,"Baltimore City",50,444,11.2612612612613,-21.875
"Ridgely Elementary School",2026,"Caroline",50,410,12.1951219512195,-7.40740740740741
"Riverside Elementary",2022,"Harford",50,404,12.3762376237624,2.04081632653061
"Running Brook Elementary",2021,"Howard",50,402,12.4378109452736,-3.84615384615384
"Sandy Hill Elementary",2025,"Dorchester",50,393,12.7226463104326,16.2790697674419
"Shiloh Middle",2022,"Carroll",50,617,8.10372771474878,2.04081632653061
"Smithsburg Middle",2021,"Washington",50,565,8.84955752212389,19.047619047619
"Sparrows Point Middle",2025,"Baltimore County",50,555,9.00900900900901,16.2790697674419
"St. Johns Lane Elementary",2024,"Howard",50,657,7.6103500761035,16.2790697674419
"St. Michaels Middle/High School",2025,"Talbot",50,449,11.1358574610245,8.69565217391304
"Summit Park Elementary",2025,"Baltimore County",50,520,9.61538461538462,284.615384615385
"Timonium Elementary",2024,"Baltimore County",50,455,10.989010989011,19.047619047619
"Vincent Farm Elementary",2020,"Baltimore County",50,761,6.57030223390276,NA
"Vincent Farm Elementary",2021,"Baltimore County",50,742,6.73854447439353,0
"Wellwood International School",2022,"Baltimore County",50,469,10.6609808102345,19.047619047619
"Wellwood International School",2026,"Baltimore County",50,271,18.450184501845,-18.0327868852459
"West Salisbury",2021,"Wicomico",50,307,16.2866449511401,-23.0769230769231
"Western School Of Technology",2024,"Baltimore County",50,953,5.24658971668415,16.2790697674419
"Westowne Elementary",2021,"Baltimore County",50,659,7.58725341426404,11.1111111111111
"William B. Wade Elementary School",2021,"Charles",50,619,8.07754442649435,-29.5774647887324
"Windy Hill Elementary",2021,"Calvert",50,637,7.84929356357928,-3.84615384615384
"Yorktown Elementary",2021,"Prince Georges",50,392,12.7551020408163,4.16666666666667
"Yorktown Elementary",2023,"Prince Georges",50,343,14.5772594752187,-7.40740740740741
"Abingdon Elementary",2026,"Harford",49,613,7.99347471451876,-7.54716981132075
"Baden Elementary",2022,"Prince Georges",49,207,23.6714975845411,6.52173913043479
"Baden Elementary",2023,"Prince Georges",49,226,21.6814159292035,0
"Baltimore International Academy",2026,"Baltimore City",49,681,7.19530102790015,-18.3333333333333
"Beach Elementary",2024,"Calvert",49,522,9.38697318007663,40
"Bedford Elementary",2021,"Baltimore County",49,319,15.3605015673981,6.52173913043479
"Bedford Elementary",2022,"Baltimore County",49,290,16.8965517241379,0
"Bells Mill Elementary",2026,"Montgomery",49,540,9.07407407407407,-10.9090909090909
"Bryant Woods Elementary",2021,"Howard",49,360,13.6111111111111,-12.5
"Carroll Creek Montessori Public Charter",2025,"Frederick",49,317,15.4574132492114,2.08333333333333
"Cecilton Elementary",2022,"Cecil",49,282,17.3758865248227,13.953488372093
"Cherry Hill Middle",2023,"Cecil",49,401,12.2194513715711,13.953488372093
"Cherry Hill Middle",2024,"Cecil",49,398,12.3115577889447,0
"Clarksville Elementary",2025,"Howard",49,543,9.02394106813996,-10.9090909090909
"Clemens Crossing Elementary",2020,"Howard",49,508,9.64566929133858,NA
"Colonel Richardson High School",2026,"Caroline",49,492,9.95934959349593,-2
"Crisfield Academy And High School",2023,"Somerset",49,350,14,16.6666666666667
"Crofton Meadows Elementary",2021,"Anne Arundel",49,527,9.29791271347248,-12.5
"Deep Creek Elementary",2023,"Baltimore County",49,417,11.7505995203837,16.6666666666667
"Elkridge Landing Middle",2021,"Howard",49,710,6.90140845070423,-20.9677419354839
"Emmorton Elementary",2021,"Harford",49,564,8.68794326241135,28.9473684210526
"Emmorton Elementary",2022,"Harford",49,546,8.97435897435897,0
"Fallston High",2024,"Harford",49,1047,4.68003820439351,-2
"Fallston Middle School",2025,"Harford",49,1068,4.58801498127341,-9.25925925925926
"Franklin Elementary",2021,"Baltimore County",49,400,12.25,4.25531914893618
"G. Lisby Elementary At Hillsdale",2023,"Harford",49,503,9.74155069582505,6.52173913043479
"Greenwood Elementary School",2026,"Somerset",49,466,10.5150214592275,-15.5172413793103
"H Winship Wheatley E C C",2025,"Prince Georges",49,345,14.2028985507246,28.9473684210526
"Hampton Elementary",2022,"Baltimore County",49,687,7.13245997088792,-7.54716981132075
"Havre De Grace Middle",2020,"Harford",49,601,8.15307820299501,NA
"Havre De Grace Middle",2021,"Harford",49,613,7.99347471451876,0
"Hickory Elementary",2026,"Harford",49,610,8.0327868852459,-70.3030303030303
"Leith Walk Elementary/Middle",2024,"Baltimore City",49,962,5.09355509355509,13.953488372093
"Liberty High",2023,"Carroll",49,991,4.94450050454087,13.953488372093
"Linton Springs Elementary",2024,"Carroll",49,738,6.63956639566396,-7.54716981132075
"M.e.c.c.a Business Learning Institute",2026,"Montgomery",49,186,26.3440860215054,NA
"Manor Woods Elementary",2022,"Howard",49,697,7.03012912482066,13.953488372093
"Mary B. Neal Elementary School",2023,"Charles",49,627,7.81499202551834,-12.5
"Mary H. Matula Elementary School",2020,"Charles",49,571,8.58143607705779,NA
"Middletown Primary",2023,"Frederick",49,486,10.082304526749,22.5
"Mount Airy Elementary",2025,"Carroll",49,462,10.6060606060606,-20.9677419354839
"North East Middle",2022,"Cecil",49,787,6.22617534942821,4.25531914893618
"Northview Elementary",2021,"Prince Georges",49,598,8.19397993311037,-12.5
"Northwest Academy Of Health Sciences",2024,"Baltimore County",49,843,5.81257413997628,22.5
"Parkway Elementary",2024,"Frederick",49,253,19.3675889328063,6.52173913043479
"Pemberton Elementary",2026,"Wicomico",49,566,8.65724381625442,40
"Piccowaxen Middle School",2025,"Charles",49,578,8.47750865051903,-16.9491525423729
"Pine Grove Elementary",2022,"Baltimore County",49,547,8.95795246800731,6.52173913043479
"Plum Point Middle",2023,"Calvert",49,617,7.94165316045381,28.9473684210526
"Red Pump Elementary School",2023,"Harford",49,753,6.50730411686587,-3.92156862745098
"Ritchie Park Elementary",2020,"Montgomery",49,401,12.2194513715711,NA
"Riverside Elementary",2021,"Harford",49,445,11.0112359550562,-9.25925925925926
"Running Brook Elementary",2023,"Howard",49,399,12.280701754386,-10.9090909090909
"Sandy Hill Elementary",2026,"Dorchester",49,375,13.0666666666667,-2
"Sandymount Elementary",2023,"Carroll",49,567,8.64197530864197,16.6666666666667
"Seven Oaks Elementary",2024,"Baltimore County",49,469,10.4477611940298,8.88888888888888
"Shiloh Middle",2021,"Carroll",49,623,7.86516853932584,28.9473684210526
"Smithsburg Elementary",2026,"Washington",49,368,13.3152173913043,25.6410256410256
"Smithsburg High",2022,"Washington",49,735,6.66666666666667,11.3636363636364
"Somerset Elementary",2026,"Montgomery",49,312,15.7051282051282,-9.25925925925926
"St. Johns Lane Elementary",2026,"Howard",49,625,7.84,4.25531914893618
"Taneytown Elementary",2023,"Carroll",49,471,10.4033970276008,32.4324324324324
"The Belair-Edison School",2025,"Baltimore City",49,911,5.37870472008782,104.166666666667
"Thunder Hill Elementary",2020,"Howard",49,475,10.3157894736842,NA
"Thurmont Middle",2023,"Frederick",49,546,8.97435897435897,25.6410256410256
"Timonium Elementary",2025,"Baltimore County",49,445,11.0112359550562,-2
"Two Rivers Elementary School",2026,"Anne Arundel",49,600,8.16666666666667,-14.0350877192982
"Western School Of Technology",2026,"Baltimore County",49,932,5.25751072961373,8.88888888888888
"Winfield Elementary",2026,"Baltimore County",49,488,10.0409836065574,250
"Woodlawn Middle",2021,"Baltimore County",49,657,7.45814307458143,25.6410256410256
"Annapolis Road Academy",2021,"Prince Georges",48,83,57.8313253012048,-5.88235294117647
"Baden Elementary",2020,"Prince Georges",48,209,22.9665071770335,NA
"Bannockburn Elementary",2022,"Montgomery",48,421,11.4014251781473,20
"Boonsboro Elementary",2026,"Washington",48,531,9.03954802259887,29.7297297297297
"Calvert Middle",2020,"Calvert",48,601,7.98668885191348,NA
"Campfield Early Childhood Center",2023,"Baltimore County",48,352,13.6363636363636,-21.3114754098361
"Carroll Creek Montessori Public Charter",2024,"Frederick",48,315,15.2380952380952,-5.88235294117647
"Cecilton Elementary",2023,"Cecil",48,281,17.0818505338078,-2.04081632653061
"Chapel Forge E C C",2025,"Prince Georges",48,230,20.8695652173913,9.09090909090908
"Cherry Hill Middle",2026,"Cecil",48,361,13.2963988919668,-4
"Clear Spring High",2026,"Washington",48,466,10.3004291845494,2.12765957446808
"Clinton Grove Elementary",2021,"Prince Georges",48,219,21.9178082191781,-30.4347826086957
"Dogwood Elementary",2025,"Baltimore County",48,460,10.4347826086957,17.0731707317073
"Ellicott Mills Middle",2026,"Howard",48,695,6.90647482014388,23.0769230769231
"Emmorton Elementary",2025,"Harford",48,584,8.21917808219178,9.09090909090908
"Fallsmead Elementary",2021,"Montgomery",48,520,9.23076923076923,-11.1111111111111
"Fallston High",2022,"Harford",48,982,4.88798370672098,17.0731707317073
"Francis Scott Key High",2021,"Carroll",48,885,5.42372881355932,23.0769230769231
"Frederick Classical Charter",2022,"Frederick",48,372,12.9032258064516,2.12765957446808
"Frederick Classical Charter",2023,"Frederick",48,375,12.8,0
"Frederick Classical Charter",2024,"Frederick",48,377,12.7320954907162,0
"Fulton Elementary",2023,"Howard",48,879,5.46075085324232,-4
"Glade Elementary",2020,"Frederick",48,611,7.85597381342062,NA
"Glenmar Elementary",2023,"Baltimore County",48,278,17.2661870503597,23.0769230769231
"Glenwood Middle",2026,"Howard",48,490,9.79591836734694,6.66666666666667
"Greenwood Elementary School",2023,"Somerset",48,474,10.126582278481,-5.88235294117647
"H Winship Wheatley E C C",2026,"Prince Georges",48,308,15.5844155844156,-2.04081632653061
"Hazelwood Elementary/Middle",2024,"Baltimore City",48,498,9.63855421686747,20
"Hurlock Elementary School",2025,"Dorchester",48,391,12.2762148337596,23.0769230769231
"Jacobsville Elementary",2020,"Anne Arundel",48,578,8.30449826989619,NA
"Jacobsville Elementary",2024,"Anne Arundel",48,502,9.56175298804781,11.6279069767442
"James Mchenry Elementary/Middle",2026,"Baltimore City",48,607,7.90774299835255,84.6153846153846
"John H. Bayne Elementary",2020,"Prince Georges",48,399,12.0300751879699,NA
"Kemptown Elementary",2024,"Frederick",48,436,11.0091743119266,-7.69230769230769
"Lakewood Elementary",2020,"Montgomery",48,460,10.4347826086957,NA
"Lakewood Elementary",2025,"Montgomery",48,406,11.8226600985222,140
"Legends Public Charter School",2023,"Prince Georges",48,794,6.04534005037783,NA
"Leith Walk Elementary/Middle",2021,"Baltimore City",48,1018,4.71512770137525,-20
"Leonardtown Middle",2024,"Saint Marys",48,954,5.0314465408805,-12.7272727272727
"Margaret Brent Middle",2021,"Saint Marys",48,1002,4.79041916167665,14.2857142857143
"Middletown Elementary",2026,"Frederick",48,462,10.3896103896104,2.12765957446808
"North Dorchester Middle School",2024,"Dorchester",48,423,11.3475177304965,26.3157894736842
"Oklahoma Road Middle",2023,"Carroll",48,742,6.46900269541779,26.3157894736842
"Patterson Mill Middle School",2025,"Harford",48,716,6.70391061452514,-5.88235294117647
"Patuxent Elementary",2026,"Prince Georges",48,292,16.4383561643836,26.3157894736842
"Perryville High",2024,"Cecil",48,876,5.47945205479452,6.66666666666667
"Plum Point Middle",2025,"Calvert",48,619,7.75444264943457,-7.69230769230769
"Prospect Mill Elementary",2021,"Harford",48,566,8.48056537102473,11.6279069767442
"Randallstown Elementary",2026,"Baltimore County",48,372,12.9032258064516,9.09090909090908
"Randallstown High",2022,"Baltimore County",48,1143,4.1994750656168,9.09090909090908
"Relay Elementary",2022,"Baltimore County",48,602,7.9734219269103,23.0769230769231
"Ritchie Park Elementary",2024,"Montgomery",48,361,13.2963988919668,-11.1111111111111
"Rosaryville Elementary",2023,"Prince Georges",48,454,10.5726872246696,9.09090909090908
"Smithsburg Middle",2023,"Washington",48,534,8.98876404494382,4.34782608695652
"Somerset 6/7 Intermediate School",2021,"Somerset",48,424,11.3207547169811,20
"Stevensville Middle School",2022,"Queen Annes",48,491,9.77596741344195,11.6279069767442
"Stevensville Middle School",2023,"Queen Annes",48,496,9.67741935483871,0
"Stevensville Middle School",2024,"Queen Annes",48,471,10.1910828025478,0
"Summit Park Elementary",2026,"Baltimore County",48,483,9.93788819875776,-4
"Swan Creek School",2023,"Harford",48,488,9.83606557377049,-39.2405063291139
"Sykesville Middle",2025,"Carroll",48,697,6.88665710186514,-21.3114754098361
"Tench Tilghman Elementary/Middle",2021,"Baltimore City",48,371,12.9380053908356,-9.43396226415094
"Vivien T. Thomas Medical Arts Academy",2025,"Baltimore City",48,386,12.4352331606218,45.4545454545455
"West Meade Early Education Center",2022,"Anne Arundel",48,228,21.0526315789474,14.2857142857143
"Westbrook Elementary",2021,"Montgomery",48,331,14.5015105740181,-5.88235294117647
"Western High",2020,"Baltimore City",48,1142,4.2031523642732,NA
"Western School Of Technology",2021,"Baltimore County",48,920,5.21739130434783,NA
"Williamsport Elementary",2023,"Washington",48,514,9.33852140077821,-11.1111111111111
"Windy Hill Middle",2020,"Calvert",48,789,6.08365019011407,NA
"Woodmoor Elementary",2022,"Baltimore County",48,552,8.69565217391304,17.0731707317073
"Yorktown Elementary",2020,"Prince Georges",48,403,11.9106699751861,NA
"Abbottston Elementary",2025,"Baltimore City",47,330,14.2424242424242,9.30232558139534
"Belmont Elementary",2023,"Montgomery",47,344,13.6627906976744,NA
"Beverly Farms Elementary",2023,"Montgomery",47,583,8.06174957118353,14.6341463414634
"Boonsboro Middle",2025,"Washington",47,673,6.98365527488856,38.2352941176471
"Bryant Woods Elementary",2024,"Howard",47,359,13.091922005571,-9.61538461538461
"Cedar Grove Elementary",2020,"Montgomery",47,418,11.244019138756,NA
"Cedar Grove Elementary",2022,"Montgomery",47,382,12.303664921466,-6.00000000000001
"Chase Elementary",2020,"Baltimore County",47,398,11.8090452261307,NA
"Chevy Chase Elementary",2020,"Montgomery",47,466,10.0858369098712,NA
"Clear Spring High",2025,"Washington",47,478,9.8326359832636,30.5555555555556
"Davidsonville Elementary",2022,"Anne Arundel",47,601,7.82029950083195,-7.84313725490197
"Dora Kennedy French Immersion",2026,"Prince Georges",47,692,6.79190751445087,-9.61538461538461
"Elkridge Landing Middle",2022,"Howard",47,687,6.84133915574964,-4.08163265306123
"Emmorton Elementary",2023,"Harford",47,548,8.57664233576642,-4.08163265306123
"Francis Scott Key High",2022,"Carroll",47,924,5.08658008658009,-2.08333333333334
"Franklin Elementary",2020,"Baltimore County",47,419,11.2171837708831,NA
"Frederick Classical Charter",2021,"Frederick",47,376,12.5,27.027027027027
"Fulton Elementary",2020,"Howard",47,1021,4.60333006856024,NA
"Glenwood Middle",2020,"Howard",47,515,9.12621359223301,NA
"H. H. Garnett Elementary",2025,"Kent",47,322,14.5962732919255,2.17391304347827
"Hampton Elementary",2026,"Baltimore County",47,578,8.13148788927336,6.81818181818181
"Havre De Grace Middle",2023,"Harford",47,626,7.50798722044728,-7.84313725490197
"Henry E. Lackey High School",2020,"Charles",47,990,4.74747474747475,NA
"Highland Park Elementary",2023,"Prince Georges",47,271,17.3431734317343,-7.84313725490197
"Hurlock Elementary School",2026,"Dorchester",47,383,12.2715404699739,-2.08333333333334
"Imagine Andrews Public Charter",2025,"Prince Georges",47,347,13.5446685878963,-14.5454545454546
"James E. Duckworth",2024,"Prince Georges",47,88,53.4090909090909,NA
"Joppa View Elementary",2026,"Baltimore County",47,486,9.67078189300411,6.81818181818181
"Joppatowne Elementary",2023,"Harford",47,501,9.3812375249501,-16.0714285714286
"Leith Walk Elementary/Middle",2025,"Baltimore City",47,910,5.16483516483516,-4.08163265306123
"Linton Springs Elementary",2025,"Carroll",47,759,6.19235836627141,-4.08163265306123
"Meadowvale Elementary",2020,"Harford",47,518,9.07335907335907,NA
"Middletown Elementary",2025,"Frederick",47,460,10.2173913043478,14.6341463414634
"North Dorchester Middle School",2022,"Dorchester",47,437,10.7551487414188,14.6341463414634
"North East Middle",2021,"Cecil",47,798,5.88972431077694,-9.61538461538461
"Park Hall Elementary",2022,"Saint Marys",47,493,9.53346855983773,-6.00000000000001
"Perrywood Elementary",2026,"Prince Georges",47,492,9.55284552845528,27.027027027027
"Plum Point Elementary",2025,"Calvert",47,568,8.27464788732394,11.9047619047619
"Plum Point Middle",2026,"Calvert",47,594,7.91245791245791,-2.08333333333334
"Pointer Ridge Elementary",2022,"Prince Georges",47,288,16.3194444444444,6.81818181818181
"Pointers Run Elementary",2022,"Howard",47,796,5.90452261306533,9.30232558139534
"Runnymede Elementary",2026,"Carroll",47,620,7.58064516129032,30.5555555555556
"St. Johns Lane Elementary",2025,"Howard",47,636,7.38993710691824,-6.00000000000001
"Sykesville Middle",2023,"Carroll",47,748,6.28342245989305,20.5128205128205
"T. C. Martin Elementary School",2022,"Charles",47,539,8.71985157699443,30.5555555555556
"Thomas Johnson Elementary/Middle",2021,"Baltimore City",47,516,9.10852713178295,6.81818181818181
"Vivien T. Thomas Medical Arts Academy",2026,"Baltimore City",47,364,12.9120879120879,-2.08333333333334
"West Annapolis Elementary",2023,"Anne Arundel",47,233,20.1716738197425,30.5555555555556
"West Annapolis Elementary",2025,"Anne Arundel",47,234,20.0854700854701,2.17391304347827
"Western School Of Technology & Env. Science",2020,"Baltimore County",47,892,5.26905829596413,NA
"Westside Intermediate",2025,"Wicomico",47,342,13.7426900584795,4.44444444444445
"Woodmore Elementary",2025,"Prince Georges",47,402,11.6915422885572,38.2352941176471
"Youths Benefit Elementary",2022,"Harford",47,1103,4.2611060743427,6.81818181818181
"Aacps Virtual Academy",2024,"Anne Arundel",46,427,10.7728337236534,-24.5901639344262
"Abingdon Elementary",2022,"Harford",46,622,7.39549839228296,4.54545454545454
"Annapolis Elementary",2023,"Anne Arundel",46,200,23,12.1951219512195
"Arbutus Middle",2021,"Baltimore County",46,1004,4.58167330677291,15
"Atholton Elementary",2020,"Howard",46,504,9.12698412698413,NA
"Baden Elementary",2021,"Prince Georges",46,198,23.2323232323232,-4.16666666666666
"Barack Obama Elementary",2023,"Prince Georges",46,746,6.16621983914209,6.9767441860465
"Bedford Elementary",2020,"Baltimore County",46,331,13.8972809667674,NA
"Burning Tree Elementary",2020,"Montgomery",46,469,9.80810234541578,NA
"Burning Tree Elementary",2026,"Montgomery",46,467,9.85010706638116,-8
"Calvin M. Rodwell Elementary/Middle",2021,"Baltimore City",46,817,5.63035495716034,31.4285714285714
"Carderock Springs Elementary",2021,"Montgomery",46,319,14.4200626959248,12.1951219512195
"Carderock Springs Elementary",2022,"Montgomery",46,321,14.3302180685358,0
"Carrolltowne Elementary",2024,"Carroll",46,623,7.38362760834671,-9.80392156862745
"Cecilton Elementary",2020,"Cecil",46,319,14.4200626959248,NA
"Chapel District Elementary",2026,"Talbot",46,391,11.7647058823529,9.52380952380953
"Chesapeake Science Point",2022,"Anne Arundel",46,500,9.2,9.52380952380953
"Choptank Elementary School",2025,"Dorchester",46,319,14.4200626959248,2.22222222222221
"Choptank Elementary School",2026,"Dorchester",46,329,13.9817629179331,0
"Crisfield Academy And High School",2024,"Somerset",46,373,12.3324396782842,-6.12244897959183
"Dayton Oaks Elementary",2025,"Howard",46,739,6.22462787550744,-9.80392156862745
"Deer Crossing Elementary",2023,"Frederick",46,505,9.10891089108911,39.3939393939394
"Edmondson-Westside High",2023,"Baltimore City",46,859,5.35506402793946,15
"Fallston High",2025,"Harford",46,1036,4.44015444015444,-6.12244897959183
"Fort Worthington Elementary/Middle",2020,"Baltimore City",46,802,5.7356608478803,NA
"Frederick Classical Charter",2026,"Frederick",46,393,11.704834605598,6.9767441860465
"Friendship Valley Elementary",2024,"Carroll",46,499,9.21843687374749,2.22222222222221
"G. Lisby Elementary At Hillsdale",2022,"Harford",46,475,9.68421052631579,15
"Glenmar Elementary",2024,"Baltimore County",46,274,16.7883211678832,-4.16666666666666
"H. H. Garnett Elementary",2024,"Kent",46,329,13.9817629179331,6.9767441860465
"Halls Cross Roads Elementary",2020,"Harford",46,454,10.1321585903084,NA
"Halstead Academy",2021,"Baltimore County",46,478,9.6234309623431,2.22222222222221
"Highland Park Elementary",2021,"Prince Georges",46,251,18.3266932270916,-9.80392156862745
"John H. Bayne Elementary",2024,"Prince Georges",46,310,14.8387096774194,21.0526315789474
"Joppatowne Elementary",2025,"Harford",46,495,9.29292929292929,15
"Kennard Elementary School",2024,"Queen Annes",46,481,9.56340956340956,4.54545454545454
"Lisbon Elementary",2022,"Howard",46,402,11.4427860696517,15
"Lisbon Elementary",2023,"Howard",46,453,10.1545253863135,0
"Lisbon Elementary",2026,"Howard",46,477,9.64360587002096,-11.5384615384615
"Marriotts Ridge High",2020,"Howard",46,1472,3.125,NA
"Northwest Academy Of Health Sciences",2021,"Baltimore County",46,784,5.86734693877551,9.52380952380953
"Paramount Elementary",2020,"Washington",46,411,11.1922141119221,NA
"Parkway Elementary",2023,"Frederick",46,258,17.8294573643411,-22.0338983050847
"Phyllis E. Williams Elementary",2022,"Prince Georges",46,376,12.2340425531915,9.52380952380953
"Pine Grove Elementary",2020,"Baltimore County",46,601,7.65391014975042,NA
"Pine Grove Elementary",2021,"Baltimore County",46,565,8.14159292035398,0
"Pine Grove Elementary",2023,"Baltimore County",46,503,9.14512922465209,-6.12244897959183
"Pine Grove Elementary",2024,"Baltimore County",46,475,9.68421052631579,0
"Preston Elementary School",2025,"Caroline",46,381,12.0734908136483,6.9767441860465
"Rising Sun Elementary",2020,"Cecil",46,681,6.75477239353891,NA
"Rossville Elementary",2023,"Baltimore County",46,613,7.50407830342577,NA
"Smithsburg Middle",2022,"Washington",46,531,8.66290018832392,-8
"Southern Middle",2022,"Calvert",46,442,10.4072398190045,-75.1351351351351
"St. Michaels Middle/High School",2024,"Talbot",46,453,10.1545253863135,15
"Taneytown Elementary",2024,"Carroll",46,475,9.68421052631579,-6.12244897959183
"The Crossroads School",2023,"Baltimore City",46,162,28.3950617283951,15
"Thurmont Primary",2026,"Frederick",46,352,13.0681818181818,12.1951219512195
"Tulip Grove Elementary",2021,"Prince Georges",46,335,13.7313432835821,12.1951219512195
"Twin Ridge Elementary",2020,"Frederick",46,473,9.72515856236786,NA
"Washington Academy And High School",2022,"Somerset",46,566,8.12720848056537,6.9767441860465
"Wayside Elementary",2026,"Montgomery",46,453,10.1545253863135,6.9767441860465
"Wellwood International School",2023,"Baltimore County",46,462,9.95670995670996,-8
"West Annapolis Elementary",2024,"Anne Arundel",46,240,19.1666666666667,-2.12765957446809
"Westbrook Elementary",2022,"Montgomery",46,285,16.140350877193,-4.16666666666666
"Western School Of Technology",2022,"Baltimore County",46,937,4.90928495197439,-4.16666666666666
"Woodmoor Elementary",2020,"Baltimore County",46,614,7.49185667752443,NA
"Annapolis Elementary",2025,"Anne Arundel",45,190,23.6842105263158,2.27272727272727
"Bayside Elementary School",2025,"Queen Annes",45,368,12.2282608695652,25
"Beach Elementary",2026,"Calvert",45,507,8.87573964497041,15.3846153846154
"Belmont Elementary",2021,"Montgomery",45,340,13.2352941176471,NA
"Belvedere Elementary",2021,"Anne Arundel",45,483,9.3167701863354,-19.6428571428571
"Burleigh Manor Middle School",2021,"Howard",45,844,5.33175355450237,32.3529411764706
"Bushy Park Elementary",2023,"Howard",45,621,7.2463768115942,25
"Calvert Elementary",2023,"Calvert",45,484,9.29752066115702,125
"Capitol Heights Elementary",2020,"Prince Georges",45,336,13.3928571428571,NA
"Carderock Springs Elementary",2023,"Montgomery",45,337,13.353115727003,-2.17391304347826
"Catonsville Elementary",2023,"Baltimore County",45,649,6.93374422187981,-23.728813559322
"Centennial Lane Elementary",2024,"Howard",45,742,6.06469002695418,21.6216216216216
"Centennial Lane Elementary",2025,"Howard",45,749,6.00801068090788,0
"Centreville Middle School",2021,"Queen Annes",45,549,8.19672131147541,15.3846153846154
"Chapel Forge E C C",2026,"Prince Georges",45,199,22.6130653266332,-6.25
"Chesapeake Science Point",2020,"Anne Arundel",45,464,9.69827586206897,NA
"Choptank Elementary School",2022,"Dorchester",45,383,11.7493472584856,-13.4615384615385
"Choptank Elementary School",2024,"Dorchester",45,348,12.9310344827586,-11.7647058823529
"Crisfield Academy And High School",2020,"Somerset",45,415,10.8433734939759,NA
"Crisfield Academy And High School",2021,"Somerset",45,401,11.2219451371571,0
"Crisfield Academy And High School",2026,"Somerset",45,375,12,9.75609756097562
"Davidsonville Elementary",2024,"Anne Arundel",45,667,6.74662668665667,-11.7647058823529
"Dora Kennedy French Immersion",2021,"Prince Georges",45,654,6.88073394495413,4.65116279069768
"Dr. James Craik Elementary School",2021,"Charles",45,499,9.01803607214429,21.6216216216216
"Dufief Elementary",2021,"Montgomery",45,305,14.7540983606557,9.75609756097562
"Ellicott Mills Middle",2024,"Howard",45,721,6.24133148404993,18.4210526315789
"Emma K. Doub Elementary",2022,"Washington",45,365,12.3287671232877,7.14285714285714
"Excel Academy Public Charter",2025,"Prince Georges",45,454,9.91189427312775,28.5714285714286
"Friendship Valley Elementary",2023,"Carroll",45,524,8.58778625954199,15.3846153846154
"Fruitland Intermediate",2023,"Wicomico",45,393,11.4503816793893,-10
"Fruitland Intermediate",2025,"Wicomico",45,343,13.1195335276968,7.14285714285714
"Fruitland Primary",2022,"Wicomico",45,438,10.2739726027397,45.1612903225806
"Glen Avenue School",2024,"Wicomico",45,388,11.5979381443299,40.625
"Glenwood Middle",2025,"Howard",45,494,9.10931174089069,12.5
"Greenview Knolls Elementary",2021,"Saint Marys",45,419,10.7398568019093,7.14285714285714
"Halstead Academy",2020,"Baltimore County",45,515,8.7378640776699,NA
"Harford Hills Elementary",2022,"Baltimore County",45,396,11.3636363636364,40.625
"Highland Park Elementary",2024,"Prince Georges",45,243,18.5185185185185,-4.25531914893616
"Hurlock Elementary School",2023,"Dorchester",45,384,11.71875,25
"J. Frank Dent Elementary",2026,"Prince Georges",45,242,18.595041322314,2.27272727272727
"Jacobsville Elementary",2025,"Anne Arundel",45,474,9.49367088607595,-6.25
"James Ryder Randall E C C",2025,"Prince Georges",45,193,23.3160621761658,50
"Kent County Middle School",2024,"Kent",45,382,11.7801047120419,2.27272727272727
"Kent Island Elementary School",2023,"Queen Annes",45,412,10.9223300970874,-13.4615384615385
"Lakewood Elementary",2021,"Montgomery",45,415,10.8433734939759,NA
"Manchester Elementary",2025,"Carroll",45,671,6.70640834575261,9.75609756097562
"Manor View Elementary",2024,"Anne Arundel",45,215,20.9302325581395,-11.7647058823529
"Monocacy Valley Montessori",2023,"Frederick",45,298,15.1006711409396,18.4210526315789
"New Town High",2026,"Baltimore County",45,1348,3.33827893175074,15.3846153846154
"North Bend Elementary/Middle",2025,"Baltimore City",45,482,9.33609958506224,60.7142857142857
"Northern Middle",2024,"Calvert",45,682,6.59824046920821,-73.8372093023256
"Northwest Middle",2025,"Carroll",45,655,6.87022900763359,12.5
"Northwest Middle",2026,"Carroll",45,678,6.63716814159292,0
"Pasadena Elementary",2024,"Anne Arundel",45,330,13.6363636363636,21.6216216216216
"Perryville High",2023,"Cecil",45,858,5.24475524475525,25
"Piccowaxen Middle School",2026,"Charles",45,601,7.48752079866889,-8.16326530612245
"Pine Grove Middle",2021,"Baltimore County",45,926,4.85961123110151,-10
"Relay Elementary",2020,"Baltimore County",45,659,6.82852807283763,NA
"Ritchie Park Elementary",2026,"Montgomery",45,348,12.9310344827586,9.75609756097562
"Seven Locks Elementary",2020,"Montgomery",45,425,10.5882352941176,NA
"Seven Locks Elementary",2025,"Montgomery",45,376,11.968085106383,28.5714285714286
"Seven Oaks Elementary",2024,"Anne Arundel",45,509,8.84086444007858,12.5
"Showell Elementary",2026,"Worcester",45,648,6.94444444444444,2.27272727272727
"Somerset 6/7 Intermediate School",2022,"Somerset",45,401,11.2219451371571,-6.25
"Sunderland Elementary",2025,"Calvert",45,606,7.42574257425743,7.14285714285714
"Swan Creek School",2024,"Harford",45,402,11.1940298507463,-6.25
"The Crossroads School",2024,"Baltimore City",45,163,27.6073619631902,-2.17391304347826
"Waverly Elementary",2026,"Howard",45,846,5.31914893617021,2.27272727272727
"West Towson Elementary",2026,"Baltimore County",45,470,9.57446808510638,25
"Western School Of Technology",2025,"Baltimore County",45,942,4.77707006369427,-10
"Westowne Elementary",2020,"Baltimore County",45,698,6.44699140401146,NA
"Westside Intermediate",2024,"Wicomico",45,342,13.1578947368421,9.75609756097562
"Aacps Virtual Academy",2026,"Anne Arundel",44,388,11.340206185567,15.7894736842105
"Abingdon Elementary",2021,"Harford",44,649,6.77966101694915,-20
"Annapolis Elementary",2024,"Anne Arundel",44,183,24.0437158469945,-4.34782608695652
"Arnold Elementary",2024,"Anne Arundel",44,496,8.87096774193548,15.7894736842105
"Arnold Elementary",2025,"Anne Arundel",44,454,9.69162995594714,0
"Boonsboro High",2022,"Washington",44,834,5.2757793764988,10
"Boonsboro High",2023,"Washington",44,747,5.89022757697456,0
"Bradley Hills Elementary",2021,"Montgomery",44,497,8.85311871227364,18.9189189189189
"Bradley Hills Elementary",2025,"Montgomery",44,474,9.28270042194093,29.4117647058824
"Buckingham Elementary",2022,"Worcester",44,488,9.01639344262295,-22.8070175438597
"Buckingham Elementary",2025,"Worcester",44,518,8.49420849420849,15.7894736842105
"Cecilton Elementary",2026,"Cecil",44,275,16,-22.8070175438597
"Centreville Middle School",2026,"Queen Annes",44,476,9.2436974789916,7.31707317073171
"Chapel Forge E C C",2024,"Prince Georges",44,215,20.4651162790698,NA
"Clarksville Elementary",2021,"Howard",44,501,8.78243512974052,131.578947368421
"Concord Elementary",2023,"Prince Georges",44,275,16,15.7894736842105
"Cora L. Rice Elementary",2023,"Prince Georges",44,526,8.36501901140684,29.4117647058824
"Denton Elementary School",2023,"Caroline",44,627,7.01754385964912,10
"Dowell Elementary",2020,"Calvert",44,604,7.28476821192053,NA
"Edgemere Elementary",2025,"Baltimore County",44,458,9.60698689956332,29.4117647058824
"Emma K. Doub Elementary",2020,"Washington",44,368,11.9565217391304,NA
"Emmorton Elementary",2024,"Harford",44,556,7.9136690647482,-6.38297872340425
"Federal Hill Preparatory Academy",2024,"Baltimore City",44,313,14.0575079872204,12.8205128205128
"Fountaindale Elementary",2020,"Washington",44,394,11.1675126903553,NA
"Fountaindale Elementary",2022,"Washington",44,363,12.1212121212121,12.8205128205128
"Glen Avenue School",2025,"Wicomico",44,386,11.3989637305699,-2.22222222222223
"Glenmount Elementary/Middle",2022,"Baltimore City",44,682,6.45161290322581,25.7142857142857
"Glenmount Elementary/Middle",2023,"Baltimore City",44,657,6.69710806697108,0
"Halls Cross Roads Elementary",2022,"Harford",44,438,10.0456621004566,18.9189189189189
"Hampton Elementary",2025,"Baltimore County",44,555,7.92792792792793,-18.5185185185185
"Hawthorne Elementary",2020,"Baltimore County",44,525,8.38095238095238,NA
"Honeygo Elementary",2025,"Baltimore County",44,698,6.30372492836676,18.9189189189189
"Honeygo Elementary",2026,"Baltimore County",44,687,6.40465793304221,0
"J. Frank Dent Elementary",2025,"Prince Georges",44,243,18.1069958847737,51.7241379310345
"Joppa View Elementary",2025,"Baltimore County",44,491,8.96130346232179,7.31707317073171
"Kemptown Elementary",2022,"Frederick",44,374,11.7647058823529,18.9189189189189
"Kemptown Elementary",2026,"Frederick",44,424,10.377358490566,4.76190476190477
"Kennard Elementary School",2023,"Queen Annes",44,455,9.67032967032967,22.2222222222222
"Kent County Middle School",2022,"Kent",44,392,11.2244897959184,18.9189189189189
"Kent County Middle School",2023,"Kent",44,399,11.0275689223058,0
"Liberty High",2021,"Carroll",44,993,4.43101711983887,-18.5185185185185
"Lisbon Elementary",2024,"Howard",44,460,9.56521739130435,-4.34782608695652
"Margaret Brent Middle",2026,"Saint Marys",44,855,5.14619883040936,10
"Mary H. Matula Elementary School",2022,"Charles",44,537,8.19366852886406,4.76190476190477
"Mary H. Matula Elementary School",2023,"Charles",44,551,7.98548094373866,0
"Middletown Elementary",2022,"Frederick",44,434,10.1382488479263,22.2222222222222
"Millersville Elementary",2024,"Anne Arundel",44,385,11.4285714285714,33.3333333333333
"Mount Airy Elementary",2026,"Carroll",44,421,10.4513064133017,-10.2040816326531
"New Market Elementary",2021,"Frederick",44,632,6.9620253164557,2.32558139534884
"Northwest Academy Of Health Sciences",2025,"Baltimore County",44,808,5.44554455445545,-10.2040816326531
"Patterson Mill Middle School",2026,"Harford",44,733,6.00272851296044,-8.33333333333334
"Pointer Ridge Elementary",2021,"Prince Georges",44,305,14.4262295081967,25.7142857142857
"Pointers Run Elementary",2023,"Howard",44,812,5.41871921182266,-6.38297872340425
"Preston Elementary School",2026,"Caroline",44,396,11.1111111111111,-4.34782608695652
"Randallstown Elementary",2025,"Baltimore County",44,322,13.6645962732919,18.9189189189189
"Randallstown High",2020,"Baltimore County",44,1048,4.19847328244275,NA
"Randallstown High",2021,"Baltimore County",44,1097,4.01093892433911,0
"Ridgely Elementary School",2024,"Caroline",44,427,10.3044496487119,10
"Rockburn Elementary",2022,"Howard",44,636,6.91823899371069,22.2222222222222
"Rosaryville Elementary",2022,"Prince Georges",44,436,10.0917431192661,62.962962962963
"Seven Oaks Elementary",2022,"Baltimore County",44,476,9.2436974789916,4.76190476190477
"Showell Elementary",2025,"Worcester",44,638,6.89655172413793,25.7142857142857
"Smithsburg High",2021,"Washington",44,734,5.99455040871935,-16.9811320754717
"Somerset 6/7 Intermediate School",2026,"Somerset",44,400,11,12.8205128205128
"Southern Middle",2021,"Calvert",44,469,9.3816631130064,-71.0526315789474
"Sunderland Elementary",2026,"Calvert",44,600,7.33333333333333,-2.22222222222223
"The Crossroads School",2025,"Baltimore City",44,162,27.1604938271605,-2.22222222222223
"Thomas Johnson Elementary/Middle",2020,"Baltimore City",44,548,8.02919708029197,NA
"Waverly Elementary",2025,"Howard",44,827,5.32043530834341,10
"White Marsh Elementary",2020,"Talbot",44,367,11.9891008174387,NA
"Youths Benefit Elementary",2021,"Harford",44,1082,4.06654343807763,10
"Abbottston Elementary",2024,"Baltimore City",43,338,12.7218934911243,26.4705882352941
"Achievement Academy At Harbor City High",2026,"Baltimore City",43,494,8.70445344129555,138.888888888889
"Alternative Programs",2020,"Montgomery",43,126,34.1269841269841,NA
"Arundel Elementary",2025,"Baltimore City",43,434,9.90783410138249,38.7096774193548
"Baltimore International Academy",2021,"Baltimore City",43,752,5.71808510638298,7.5
"Barack Obama Elementary",2022,"Prince Georges",43,719,5.98052851182197,4.87804878048781
"Beverly Farms Elementary",2021,"Montgomery",43,570,7.54385964912281,-17.3076923076923
"Bohemia Manor Middle",2020,"Cecil",43,495,8.68686868686869,NA
"Boonsboro Middle",2026,"Washington",43,672,6.39880952380952,-8.51063829787234
"Broadneck Elementary",2024,"Anne Arundel",43,645,6.66666666666667,-15.6862745098039
"Buckingham Elementary",2026,"Worcester",43,514,8.36575875486381,-2.27272727272727
"Calvert Elementary",2025,"Calvert",43,495,8.68686868686869,95.4545454545455
"Carderock Springs Elementary",2025,"Montgomery",43,363,11.8457300275482,10.2564102564103
"Cecilton Elementary",2021,"Cecil",43,282,15.2482269503546,-6.52173913043478
"Chapel Forge Early Childhood Center",2020,"Prince Georges",43,254,16.9291338582677,NA
"Chapel Hill Elementary",2025,"Baltimore County",43,535,8.03738317757009,16.2162162162162
"Chapel Hill Elementary",2026,"Baltimore County",43,516,8.33333333333333,0
"Cherry Hill Middle",2022,"Cecil",43,385,11.1688311688312,-17.3076923076923
"Chevy Chase Elementary",2022,"Montgomery",43,456,9.42982456140351,2.38095238095237
"Dogwood Elementary",2026,"Baltimore County",43,474,9.07172995780591,-10.4166666666667
"Dora Kennedy French Immersion",2020,"Prince Georges",43,676,6.36094674556213,NA
"Ellicott Mills Middle",2020,"Howard",43,909,4.73047304730473,NA
"Emmorton Elementary",2026,"Harford",43,579,7.426597582038,-10.4166666666667
"Ferndale Early Education Center",2025,"Anne Arundel",43,130,33.0769230769231,43.3333333333333
"Frederick Classical Charter",2025,"Frederick",43,376,11.436170212766,-10.4166666666667
"Glenmar Elementary",2025,"Baltimore County",43,263,16.3498098859316,-6.52173913043478
"H. H. Garnett Elementary",2023,"Kent",43,347,12.3919308357349,26.4705882352941
"Halethorpe Elementary",2023,"Baltimore County",43,273,15.7509157509158,43.3333333333333
"Hernwood Elementary",2026,"Baltimore County",43,393,10.941475826972,22.8571428571429
"Hickory Elementary",2025,"Harford",43,635,6.77165354330709,-72.9559748427673
"Highland Park Elementary",2025,"Prince Georges",43,210,20.4761904761905,-4.44444444444444
"Hollywood Elementary",2025,"Saint Marys",43,414,10.3864734299517,-80.365296803653
"Jacobsville Elementary",2023,"Anne Arundel",43,510,8.43137254901961,-15.6862745098039
"Joppatowne Elementary",2026,"Harford",43,485,8.8659793814433,-6.52173913043478
"Kennard Elementary School",2025,"Queen Annes",43,477,9.0146750524109,-6.52173913043478
"Kennard Elementary School",2026,"Queen Annes",43,473,9.09090909090909,0
"Leith Walk Elementary/Middle",2023,"Baltimore City",43,967,4.44674250258532,-17.3076923076923
"Lewistown Elementary",2025,"Frederick",43,152,28.2894736842105,13.1578947368421
"Liberty High",2022,"Carroll",43,1002,4.29141716566866,-2.27272727272727
"Lime Kiln Middle",2025,"Howard",43,675,6.37037037037037,2.38095238095237
"Manchester Elementary",2023,"Carroll",43,673,6.38930163447251,10.2564102564103
"Manor Woods Elementary",2021,"Howard",43,697,6.16929698708752,30.3030303030303
"Mount View Middle",2026,"Howard",43,854,5.03512880562061,2.38095238095237
"New Market Elementary",2020,"Frederick",43,684,6.28654970760234,NA
"New Town Elementary",2022,"Baltimore County",43,840,5.11904761904762,22.8571428571429
"North Bend Elementary/Middle",2026,"Baltimore City",43,483,8.90269151138716,-4.44444444444444
"North Dorchester High School",2022,"Dorchester",43,562,7.65124555160142,2.38095238095237
"North Dorchester Middle School",2025,"Dorchester",43,414,10.3864734299517,-10.4166666666667
"Overlook Elementary",2023,"Prince Georges",43,328,13.109756097561,-31.7460317460317
"Pemberton Elementary",2023,"Wicomico",43,546,7.87545787545788,4.87804878048781
"Perry Hall Elementary",2025,"Baltimore County",43,476,9.03361344537815,30.3030303030303
"Piney Ridge Elementary",2023,"Carroll",43,578,7.43944636678201,19.4444444444444
"Pointers Run Elementary",2021,"Howard",43,779,5.5198973042362,30.3030303030303
"Preston Elementary School",2024,"Caroline",43,396,10.8585858585859,16.2162162162162
"Prospect Mill Elementary",2020,"Harford",43,591,7.27580372250423,NA
"Prospect Mill Elementary",2025,"Harford",43,579,7.426597582038,16.2162162162162
"Red Pump Elementary School",2021,"Harford",43,758,5.67282321899736,22.8571428571429
"Red Pump Elementary School",2024,"Harford",43,753,5.71049136786189,-12.2448979591837
"Rising Sun Elementary",2025,"Cecil",43,609,7.06075533661741,19.4444444444444
"Sandy Hill Elementary",2024,"Dorchester",43,397,10.831234256927,16.2162162162162
"Scotts Branch Elementary",2024,"Baltimore County",43,465,9.24731182795699,7.5
"Seven Locks Elementary",2026,"Montgomery",43,370,11.6216216216216,-4.44444444444444
"Seven Oaks Elementary",2025,"Baltimore County",43,454,9.47136563876652,34.375
"Seven Oaks Elementary",2026,"Baltimore County",43,437,9.83981693363844,72
"Showell Elementary",2021,"Worcester",43,649,6.62557781201849,48.2758620689655
"Southern Middle",2020,"Calvert",43,495,8.68686868686869,-69.2857142857143
"Sparrows Point Middle",2024,"Baltimore County",43,553,7.77576853526221,26.4705882352941
"St. Johns Lane Elementary",2020,"Howard",43,764,5.6282722513089,NA
"St. Johns Lane Elementary",2023,"Howard",43,641,6.70826833073323,34.375
"Stevensville Middle School",2021,"Queen Annes",43,522,8.23754789272031,10.2564102564103
"Stone Mill Elementary",2021,"Montgomery",43,521,8.25335892514395,-17.3076923076923
"Sunset Elementary",2024,"Anne Arundel",43,440,9.77272727272727,4.87804878048781
"The Historic Cherry Hill Elementary/Middle",2026,"Baltimore City",43,512,8.3984375,16.2162162162162
"Washington Academy And High School",2021,"Somerset",43,589,7.30050933786078,16.2162162162162
"Wayside Elementary",2024,"Montgomery",43,470,9.14893617021277,16.2162162162162
"Wayside Elementary",2025,"Montgomery",43,465,9.24731182795699,0
"Western School Of Technology",2023,"Baltimore County",43,942,4.56475583864119,-6.52173913043478
"Windsor Mill Middle",2024,"Baltimore County",43,609,7.06075533661741,2.38095238095237
"Windsor Mill Middle",2026,"Baltimore County",43,587,7.32538330494037,2.38095238095237
"Bayside Elementary School",2021,"Queen Annes",42,393,10.6870229007634,31.25
"Beach Elementary",2020,"Calvert",42,518,8.10810810810811,NA
"Beach Elementary",2021,"Calvert",42,483,8.69565217391304,0
"Beach Elementary",2022,"Calvert",42,492,8.53658536585366,0
"Beechfield Elementary/Middle",2025,"Baltimore City",42,510,8.23529411764706,35.4838709677419
"Belmont Elementary",2022,"Montgomery",42,338,12.4260355029586,NA
"Beverly Farms Elementary",2024,"Montgomery",42,561,7.48663101604278,-10.6382978723404
"Bohemia Manor High",2020,"Cecil",42,647,6.49149922720247,NA
"Burleigh Manor Middle School",2023,"Howard",42,806,5.21091811414392,16.6666666666667
"Centreville Elementary School",2020,"Queen Annes",42,527,7.9696394686907,NA
"Chapel District Elementary",2025,"Talbot",42,359,11.6991643454039,2.4390243902439
"Charles H. Chipman Elementary",2026,"Wicomico",42,348,12.0689655172414,31.25
"Chesapeake Charter School",2026,"Saint Marys",42,539,7.79220779220779,27.2727272727273
"Chesapeake Science Point",2021,"Anne Arundel",42,500,8.4,-6.66666666666667
"Chevy Chase Elementary",2021,"Montgomery",42,441,9.52380952380952,-10.6382978723404
"Crisfield Academy And High School",2022,"Somerset",42,379,11.0817941952507,-6.66666666666667
"Deep Creek Elementary",2022,"Baltimore County",42,425,9.88235294117647,31.25
"Edgemere Elementary",2026,"Baltimore County",42,467,8.99357601713062,-4.54545454545454
"Emma K. Doub Elementary",2021,"Washington",42,350,12,-4.54545454545454
"Folger Mckinsey Elementary",2025,"Anne Arundel",42,644,6.52173913043478,2.4390243902439
"Fruitland Intermediate",2024,"Wicomico",42,348,12.0689655172414,-6.66666666666667
"Fulton Elementary",2025,"Howard",42,872,4.81651376146789,7.69230769230769
"Furley Elementary",2026,"Baltimore City",42,461,9.11062906724512,27.2727272727273
"Green Holly Elementary School",2022,"Saint Marys",42,477,8.80503144654088,31.25
"Greenview Knolls Elementary",2020,"Saint Marys",42,418,10.0478468899522,NA
"Hawthorne Elementary",2021,"Baltimore County",42,442,9.50226244343891,-4.54545454545454
"Hereford Middle",2022,"Baltimore County",42,911,4.61031833150384,16.6666666666667
"Hickory Elementary",2023,"Harford",42,657,6.39269406392694,-65.8536585365854
"John H. Bayne Elementary",2022,"Prince Georges",42,342,12.280701754386,10.5263157894737
"Joppa View Elementary",2022,"Baltimore County",42,675,6.22222222222222,31.25
"Kemptown Elementary",2020,"Frederick",42,403,10.4218362282878,NA
"Kemptown Elementary",2025,"Frederick",42,448,9.375,-12.5
"Kenmoor Early Childhood Center",2022,"Prince Georges",42,121,34.7107438016529,-30
"Lewistown Elementary",2026,"Frederick",42,156,26.9230769230769,-2.32558139534884
"Lime Kiln Middle",2024,"Howard",42,650,6.46153846153846,20
"Manor Woods Elementary",2023,"Howard",42,662,6.34441087613293,-14.2857142857143
"Mardela Middle & High",2025,"Wicomico",42,742,5.66037735849057,13.5135135135135
"Mardela Middle & High",2026,"Wicomico",42,731,5.74555403556772,0
"Margaret Brent Middle",2020,"Saint Marys",42,1043,4.02684563758389,NA
"Mary H. Matula Elementary School",2021,"Charles",42,531,7.90960451977401,-14.2857142857143
"Mill Creek Middle",2020,"Calvert",42,517,8.12379110251451,NA
"Moravia Park Elementary",2026,"Baltimore City",42,682,6.158357771261,7.69230769230769
"Mount View Middle",2025,"Howard",42,881,4.76730987514188,20
"North Dorchester High School",2021,"Dorchester",42,590,7.11864406779661,7.69230769230769
"Northwest Academy Of Health Sciences",2020,"Baltimore County",42,785,5.35031847133758,NA
"Patuxent Elementary",2024,"Prince Georges",42,284,14.7887323943662,27.2727272727273
"Phyllis E. Williams Elementary",2021,"Prince Georges",42,392,10.7142857142857,13.5135135135135
"Pine Grove Elementary",2025,"Baltimore County",42,418,10.0478468899522,-8.69565217391305
"Pine Grove Elementary",2026,"Baltimore County",42,400,10.5,0
"Plum Point Elementary",2024,"Calvert",42,556,7.55395683453237,7.69230769230769
"Plum Point Elementary",2026,"Calvert",42,568,7.3943661971831,-10.6382978723404
"Rising Sun Middle School",2021,"Cecil",42,685,6.13138686131387,23.5294117647059
"Sandymount Elementary",2022,"Carroll",42,515,8.15533980582524,10.5263157894737
"Seven Oaks Elementary",2021,"Anne Arundel",42,501,8.38323353293413,90.9090909090909
"Seven Oaks Elementary",2022,"Anne Arundel",42,494,8.50202429149797,23.5294117647059
"Smithsburg Middle",2020,"Washington",42,582,7.21649484536082,NA
"Somerset 6/7 Intermediate School",2024,"Somerset",42,383,10.9660574412533,5
"Southern Middle",2023,"Calvert",42,449,9.35412026726058,-78.6802030456853
"Sunderland Elementary",2024,"Calvert",42,639,6.57276995305164,-17.6470588235294
"Thomas Johnson Elementary/Middle",2022,"Baltimore City",42,491,8.55397148676171,-10.6382978723404
"Timonium Elementary",2023,"Baltimore County",42,452,9.29203539823009,27.2727272727273
"Wellwood International School",2021,"Baltimore County",42,496,8.46774193548387,NA
"West Meade Early Education Center",2021,"Anne Arundel",42,210,20,-34.375
"Windsor Mill Middle",2023,"Baltimore County",42,626,6.70926517571885,10.5263157894737
"Windsor Mill Middle",2025,"Baltimore County",42,606,6.93069306930693,-2.32558139534884
"Woodmore Elementary",2026,"Prince Georges",42,420,10,-10.6382978723404
"Annapolis Elementary",2020,"Anne Arundel",41,214,19.1588785046729,NA
"Annapolis Elementary",2022,"Anne Arundel",41,186,22.0430107526882,7.89473684210527
"Arbutus Elementary",2025,"Baltimore County",41,410,10,57.6923076923077
"Barack Obama Elementary",2021,"Prince Georges",41,743,5.51816958277254,2.49999999999999
"Barack Obama Elementary",2025,"Prince Georges",41,629,6.51828298887122,20.5882352941176
"Bay View Elementary",2023,"Cecil",41,468,8.76068376068376,10.8108108108108
"Beverly Farms Elementary",2022,"Montgomery",41,545,7.52293577981651,-4.65116279069767
"Bohemia Manor Middle",2024,"Cecil",41,442,9.27601809954751,2.49999999999999
"Capitol Heights Elementary",2021,"Prince Georges",41,297,13.8047138047138,-8.88888888888889
"Carderock Springs Elementary",2020,"Montgomery",41,366,11.2021857923497,NA
"Carrolltowne Elementary",2025,"Carroll",41,593,6.91399662731872,-10.8695652173913
"Catoctin High",2021,"Frederick",41,719,5.70236439499305,7.89473684210527
"Centreville Middle School",2025,"Queen Annes",41,501,8.18363273453094,13.8888888888889
"Chapel District Elementary",2024,"Talbot",41,355,11.5492957746479,10.8108108108108
"City Springs Elementary/Middle",2026,"Baltimore City",41,493,8.31643002028398,13.8888888888889
"Colonel Richardson Middle School",2026,"Caroline",41,371,11.0512129380054,10.8108108108108
"Crisfield Academy And High School",2025,"Somerset",41,366,11.2021857923497,-10.8695652173913
"Dallas F. Nicholas, Sr., Elementary",2026,"Baltimore City",41,187,21.9251336898396,17.1428571428571
"Davidsonville Elementary",2020,"Anne Arundel",41,678,6.04719764011799,NA
"Dayton Oaks Elementary",2026,"Howard",41,719,5.70236439499305,-10.8695652173913
"Dogwood Elementary",2024,"Baltimore County",41,450,9.11111111111111,17.1428571428571
"Dowell Elementary",2026,"Calvert",41,552,7.42753623188406,10.8108108108108
"Dufief Elementary",2020,"Montgomery",41,316,12.9746835443038,NA
"Ellicott Mills Middle",2021,"Howard",41,789,5.19645120405577,-4.65116279069767
"Excel Academy At Francis M. Wood High",2026,"Baltimore City",41,439,9.33940774487472,127.777777777778
"Fallston High",2021,"Harford",41,977,4.19651995905834,13.8888888888889
"Folger Mckinsey Elementary",2024,"Anne Arundel",41,627,6.53907496012759,28.125
"Fulton Elementary",2021,"Howard",41,838,4.89260143198091,-12.7659574468085
"Fulton Elementary",2026,"Howard",41,857,4.78413068844807,-2.38095238095238
"Glen Avenue School",2020,"Wicomico",41,416,9.85576923076923,NA
"Greenwood Elementary School",2021,"Somerset",41,454,9.03083700440529,13.8888888888889
"Hereford Middle",2023,"Baltimore County",41,903,4.54042081949059,-2.38095238095238
"Hereford Middle",2025,"Baltimore County",41,861,4.76190476190476,20.5882352941176
"Hickory Elementary",2020,"Harford",41,691,5.93342981186686,NA
"Hollywood Elementary",2024,"Saint Marys",41,425,9.64705882352941,-82.1739130434783
"Joppa View Elementary",2024,"Baltimore County",41,514,7.97665369649805,7.89473684210527
"Kent County High",2020,"Kent",41,568,7.21830985915493,NA
"Kent County Middle School",2020,"Kent",41,421,9.73871733966746,NA
"Manchester Elementary",2024,"Carroll",41,663,6.18401206636501,-4.65116279069767
"Manchester Elementary",2026,"Carroll",41,628,6.52866242038217,-8.88888888888889
"Margaret Brent Middle",2022,"Saint Marys",41,964,4.25311203319502,-14.5833333333333
"Margaret Brent Middle",2023,"Saint Marys",41,935,4.38502673796792,0
"Meadowvale Elementary",2021,"Harford",41,454,9.03083700440529,-12.7659574468085
"Middletown Elementary",2023,"Frederick",41,441,9.29705215419501,-6.81818181818182
"Middletown Elementary",2024,"Frederick",41,453,9.05077262693157,0
"Mount Harmony Elementary",2020,"Calvert",41,616,6.65584415584416,NA
"Myersville Elementary",2023,"Frederick",41,409,10.0244498777506,28.125
"Myersville Elementary",2026,"Frederick",41,426,9.62441314553991,5.12820512820513
"North Carroll Middle",2025,"Carroll",41,626,6.54952076677316,5.12820512820513
"North Dorchester Middle School",2021,"Dorchester",41,461,8.89370932754881,20.5882352941176
"North Dorchester Middle School",2026,"Dorchester",41,426,9.62441314553991,-4.65116279069767
"Northwest Academy Of Health Sciences",2022,"Baltimore County",41,744,5.51075268817204,-10.8695652173913
"Oak Hill Elementary",2023,"Anne Arundel",41,614,6.67752442996743,28.125
"Parkway Elementary",2020,"Frederick",41,242,16.9421487603306,NA
"Pemberton Elementary",2022,"Wicomico",41,507,8.08678500986193,20.5882352941176
"Perry Hall Elementary",2026,"Baltimore County",41,476,8.61344537815126,-4.65116279069767
"Perryville High",2020,"Cecil",41,801,5.11860174781523,NA
"Pocomoke Elementary",2021,"Worcester",41,416,9.85576923076923,28.125
"Potomac Elementary",2023,"Montgomery",41,443,9.25507900677201,5.12820512820513
"Red Pump Elementary School",2025,"Harford",41,696,5.89080459770115,-4.65116279069767
"Rising Sun Elementary",2021,"Cecil",41,634,6.46687697160883,-10.8695652173913
"Ritchie Park Elementary",2025,"Montgomery",41,342,11.9883040935673,-14.5833333333333
"Robert Goddard Montessori",2025,"Prince Georges",41,464,8.83620689655172,17.1428571428571
"Rockburn Elementary",2023,"Howard",41,651,6.29800307219662,-6.81818181818182
"Runnymede Elementary",2024,"Carroll",41,609,6.73234811165846,36.6666666666667
"Southern Middle",2024,"Calvert",41,430,9.53488372093023,-81.1926605504587
"St. Michaels Middle/High School",2022,"Talbot",41,430,9.53488372093023,28.125
"Stone Mill Elementary",2023,"Montgomery",41,550,7.45454545454545,-22.6415094339623
"Sunderland Elementary",2022,"Calvert",41,641,6.39625585023401,32.258064516129
"Sunset Elementary",2023,"Anne Arundel",41,434,9.44700460829493,24.2424242424242
"Thurmont Primary",2025,"Frederick",41,350,11.7142857142857,36.6666666666667
"Travilah Elementary",2024,"Montgomery",41,385,10.6493506493506,24.2424242424242
"Tulip Grove Elementary",2020,"Prince Georges",41,349,11.7478510028653,NA
"Waverly Elementary/Middle",2026,"Baltimore City",41,537,7.63500931098697,10.8108108108108
"Westport Academy",2026,"Baltimore City",41,272,15.0735294117647,64
"Westside Intermediate",2023,"Wicomico",41,343,11.9533527696793,32.258064516129
"Westside Intermediate",2026,"Wicomico",41,350,11.7142857142857,-12.7659574468085
"Williamsport Elementary",2021,"Washington",41,515,7.96116504854369,13.8888888888889
"Winfield Elementary",2024,"Baltimore County",41,439,9.33940774487472,272.727272727273
"Woodmoor Elementary",2021,"Baltimore County",41,565,7.25663716814159,-10.8695652173913
"Yellow Springs Elementary",2020,"Frederick",41,470,8.72340425531915,NA
"Arbutus Elementary",2026,"Baltimore County",40,422,9.47867298578199,-2.4390243902439
"Arbutus Middle",2020,"Baltimore County",40,951,4.20609884332282,NA
"Baden Elementary",2025,"Prince Georges",40,184,21.7391304347826,11.1111111111111
"Baltimore International Academy",2020,"Baltimore City",40,736,5.43478260869565,NA
"Bannockburn Elementary",2021,"Montgomery",40,401,9.97506234413965,-20
"Bannockburn Elementary",2024,"Montgomery",40,424,9.43396226415094,2.56410256410255
"Barack Obama Elementary",2020,"Prince Georges",40,753,5.31208499335989,NA
"Bayside Elementary School",2022,"Queen Annes",40,371,10.7816711590297,-4.76190476190477
"Belmont Elementary",2025,"Montgomery",40,343,11.6618075801749,NA
"Belmont Elementary",2026,"Montgomery",40,327,12.2324159021407,NA
"Bohemia Manor Middle",2023,"Cecil",40,436,9.1743119266055,8.10810810810811
"Boonsboro High",2021,"Washington",40,873,4.58190148911798,33.3333333333333
"Bradley Hills Elementary",2022,"Montgomery",40,479,8.35073068893528,-9.09090909090909
"Calvert Elementary",2024,"Calvert",40,479,8.35073068893528,60
"Chapel Forge Early Childhood Center",2023,"Prince Georges",40,209,19.1387559808612,5.26315789473684
"Church Lane Elementary",2026,"Baltimore County",40,270,14.8148148148148,8.10810810810811
"Colonel Richardson High School",2023,"Caroline",40,549,7.28597449908925,8.10810810810811
"Cora L. Rice Elementary",2020,"Prince Georges",40,636,6.28930817610063,NA
"Dayton Oaks",2022,"Howard",40,730,5.47945205479452,8.10810810810811
"Denton Elementary School",2022,"Caroline",40,601,6.65557404326123,2.56410256410255
"Dowell Elementary",2024,"Calvert",40,589,6.7911714770798,5.26315789473684
"Dufief Elementary",2025,"Montgomery",40,276,14.4927536231884,33.3333333333333
"Dunloggin Middle",2020,"Howard",40,628,6.36942675159236,NA
"Edmondson-Westside High",2022,"Baltimore City",40,878,4.55580865603645,66.6666666666667
"Folger Mckinsey Elementary",2026,"Anne Arundel",40,658,6.0790273556231,-4.76190476190477
"G. Lisby Elementary At Hillsdale",2021,"Harford",40,420,9.52380952380952,17.6470588235294
"Glenwood Middle",2021,"Howard",40,510,7.84313725490196,-14.8936170212766
"Glenwood Middle",2024,"Howard",40,492,8.13008130081301,2.56410256410255
"Greenview Knolls Elementary",2023,"Saint Marys",40,412,9.70873786407767,8.10810810810811
"H. W. Wheatley Early Childhood Center",2023,"Prince Georges",40,321,12.4610591900312,53.8461538461539
"Halethorpe Elementary",2025,"Baltimore County",40,273,14.6520146520147,2.56410256410255
"Halethorpe Elementary",2026,"Baltimore County",40,262,15.2671755725191,0
"Harford Heights Elementary",2026,"Baltimore City",40,430,9.30232558139535,33.3333333333333
"Hazelwood Elementary/Middle",2023,"Baltimore City",40,526,7.60456273764259,8.10810810810811
"Hickory Elementary",2024,"Harford",40,664,6.02409638554217,-73.6842105263158
"Huntingtown Elementary",2022,"Calvert",40,524,7.63358778625954,73.9130434782609
"Joppatowne Elementary",2024,"Harford",40,495,8.08080808080808,-14.8936170212766
"Lisbon Elementary",2020,"Howard",40,443,9.0293453724605,NA
"Lisbon Elementary",2021,"Howard",40,377,10.6100795755968,0
"Margaret Brent Middle",2025,"Saint Marys",40,878,4.55580865603645,8.10810810810811
"Meadowvale Elementary",2022,"Harford",40,477,8.38574423480084,-2.4390243902439
"Middletown Elementary",2020,"Frederick",40,472,8.47457627118644,NA
"Middletown Primary",2020,"Frederick",40,477,8.38574423480084,NA
"Middletown Primary",2022,"Frederick",40,448,8.92857142857143,8.10810810810811
"New Town High",2023,"Baltimore County",40,1316,3.03951367781155,17.6470588235294
"North Chevy Chase Elementary",2025,"Montgomery",40,237,16.8776371308017,8.10810810810811
"North Harford High",2023,"Harford",40,1221,3.27600327600328,17.6470588235294
"Northwest Academy Of Health Sciences",2023,"Baltimore County",40,759,5.27009222661397,-2.4390243902439
"Northwest Middle",2024,"Carroll",40,645,6.2015503875969,2.56410256410255
"Overlook Elementary",2021,"Prince Georges",40,349,11.4613180515759,-29.8245614035088
"Piney Ridge Elementary",2025,"Carroll",40,578,6.9204152249135,5.26315789473684
"Potomac Elementary",2025,"Montgomery",40,475,8.42105263157895,2.56410256410255
"Ridgely Elementary School",2023,"Caroline",40,444,9.00900900900901,17.6470588235294
"Rising Sun Elementary",2026,"Cecil",40,586,6.8259385665529,-6.97674418604651
"Rising Sun Middle School",2024,"Cecil",40,610,6.55737704918033,11.1111111111111
"Rockburn Elementary",2026,"Howard",40,604,6.62251655629139,17.6470588235294
"Scotts Branch Elementary",2023,"Baltimore County",40,469,8.52878464818763,8.10810810810811
"Seven Locks Elementary",2022,"Montgomery",40,390,10.2564102564103,8.10810810810811
"Seven Oaks Elementary",2023,"Anne Arundel",40,508,7.8740157480315,-9.09090909090909
"Seven Oaks Elementary",2023,"Baltimore County",40,470,8.51063829787234,0
"Somerset 6/7 Intermediate School",2020,"Somerset",40,402,9.95024875621891,NA
"Somerset 6/7 Intermediate School",2023,"Somerset",40,396,10.1010101010101,-11.1111111111111
"St Leonard Elementary",2026,"Calvert",40,398,10.0502512562814,2.56410256410255
"St. Michaels Middle/High School",2023,"Talbot",40,443,9.0293453724605,-2.4390243902439
"Tall Oaks High",2021,"Prince Georges",40,101,39.6039603960396,60
"The Crossroads School",2021,"Baltimore City",40,163,24.5398773006135,8.10810810810811
"The Crossroads School",2022,"Baltimore City",40,163,24.5398773006135,0
"Waverly Elementary",2024,"Howard",40,868,4.60829493087558,17.6470588235294
"West Annapolis Elementary",2020,"Anne Arundel",40,251,15.9362549800797,NA
"Woodmore Elementary",2023,"Prince Georges",40,451,8.86917960088692,17.6470588235294
"Youths Benefit Elementary",2020,"Harford",40,1057,3.78429517502365,NA
"Arnold Elementary",2026,"Anne Arundel",39,444,8.78378378378378,-11.3636363636364
"Bannockburn Elementary",2023,"Montgomery",39,418,9.33014354066986,-18.75
"Bannockburn Elementary",2025,"Montgomery",39,446,8.74439461883408,-2.5
"Barack Obama Elementary",2026,"Prince Georges",39,622,6.27009646302251,-4.87804878048781
"Barbara Ingram School For The Arts",2024,"Washington",39,330,11.8181818181818,18.1818181818182
"Barstow Elementary",2020,"Calvert",39,658,5.92705167173252,NA
"Bayside Elementary School",2023,"Queen Annes",39,352,11.0795454545455,-2.5
"Beach Elementary",2025,"Calvert",39,502,7.76892430278884,-20.4081632653061
"Belmont Elementary",2020,"Montgomery",39,348,11.2068965517241,NA
"Beverly Farms Elementary",2026,"Montgomery",39,550,7.09090909090909,2.63157894736843
"Bohemia Manor Middle",2021,"Cecil",39,470,8.29787234042553,-9.30232558139535
"Buckingham Elementary",2023,"Worcester",39,515,7.57281553398058,-11.3636363636364
"Calvert Elementary",2026,"Calvert",39,480,8.125,44.4444444444444
"Capitol Heights Elementary",2022,"Prince Georges",39,254,15.3543307086614,-4.87804878048781
"Carderock Springs Elementary",2024,"Montgomery",39,333,11.7117117117117,-13.3333333333333
"Carney Elementary",2026,"Baltimore County",39,535,7.28971962616822,2.63157894736843
"Carrolltowne Elementary",2026,"Carroll",39,558,6.98924731182796,-4.87804878048781
"Centreville Middle School",2020,"Queen Annes",39,562,6.93950177935943,NA
"Chapel Hill Elementary",2023,"Baltimore County",39,565,6.90265486725664,30
"Charles H. Chipman Elementary",2023,"Wicomico",39,296,13.1756756756757,30
"Dayton Oaks",2020,"Howard",39,720,5.41666666666667,NA
"Denton Elementary School",2020,"Caroline",39,680,5.73529411764706,NA
"Denton Elementary School",2021,"Caroline",39,634,6.15141955835962,0
"Edgewood Elementary",2021,"Harford",39,349,11.1747851002865,NA
"Ellicott Mills Middle",2025,"Howard",39,698,5.58739255014327,-13.3333333333333
"Fallston Middle School",2022,"Harford",39,894,4.36241610738255,30
"Federal Hill Preparatory Academy",2023,"Baltimore City",39,330,11.8181818181818,44.4444444444444
"Folly Quarter Middle",2025,"Howard",39,682,5.71847507331378,5.40540540540539
"Fort Smallwood Elementary",2026,"Anne Arundel",39,400,9.75,11.4285714285714
"Fountaindale Elementary",2021,"Washington",39,359,10.8635097493036,-11.3636363636364
"Francis Scott Key High",2020,"Carroll",39,922,4.22993492407809,NA
"Frederick Douglass High",2020,"Baltimore City",39,769,5.07152145643693,NA
"Frederick Elementary",2024,"Baltimore City",39,329,11.854103343465,39.2857142857143
"Friendship Valley Elementary",2021,"Carroll",39,414,9.42028985507246,-26.4150943396226
"Friendship Valley Elementary",2022,"Carroll",39,472,8.26271186440678,0
"Fulton Elementary",2024,"Howard",39,866,4.50346420323326,-18.75
"Glenmar Elementary",2022,"Baltimore County",39,284,13.7323943661972,8.33333333333333
"Glenwood Middle",2022,"Howard",39,490,7.95918367346939,-2.5
"Glenwood Middle",2023,"Howard",39,493,7.91075050709939,0
"H. W. Wheatley Early Childhood Center",2020,"Prince Georges",39,301,12.9568106312292,NA
"Halethorpe Elementary",2024,"Baltimore County",39,281,13.8790035587189,-9.30232558139535
"Hurlock Elementary School",2024,"Dorchester",39,385,10.1298701298701,-13.3333333333333
"Indian Head Elementary School",2020,"Charles",39,473,8.24524312896406,NA
"Kent Island Elementary School",2020,"Queen Annes",39,448,8.70535714285714,NA
"Leonardtown Elementary",2024,"Saint Marys",39,492,7.92682926829268,30
"Linton Springs Elementary",2022,"Carroll",39,693,5.62770562770563,2.63157894736843
"Manchester Elementary",2020,"Carroll",39,663,5.88235294117647,NA
"Manchester Elementary",2022,"Carroll",39,642,6.07476635514019,5.40540540540539
"Mary E. Rodman Elementary",2026,"Baltimore City",39,449,8.68596881959911,95
"Mayo Elementary",2021,"Anne Arundel",39,353,11.0481586402266,14.7058823529412
"Moravia Park Elementary",2025,"Baltimore City",39,655,5.95419847328244,56
"Mount Royal Elementary/Middle",2024,"Baltimore City",39,780,5,8.33333333333333
"Myersville Elementary",2025,"Frederick",39,402,9.70149253731343,11.4285714285714
"New Town High",2025,"Baltimore County",39,1414,2.75813295615276,30
"North Carroll Middle",2024,"Carroll",39,600,6.5,21.875
"North Chevy Chase Elementary",2023,"Montgomery",39,234,16.6666666666667,34.4827586206897
"North Dorchester High School",2020,"Dorchester",39,533,7.31707317073171,NA
"North East Elementary",2020,"Cecil",39,542,7.19557195571956,NA
"Northwest Middle",2023,"Carroll",39,637,6.12244897959184,21.875
"Overlook Elementary",2026,"Prince Georges",39,252,15.4761904761905,-42.6470588235294
"Parkway Elementary",2021,"Frederick",39,223,17.4887892376682,-4.87804878048781
"Pimlico Elementary/Middle",2021,"Baltimore City",39,667,5.84707646176912,34.4827586206897
"Plum Point Elementary",2023,"Calvert",39,581,6.71256454388985,5.40540540540539
"Potomac Elementary",2022,"Montgomery",39,402,9.70149253731343,2.63157894736843
"Potomac Elementary",2024,"Montgomery",39,435,8.96551724137931,-4.87804878048781
"Relay Elementary",2021,"Baltimore County",39,616,6.33116883116883,-13.3333333333333
"Ridgely Elementary School",2020,"Caroline",39,469,8.31556503198294,NA
"Ring Factory Elementary",2026,"Harford",39,519,7.51445086705202,30
"Rosaryville Elementary",2020,"Prince Georges",39,428,9.11214953271028,NA
"Scotts Branch Elementary",2021,"Baltimore County",39,520,7.5,18.1818181818182
"Seven Locks Elementary",2023,"Montgomery",39,386,10.1036269430052,-2.5
"Showell Elementary",2022,"Worcester",39,660,5.90909090909091,-9.30232558139535
"Smithsburg Elementary",2025,"Washington",39,362,10.7734806629834,39.2857142857143
"Somerset 6/7 Intermediate School",2025,"Somerset",39,389,10.025706940874,-7.14285714285714
"Sparks Elementary",2026,"Baltimore County",39,495,7.87878787878788,14.7058823529412
"Sparrows Point Middle",2020,"Baltimore County",39,637,6.12244897959184,NA
"St Leonard Elementary",2025,"Calvert",39,401,9.72568578553616,2.63157894736843
"Stevensville Middle School",2020,"Queen Annes",39,546,7.14285714285714,NA
"Swan Creek School",2026,"Harford",39,421,9.26365795724466,11.4285714285714
"Sykesville Middle",2022,"Carroll",39,780,5,14.7058823529412
"Taneytown Elementary",2025,"Carroll",39,450,8.66666666666667,-15.2173913043478
"Thurmont Middle",2022,"Frederick",39,565,6.90265486725664,30
"West Annapolis Elementary",2021,"Anne Arundel",39,215,18.1395348837209,-2.5
"White Marsh Elementary",2024,"Talbot",39,278,14.0287769784173,105.263157894737
"Woodlawn Middle",2020,"Baltimore County",39,622,6.27009646302251,NA
"Aacps Virtual Academy",2025,"Anne Arundel",38,384,9.89583333333333,-17.3913043478261
"Annapolis Elementary",2021,"Anne Arundel",38,194,19.5876288659794,-7.3170731707317
"Arnold Elementary",2023,"Anne Arundel",38,503,7.55467196819085,5.55555555555556
"Barbara Ingram School For The Arts",2026,"Washington",38,367,10.3542234332425,18.75
"Bay View Elementary",2021,"Cecil",38,414,9.17874396135266,15.1515151515152
"Belmont Elementary",2024,"Montgomery",38,348,10.9195402298851,NA
"Beverly Farms Elementary",2025,"Montgomery",38,526,7.22433460076046,-9.52380952380952
"Bodkin Elementary",2025,"Anne Arundel",38,504,7.53968253968254,2.7027027027027
"Bodkin Elementary",2026,"Anne Arundel",38,483,7.86749482401656,0
"Bryant Woods Elementary",2022,"Howard",38,329,11.5501519756839,-22.4489795918367
"Buckingham Elementary",2024,"Worcester",38,532,7.14285714285714,-2.56410256410257
"Carney Elementary",2025,"Baltimore County",38,524,7.25190839694656,18.75
"Catoctin High",2020,"Frederick",38,749,5.07343124165554,NA
"Chapel Forge Early Childhood Center",2022,"Prince Georges",38,220,17.2727272727273,22.5806451612903
"Concord Elementary",2022,"Prince Georges",38,299,12.7090301003344,46.1538461538461
"Dowell Elementary",2023,"Calvert",38,585,6.4957264957265,8.57142857142856
"Ellicott Mills Middle",2023,"Howard",38,670,5.67164179104478,31.0344827586207
"Emmorton Elementary",2020,"Harford",38,592,6.41891891891892,NA
"Ferndale Early Education Center",2026,"Anne Arundel",38,98,38.7755102040816,-11.6279069767442
"Gale-Bailey Elementary School",2023,"Charles",38,346,10.9826589595376,22.5806451612903
"General Smallwood Middle School",2022,"Charles",38,457,8.31509846827133,8.57142857142856
"Glenmar Elementary",2020,"Baltimore County",38,317,11.98738170347,NA
"H Winship Wheatley E C C",2024,"Prince Georges",38,310,12.258064516129,NA
"Hereford Middle",2020,"Baltimore County",38,972,3.90946502057613,NA
"Hernwood Elementary",2024,"Baltimore County",38,345,11.0144927536232,65.2173913043478
"Hickory Elementary",2022,"Harford",38,632,6.0126582278481,-65.4545454545455
"Hurlock Elementary School",2020,"Dorchester",38,374,10.1604278074866,NA
"John H. Bayne Elementary",2021,"Prince Georges",38,375,10.1333333333333,-20.8333333333333
"John H. Bayne Elementary",2023,"Prince Georges",38,322,11.8012422360248,-9.52380952380952
"Joppa View Elementary",2023,"Baltimore County",38,528,7.1969696969697,-9.52380952380952
"Kingsford Elementary",2020,"Prince Georges",38,528,7.1969696969697,NA
"Kingsford Elementary",2024,"Prince Georges",38,465,8.17204301075269,5.55555555555556
"Lewistown Elementary",2024,"Frederick",38,166,22.8915662650602,18.75
"Linton Springs Elementary",2021,"Carroll",38,674,5.6379821958457,18.75
"Matapeake Middle School",2025,"Queen Annes",38,360,10.5555555555556,8.57142857142856
"Matapeake Middle School",2026,"Queen Annes",38,354,10.7344632768362,0
"Mccormick Elementary",2026,"Baltimore County",38,278,13.6690647482014,11.7647058823529
"Monocacy Valley Montessori",2022,"Frederick",38,297,12.7946127946128,5.55555555555556
"North Carroll Middle",2026,"Carroll",38,605,6.28099173553719,-7.3170731707317
"North Dorchester Middle School",2023,"Dorchester",38,415,9.1566265060241,-19.1489361702128
"Oklahoma Road Middle",2022,"Carroll",38,696,5.45977011494253,22.5806451612903
"Overlook Elementary",2022,"Prince Georges",38,352,10.7954545454545,-26.9230769230769
"Patuxent Elementary",2025,"Prince Georges",38,281,13.5231316725979,-9.52380952380952
"Piney Ridge Elementary",2024,"Carroll",38,583,6.5180102915952,-11.6279069767442
"Pittsville Elementary & Middle",2026,"Wicomico",38,376,10.1063829787234,2.7027027027027
"Plum Point Elementary",2021,"Calvert",38,602,6.31229235880399,2.7027027027027
"Plum Point Middle",2022,"Calvert",38,622,6.10932475884244,11.7647058823529
"Potomac Elementary",2021,"Montgomery",38,393,9.66921119592875,18.75
"Princess Anne Elementary School",2020,"Somerset",38,363,10.4683195592287,NA
"Prospect Mill Elementary",2023,"Harford",38,587,6.47359454855196,8.57142857142856
"Rising Sun Middle School",2022,"Cecil",38,650,5.84615384615385,-9.52380952380952
"Sandymount Elementary",2020,"Carroll",38,497,7.64587525150905,NA
"Sandymount Elementary",2021,"Carroll",38,478,7.94979079497908,0
"Shiloh Middle",2020,"Carroll",38,658,5.77507598784195,NA
"Showell Elementary",2023,"Worcester",38,621,6.11916264090177,-2.56410256410257
"Southern Middle",2025,"Calvert",38,442,8.5972850678733,-82.3255813953488
"St Leonard Elementary",2024,"Calvert",38,442,8.5972850678733,-30.9090909090909
"St. Michaels Elementary",2023,"Talbot",38,333,11.4114114114114,5.55555555555556
"Travilah Elementary",2021,"Montgomery",38,323,11.7647058823529,8.57142857142856
"Travilah Elementary",2026,"Montgomery",38,382,9.94764397905759,8.57142857142856
"William S. James Elementary",2022,"Harford",38,470,8.08510638297872,15.1515151515152
"William S. James Elementary",2023,"Harford",38,497,7.64587525150905,0
"William S. James Elementary",2026,"Harford",38,427,8.89929742388759,8.57142857142856
"Windsor Mill Middle",2022,"Baltimore County",38,681,5.58002936857562,31.0344827586207
"Worthington Elementary",2020,"Howard",38,508,7.48031496062992,NA
"Arundel Elementary",2026,"Baltimore City",37,430,8.6046511627907,-13.953488372093
"Barstow Elementary",2021,"Calvert",37,605,6.11570247933884,-5.12820512820513
"Bay View Elementary",2022,"Cecil",37,443,8.35214446952596,-2.63157894736842
"Bodkin Elementary",2023,"Anne Arundel",37,520,7.11538461538461,8.8235294117647
"Bodkin Elementary",2024,"Anne Arundel",37,499,7.41482965931864,0
"Bohemia Manor Middle",2022,"Cecil",37,422,8.76777251184834,-5.12820512820513
"Boonsboro Elementary",2025,"Washington",37,514,7.19844357976654,27.5862068965517
"Bradley Hills Elementary",2020,"Montgomery",37,566,6.53710247349823,NA
"Burning Tree Elementary",2022,"Montgomery",37,405,9.1358024691358,5.71428571428572
"Carrolltowne Elementary",2021,"Carroll",37,599,6.17696160267112,23.3333333333333
"Centennial Lane Elementary",2023,"Howard",37,698,5.30085959885387,23.3333333333333
"Centerville Elementary",2026,"Frederick",37,382,9.68586387434555,-31.4814814814815
"Chapel District Elementary",2023,"Talbot",37,347,10.6628242074928,32.1428571428571
"Chapel Hill Elementary",2024,"Baltimore County",37,517,7.15667311411992,-5.12820512820513
"Church Hill Elementary School",2024,"Queen Annes",37,289,12.80276816609,23.3333333333333
"Church Lane Elementary",2025,"Baltimore County",37,273,13.5531135531136,19.3548387096774
"Colonel Richardson High School",2022,"Caroline",37,530,6.9811320754717,19.3548387096774
"Colonel Richardson Middle School",2025,"Caroline",37,390,9.48717948717949,37.037037037037
"Darnestown Elementary",2023,"Montgomery",37,340,10.8823529411765,19.3548387096774
"Dayton Oaks",2021,"Howard",37,683,5.41727672035139,-5.12820512820513
"Dowell Elementary",2025,"Calvert",37,541,6.83918669131238,-7.5
"Dr. James Craik Elementary School",2020,"Charles",37,518,7.14285714285714,NA
"Folly Quarter Middle",2024,"Howard",37,683,5.41727672035139,8.8235294117647
"Folly Quarter Middle",2026,"Howard",37,692,5.34682080924856,-5.12820512820513
"Frederick Classical Charter",2020,"Frederick",37,376,9.84042553191489,NA
"Greenview Knolls Elementary",2022,"Saint Marys",37,412,8.98058252427185,-17.7777777777778
"Halls Cross Roads Elementary",2021,"Harford",37,429,8.62470862470862,-19.5652173913043
"Hazelwood Elementary/Middle",2022,"Baltimore City",37,474,7.80590717299578,23.3333333333333
"Honeygo Elementary",2024,"Baltimore County",37,704,5.25568181818182,15.625
"Hurlock Elementary School",2021,"Dorchester",37,361,10.2493074792244,-2.63157894736842
"Indian Head Elementary School",2021,"Charles",37,416,8.89423076923077,-5.12820512820513
"Joppa View Elementary",2020,"Baltimore County",37,739,5.00676589986468,NA
"Katherine Johnson Global Academy",2025,"Baltimore City",37,473,7.82241014799154,131.25
"Kemptown Elementary",2021,"Frederick",37,356,10.3932584269663,-11.9047619047619
"Kent County Middle School",2021,"Kent",37,380,9.73684210526316,-9.75609756097561
"Kettering Elementary",2026,"Prince Georges",37,422,8.76777251184834,12.1212121212121
"Lewistown Elementary",2022,"Frederick",37,168,22.0238095238095,42.3076923076923
"Lutherville Laboratory",2024,"Baltimore County",37,405,9.1358024691358,23.3333333333333
"Lutherville Laboratory",2025,"Baltimore County",37,405,9.1358024691358,0
"Manchester Elementary",2021,"Carroll",37,599,6.17696160267112,-5.12820512820513
"Mardela Middle & High",2024,"Wicomico",37,706,5.24079320113314,15.625
"Margaret Brent Middle",2024,"Saint Marys",37,900,4.11111111111111,-9.75609756097561
"Middletown Primary",2021,"Frederick",37,428,8.64485981308411,-7.5
"Mill Creek Middle",2023,"Calvert",37,446,8.29596412556054,8.8235294117647
"North Chevy Chase Elementary",2024,"Montgomery",37,243,15.2263374485597,-5.12820512820513
"Overlook Elementary",2024,"Prince Georges",37,307,12.0521172638436,-41.2698412698413
"Pasadena Elementary",2023,"Anne Arundel",37,356,10.3932584269663,5.71428571428572
"Perry Hall Elementary",2020,"Baltimore County",37,621,5.95813204508857,NA
"Perrywood Elementary",2025,"Prince Georges",37,529,6.99432892249527,32.1428571428571
"Phyllis E. Williams Elementary",2020,"Prince Georges",37,446,8.29596412556054,NA
"Pittsville Elementary & Middle",2025,"Wicomico",37,325,11.3846153846154,27.5862068965517
"Plum Point Elementary",2020,"Calvert",37,609,6.07553366174056,NA
"Plum Point Elementary",2022,"Calvert",37,580,6.37931034482759,-2.63157894736842
"Preston Elementary School",2023,"Caroline",37,406,9.11330049261084,8.8235294117647
"Prospect Mill Elementary",2024,"Harford",37,592,6.25,-2.63157894736842
"Randallstown Elementary",2023,"Baltimore County",37,330,11.2121212121212,32.1428571428571
"Randallstown Elementary",2024,"Baltimore County",37,320,11.5625,0
"Rising Sun Middle School",2025,"Cecil",37,592,6.25,-7.5
"Samuel P. Massie Academy",2025,"Prince Georges",37,477,7.75681341719078,85
"Sandy Hill Elementary",2023,"Dorchester",37,374,9.89304812834225,8.8235294117647
"Scotts Branch Elementary",2022,"Baltimore County",37,468,7.90598290598291,-5.12820512820513
"Seven Locks Elementary",2021,"Montgomery",37,390,9.48717948717949,-17.7777777777778
"Sykesville Middle",2020,"Carroll",37,784,4.71938775510204,NA
"Taneytown Elementary",2022,"Carroll",37,408,9.06862745098039,8.8235294117647
"The Crossroads School",2020,"Baltimore City",37,162,22.8395061728395,NA
"The Historic Cherry Hill Elementary/Middle",2025,"Baltimore City",37,513,7.21247563352826,27.5862068965517
"Thurmont Elementary",2025,"Frederick",37,283,13.0742049469965,54.1666666666667
"Washington Academy And High School",2020,"Somerset",37,574,6.44599303135888,NA
"Waverly Elementary/Middle",2025,"Baltimore City",37,534,6.92883895131086,8.8235294117647
"Wayside Elementary",2023,"Montgomery",37,442,8.3710407239819,19.3548387096774
"Wildwood Elementary/Middle",2024,"Baltimore City",37,753,4.9136786188579,37.037037037037
"William S. James Elementary",2024,"Harford",37,475,7.78947368421053,-2.63157894736842
"Arnold Elementary",2022,"Anne Arundel",36,522,6.89655172413793,38.4615384615385
"Baden Elementary",2024,"Prince Georges",36,187,19.2513368983957,-26.530612244898
"Baltimore Montessori Public Charter School",2025,"Baltimore City",36,604,5.96026490066225,28.5714285714286
"Bannockburn Elementary",2026,"Montgomery",36,402,8.95522388059701,-7.69230769230769
"Barbara Ingram School For The Arts",2022,"Washington",36,332,10.8433734939759,50
"Bayside Elementary School",2024,"Queen Annes",36,349,10.3151862464183,-7.69230769230769
"Burleigh Manor Middle School",2022,"Howard",36,785,4.5859872611465,-20
"Bushy Park Elementary",2022,"Howard",36,620,5.80645161290323,24.1379310344828
"Campfield Early Childhood Center",2021,"Baltimore County",36,333,10.8108108108108,-43.75
"Captain Walter Francis Duke Elementary",2024,"Saint Marys",36,537,6.70391061452514,33.3333333333333
"Carderock Springs Elementary",2026,"Montgomery",36,349,10.3151862464183,-16.2790697674419
"Carrolltowne Elementary",2022,"Carroll",36,623,5.7784911717496,-2.7027027027027
"Centreville Middle School",2022,"Queen Annes",36,511,7.04500978473581,-20
"Centreville Middle School",2024,"Queen Annes",36,476,7.56302521008403,20
"Chatsworth School",2026,"Baltimore County",36,322,11.1801242236025,50
"City Springs Elementary/Middle",2025,"Baltimore City",36,483,7.45341614906832,24.1379310344828
"Clear Spring High",2024,"Washington",36,468,7.69230769230769,12.5
"Clear Spring Middle",2026,"Washington",36,292,12.3287671232877,63.6363636363636
"Concord Elementary",2024,"Prince Georges",36,204,17.6470588235294,-18.1818181818182
"Fallston High",2020,"Harford",36,973,3.69989722507708,NA
"Glen Avenue School",2022,"Wicomico",36,409,8.80195599022005,-30.7692307692308
"Glenmar Elementary",2021,"Baltimore County",36,282,12.7659574468085,-5.26315789473685
"Greenwood Elementary School",2020,"Somerset",36,468,7.69230769230769,NA
"Hereford Middle",2021,"Baltimore County",36,920,3.91304347826087,-5.26315789473685
"Hollywood Elementary",2023,"Saint Marys",36,474,7.59493670886076,-87.0967741935484
"Hurlock Elementary School",2022,"Dorchester",36,358,10.0558659217877,-2.7027027027027
"Ilchester Elementary",2023,"Howard",36,537,6.70391061452514,9.09090909090908
"James Mchenry Elementary/Middle",2023,"Baltimore City",36,667,5.39730134932534,9.09090909090908
"Kennard Elementary School",2022,"Queen Annes",36,479,7.51565762004175,28.5714285714286
"Kettering Elementary",2022,"Prince Georges",36,390,9.23076923076923,2.85714285714285
"Kingsford Elementary",2023,"Prince Georges",36,448,8.03571428571429,20
"Kingsford Elementary",2025,"Prince Georges",36,458,7.86026200873363,-5.26315789473685
"Marlton Elementary",2026,"Prince Georges",36,310,11.6129032258065,2.85714285714285
"Matapeake Elementary School",2026,"Queen Annes",36,475,7.57894736842105,5.88235294117647
"Mattaponi Elementary",2024,"Prince Georges",36,368,9.78260869565217,9.09090909090908
"Mattaponi Elementary",2025,"Prince Georges",36,391,9.20716112531969,0
"Middletown Elementary",2021,"Frederick",36,417,8.63309352517986,-10
"Mill Creek Middle",2021,"Calvert",36,488,7.37704918032787,-14.2857142857143
"Monocacy Elementary",2026,"Montgomery",36,166,21.6867469879518,-80.9523809523809
"Monocacy Valley Montessori",2021,"Frederick",36,303,11.8811881188119,20
"Mount Royal Elementary/Middle",2023,"Baltimore City",36,791,4.551201011378,33.3333333333333
"New Town Elementary",2020,"Baltimore County",36,830,4.33734939759036,NA
"Overlook Elementary",2025,"Prince Georges",36,255,14.1176470588235,-45.4545454545455
"Park Heights Academy",2025,"Baltimore City",36,390,9.23076923076923,157.142857142857
"Perryville High",2021,"Cecil",36,810,4.44444444444444,-12.1951219512195
"Perryville High",2022,"Cecil",36,833,4.32172869147659,0
"Piney Ridge Elementary",2022,"Carroll",36,546,6.59340659340659,9.09090909090908
"Potomac Elementary",2026,"Montgomery",36,454,7.9295154185022,-10
"Prospect Mill Elementary",2026,"Harford",36,572,6.29370629370629,-16.2790697674419
"Rising Sun Elementary",2024,"Cecil",36,610,5.9016393442623,5.88235294117647
"Rising Sun Middle School",2023,"Cecil",36,619,5.81583198707593,-5.26315789473685
"Rising Sun Middle School",2026,"Cecil",36,600,6,-2.7027027027027
"Rockburn Elementary",2021,"Howard",36,611,5.89198036006547,5.88235294117647
"Runnymede Elementary",2025,"Carroll",36,625,5.76,-12.1951219512195
"Seneca Elementary",2025,"Baltimore County",36,344,10.4651162790698,24.1379310344828
"Seventh District Elementary",2024,"Baltimore County",36,345,10.4347826086957,100
"St. Michaels Elementary",2022,"Talbot",36,327,11.0091743119266,12.5
"T. C. Martin Elementary School",2021,"Charles",36,470,7.65957446808511,9.09090909090908
"The Crossroads School",2026,"Baltimore City",36,161,22.360248447205,-18.1818181818182
"Timonium Elementary",2021,"Baltimore County",36,444,8.10810810810811,12.5
"Triadelphia Ridge Elementary",2020,"Howard",36,555,6.48648648648649,NA
"West Annapolis Elementary",2022,"Anne Arundel",36,227,15.8590308370044,-7.69230769230769
"West Towson Elementary",2025,"Baltimore County",36,445,8.08988764044944,9.09090909090908
"White Marsh Elementary",2023,"Talbot",36,288,12.5,157.142857142857
"Williamsport Elementary",2020,"Washington",36,572,6.29370629370629,NA
"Beach Elementary",2023,"Calvert",35,490,7.14285714285714,-16.6666666666667
"Bodkin Elementary",2020,"Anne Arundel",35,557,6.28366247755835,NA
"Burning Tree Elementary",2021,"Montgomery",35,420,8.33333333333333,-23.9130434782609
"Calvin M. Rodwell Elementary/Middle",2020,"Baltimore City",35,729,4.80109739368999,NA
"Charles H. Chipman Elementary",2024,"Wicomico",35,303,11.5511551155116,-10.2564102564103
"Church Hill Elementary School",2021,"Queen Annes",35,252,13.8888888888889,34.6153846153846
"Cold Spring Elementary",2026,"Montgomery",35,366,9.56284153005464,12.9032258064516
"Cromwell Valley Elementary Regional Magnet",2025,"Baltimore County",35,395,8.86075949367089,9.375
"Dallas F. Nicholas, Sr., Elementary",2025,"Baltimore City",35,189,18.5185185185185,25
"Dogwood Elementary",2023,"Baltimore County",35,490,7.14285714285714,12.9032258064516
"Dowell Elementary",2022,"Calvert",35,557,6.28366247755835,9.375
"Dufief Elementary",2026,"Montgomery",35,265,13.2075471698113,-12.5
"Ebb Valley Elementary",2026,"Carroll",35,518,6.75675675675676,16.6666666666667
"Excel Academy Public Charter",2020,"Prince Georges",35,431,8.12064965197216,NA
"Excel Academy Public Charter",2024,"Prince Georges",35,437,8.0091533180778,52.1739130434783
"Federal Hill Preparatory Academy",2026,"Baltimore City",35,314,11.1464968152866,2.94117647058822
"Fort Smallwood Elementary",2025,"Anne Arundel",35,397,8.81612090680101,40
"General Smallwood Middle School",2021,"Charles",35,500,7,52.1739130434783
"Glenmount Elementary/Middle",2020,"Baltimore City",35,697,5.02152080344333,NA
"Glenmount Elementary/Middle",2021,"Baltimore City",35,652,5.3680981595092,0
"H. H. Garnett Elementary",2020,"Kent",35,372,9.40860215053763,NA
"Halethorpe Elementary",2021,"Baltimore County",35,320,10.9375,6.06060606060606
"Hampton Elementary",2020,"Baltimore County",35,602,5.81395348837209,NA
"Hernwood Elementary",2025,"Baltimore County",35,350,10,-7.89473684210527
"Kettering Elementary",2021,"Prince Georges",35,386,9.06735751295337,12.9032258064516
"Lewistown Elementary",2020,"Frederick",35,195,17.9487179487179,NA
"Lime Kiln Middle",2023,"Howard",35,643,5.44323483670296,25
"Lime Kiln Middle",2026,"Howard",35,695,5.03597122302158,-18.6046511627907
"Lutherville Laboratory",2020,"Baltimore County",35,368,9.51086956521739,NA
"Manor Woods Elementary",2024,"Howard",35,675,5.18518518518519,-16.6666666666667
"Marlton Elementary",2025,"Prince Georges",35,309,11.3268608414239,12.9032258064516
"Matapeake Middle School",2024,"Queen Annes",35,372,9.40860215053763,29.6296296296296
"Mayo Elementary",2023,"Anne Arundel",35,345,10.1449275362319,6.06060606060606
"Mayo Elementary",2024,"Anne Arundel",35,348,10.0574712643678,0
"Mount View Middle",2020,"Howard",35,853,4.1031652989449,NA
"Mount View Middle",2024,"Howard",35,876,3.99543378995434,2.94117647058822
"Myersville Elementary",2024,"Frederick",35,402,8.70646766169154,-14.6341463414634
"New Town Elementary",2021,"Baltimore County",35,818,4.27872860635697,-2.77777777777778
"North East Elementary",2021,"Cecil",35,522,6.70498084291188,-10.2564102564103
"Northern Middle",2023,"Calvert",35,636,5.50314465408805,-75.3521126760563
"Old Forge Elementary",2025,"Washington",35,354,9.88700564971751,16.6666666666667
"Pasadena Elementary",2022,"Anne Arundel",35,353,9.91501416430595,34.6153846153846
"Pemberton Elementary",2025,"Wicomico",35,506,6.91699604743083,6.06060606060606
"Plum Point Middle",2020,"Calvert",35,656,5.33536585365854,NA
"Pocomoke Elementary",2024,"Worcester",35,460,7.60869565217391,25
"Pocomoke Middle",2026,"Worcester",35,463,7.55939524838013,2.94117647058822
"Pointer Ridge Elementary",2020,"Prince Georges",35,299,11.7056856187291,NA
"Princess Anne Elementary School",2026,"Somerset",35,394,8.88324873096447,25
"Prospect Mill Elementary",2022,"Harford",35,561,6.23885918003565,-27.0833333333333
"Red Pump Elementary School",2020,"Harford",35,772,4.53367875647668,NA
"Ridgely Elementary School",2021,"Caroline",35,421,8.31353919239905,-10.2564102564103
"Robert Goddard Montessori",2022,"Prince Georges",35,490,7.14285714285714,9.375
"Robert Goddard Montessori",2024,"Prince Georges",35,492,7.11382113821138,6.06060606060606
"Samuel P. Massie Academy",2026,"Prince Georges",35,443,7.90067720090294,-5.40540540540541
"Sandy Hill Elementary",2020,"Dorchester",35,395,8.86075949367089,NA
"Seven Locks Elementary",2024,"Montgomery",35,372,9.40860215053763,-10.2564102564103
"Showell Elementary",2024,"Worcester",35,633,5.52922590837283,-7.89473684210527
"Southern Middle",2026,"Calvert",35,419,8.35322195704057,-83.0917874396135
"Swan Creek School",2025,"Harford",35,368,9.51086956521739,-22.2222222222222
"The Mount Washington School",2025,"Baltimore City",35,516,6.78294573643411,6.06060606060606
"Travilah Elementary",2020,"Montgomery",35,341,10.2639296187683,NA
"Travilah Elementary",2025,"Montgomery",35,372,9.40860215053763,-14.6341463414634
"Walter P. Carter Elementary/Middle",2025,"Baltimore City",35,834,4.19664268585132,66.6666666666667
"Waterloo Elementary",2020,"Howard",35,602,5.81395348837209,NA
"Waverly Elementary",2022,"Howard",35,892,3.9237668161435,6.06060606060606
"William S. James Elementary",2025,"Harford",35,463,7.55939524838013,-5.40540540540541
"Winfield Elementary",2022,"Baltimore County",35,444,7.88288288288288,118.75
"Abbottston Elementary",2023,"Baltimore City",34,346,9.82658959537572,36
"Baltimore Montessori Public Charter School",2026,"Baltimore City",34,597,5.69514237855946,-5.55555555555556
"Barack Obama Elementary",2024,"Prince Georges",34,640,5.3125,-26.0869565217391
"Beechfield Elementary/Middle",2022,"Baltimore City",34,645,5.27131782945736,13.3333333333333
"Bodkin Elementary",2022,"Anne Arundel",34,498,6.82730923694779,3.03030303030303
"Boonsboro Middle",2024,"Washington",34,661,5.14372163388805,36
"Bradley Hills Elementary",2024,"Montgomery",34,466,7.29613733905579,3.03030303030303
"Burleigh Manor Middle School",2020,"Howard",34,811,4.19235511713933,NA
"Carver Vocational-Technical High",2024,"Baltimore City",34,1042,3.26295585412668,17.2413793103448
"Cora L. Rice Elementary",2022,"Prince Georges",34,536,6.34328358208955,6.25
"Edgemere Elementary",2024,"Baltimore County",34,431,7.88863109048724,17.2413793103448
"Federal Hill Preparatory Academy",2025,"Baltimore City",34,285,11.9298245614035,-22.7272727272727
"Ferndale Early Education Center",2023,"Anne Arundel",34,152,22.3684210526316,30.7692307692308
"Folly Quarter Middle",2021,"Howard",34,662,5.13595166163142,25.9259259259259
"Folly Quarter Middle",2023,"Howard",34,683,4.97803806734993,9.6774193548387
"G. Lisby Elementary At Hillsdale",2020,"Harford",34,413,8.23244552058111,NA
"H. H. Garnett Elementary",2022,"Kent",34,344,9.88372093023256,21.4285714285714
"Hereford Middle",2024,"Baltimore County",34,862,3.94431554524362,-17.0731707317073
"Ilchester Elementary",2021,"Howard",34,556,6.11510791366906,41.6666666666667
"Kettering Elementary",2023,"Prince Georges",34,407,8.35380835380835,-5.55555555555556
"Matapeake Elementary School",2025,"Queen Annes",34,472,7.20338983050847,6.25
"Mayo Elementary",2020,"Anne Arundel",34,347,9.79827089337176,NA
"Mccormick Elementary",2025,"Baltimore County",34,295,11.5254237288136,100
"Mill Creek Middle",2022,"Calvert",34,464,7.32758620689655,-5.55555555555556
"Monocacy Elementary",2025,"Montgomery",34,164,20.7317073170732,-81.3186813186813
"Mount View Middle",2023,"Howard",34,894,3.80313199105145,25.9259259259259
"New Town High",2022,"Baltimore County",34,1344,2.5297619047619,25.9259259259259
"North Carroll Middle",2020,"Carroll",34,628,5.4140127388535,NA
"North Dorchester Middle School",2020,"Dorchester",34,477,7.12788259958071,NA
"North Harford High",2022,"Harford",34,1221,2.78460278460278,17.2413793103448
"North Harford Middle",2026,"Harford",34,874,3.89016018306636,3.03030303030303
"Northwood Elementary",2025,"Baltimore City",34,641,5.30421216848674,30.7692307692308
"Patuxent Elementary",2022,"Prince Georges",34,289,11.7647058823529,36
"Pemberton Elementary",2021,"Wicomico",34,517,6.57640232108317,13.3333333333333
"Perrywood Elementary",2022,"Prince Georges",34,551,6.17059891107078,17.2413793103448
"Perrywood Elementary",2023,"Prince Georges",34,517,6.57640232108317,0
"Pinewood Elementary",2024,"Baltimore County",34,587,5.79216354344123,13.3333333333333
"Plum Point Middle",2021,"Calvert",34,641,5.30421216848674,-2.85714285714286
"Pocomoke Middle",2025,"Worcester",34,465,7.31182795698925,21.4285714285714
"Preston Elementary School",2022,"Caroline",34,411,8.27250608272506,21.4285714285714
"Princess Anne Elementary School",2021,"Somerset",34,325,10.4615384615385,-10.5263157894737
"Princess Anne Elementary School",2024,"Somerset",34,395,8.60759493670886,17.2413793103448
"Ridgely Elementary School",2022,"Caroline",34,433,7.85219399538106,-2.85714285714286
"Rising Sun Elementary",2022,"Cecil",34,625,5.44,-17.0731707317073
"Rising Sun Elementary",2023,"Cecil",34,609,5.58292282430213,0
"Rising Sun Middle School",2020,"Cecil",34,702,4.84330484330484,NA
"Riviera Beach Elementary",2026,"Anne Arundel",34,298,11.4093959731544,13.3333333333333
"Rockburn Elementary",2020,"Howard",34,628,5.4140127388535,NA
"Rockburn Elementary",2024,"Howard",34,672,5.05952380952381,-17.0731707317073
"Rockburn Elementary",2025,"Howard",34,649,5.23882896764253,0
"Sandy Hill Elementary",2022,"Dorchester",34,414,8.21256038647343,3.03030303030303
"Seneca Elementary",2023,"Baltimore County",34,368,9.23913043478261,54.5454545454545
"Seneca Elementary",2026,"Baltimore County",34,319,10.6583072100313,-5.55555555555556
"Seven Oaks Elementary",2021,"Baltimore County",34,476,7.14285714285714,-19.047619047619
"Sparks Elementary",2025,"Baltimore County",34,509,6.67976424361493,13.3333333333333
"Sparrows Point Middle",2023,"Baltimore County",34,561,6.06060606060606,9.6774193548387
"St. Johns Lane Elementary",2021,"Howard",34,679,5.00736377025037,-20.9302325581395
"Sykesville Middle",2021,"Carroll",34,762,4.46194225721785,-8.1081081081081
"Taneytown Elementary",2021,"Carroll",34,374,9.09090909090909,9.6774193548387
"Thurmont Elementary",2026,"Frederick",34,275,12.3636363636364,-8.1081081081081
"Town Creek Elementary",2026,"Saint Marys",34,210,16.1904761904762,6.25
"Waverly Elementary",2023,"Howard",34,867,3.92156862745098,-2.85714285714286
"Waverly Elementary/Middle",2024,"Baltimore City",34,531,6.4030131826742,13.3333333333333
"West Annapolis Elementary",2026,"Anne Arundel",34,205,16.5853658536585,-27.6595744680851
"Woodmore Elementary",2022,"Prince Georges",34,459,7.40740740740741,25.9259259259259
"Woodmore Elementary",2024,"Prince Georges",34,411,8.27250608272506,-15
"Allegany High",2026,"Allegany",33,689,4.78955007256894,17.8571428571429
"Barbara Ingram School For The Arts",2023,"Washington",33,342,9.64912280701754,-8.33333333333334
"Bay View Elementary",2020,"Cecil",33,464,7.11206896551724,NA
"Benfield Elementary",2022,"Anne Arundel",33,410,8.04878048780488,43.4782608695652
"Benfield Elementary",2023,"Anne Arundel",33,455,7.25274725274725,0
"Bodkin Elementary",2021,"Anne Arundel",33,483,6.83229813664596,-5.71428571428572
"Bradley Hills Elementary",2023,"Montgomery",33,464,7.11206896551724,-17.5
"Calvert Elementary",2022,"Calvert",33,513,6.4327485380117,73.6842105263158
"Carl Sandburg Center",2020,"Montgomery",33,97,34.020618556701,NA
"Chesapeake Charter School",2025,"Saint Marys",33,539,6.12244897959184,6.4516129032258
"Chesapeake City Elementary",2025,"Cecil",33,385,8.57142857142857,17.8571428571429
"Colonel Richardson High School",2020,"Caroline",33,513,6.4327485380117,NA
"Crossland Evening/Saturday High",2020,"Prince Georges",33,228,14.4736842105263,NA
"Deep Creek Elementary",2020,"Baltimore County",33,458,7.20524017467249,NA
"Deer Crossing Elementary",2022,"Frederick",33,464,7.11206896551724,-43.1034482758621
"Forest Hill Elementary",2023,"Harford",33,471,7.00636942675159,6.4516129032258
"Furley Elementary",2025,"Baltimore City",33,410,8.04878048780488,26.9230769230769
"Glenmar Elementary",2026,"Baltimore County",33,267,12.3595505617978,-23.2558139534884
"Govans Elementary",2025,"Baltimore City",33,410,8.04878048780488,32
"Halethorpe Elementary",2020,"Baltimore County",33,365,9.04109589041096,NA
"Hampstead Elementary",2026,"Carroll",33,436,7.56880733944954,10
"Honeygo Elementary",2020,"Baltimore County",33,680,4.85294117647059,NA
"Ilchester Elementary",2022,"Howard",33,544,6.06617647058824,-2.94117647058824
"Imagine Andrews Public Charter",2021,"Prince Georges",33,433,7.62124711316397,6.4516129032258
"James Mchenry Elementary/Middle",2022,"Baltimore City",33,711,4.64135021097046,6.4516129032258
"Kenmore Elementary",2020,"Cecil",33,305,10.8196721311475,NA
"Kenmore Elementary",2021,"Cecil",33,303,10.8910891089109,0
"Kettering Elementary",2024,"Prince Georges",33,403,8.18858560794045,-2.94117647058824
"Kettering Elementary",2025,"Prince Georges",33,415,7.95180722891566,0
"Kingsford Elementary",2021,"Prince Georges",33,495,6.66666666666667,-13.1578947368421
"Lake Arbor Elementary",2026,"Prince Georges",33,625,5.28,13.7931034482759
"Leonardtown Elementary",2025,"Saint Marys",33,509,6.48330058939096,-15.3846153846154
"Manor Woods Elementary",2020,"Howard",33,627,5.26315789473684,NA
"Matapeake Elementary School",2023,"Queen Annes",33,426,7.74647887323944,22.2222222222222
"Mattaponi Elementary",2023,"Prince Georges",33,376,8.77659574468085,57.1428571428571
"Mayo Elementary",2022,"Anne Arundel",33,337,9.79228486646884,-15.3846153846154
"Mayo Elementary",2025,"Anne Arundel",33,351,9.4017094017094,-5.71428571428572
"Millersville Elementary",2023,"Anne Arundel",33,372,8.87096774193548,26.9230769230769
"New Market Middle",2020,"Frederick",33,563,5.86145648312611,NA
"North Chevy Chase Elementary",2026,"Montgomery",33,211,15.6398104265403,-17.5
"North Harford Middle",2024,"Harford",33,867,3.80622837370242,10
"North Harford Middle",2025,"Harford",33,849,3.886925795053,0
"Old Forge Elementary",2026,"Washington",33,338,9.76331360946746,-5.71428571428572
"Patuxent Elementary",2023,"Prince Georges",33,289,11.4186851211073,-2.94117647058824
"Pemberton Elementary",2024,"Wicomico",33,503,6.56063618290259,-23.2558139534884
"Perry Hall Elementary",2024,"Baltimore County",33,432,7.63888888888889,22.2222222222222
"Piccowaxen Middle School",2022,"Charles",33,453,7.28476821192053,22.2222222222222
"Piney Ridge Elementary",2021,"Carroll",33,538,6.13382899628253,37.5
"Pointers Run Elementary",2020,"Howard",33,912,3.61842105263158,NA
"Robert Goddard Montessori",2023,"Prince Georges",33,481,6.86070686070686,-5.71428571428572
"Sandy Hill Elementary",2021,"Dorchester",33,393,8.3969465648855,-5.71428571428572
"Scotts Branch Elementary",2020,"Baltimore County",33,543,6.07734806629834,NA
"Sparrows Point Middle",2021,"Baltimore County",33,630,5.23809523809524,-15.3846153846154
"St. Michaels Elementary",2024,"Talbot",33,335,9.85074626865672,-13.1578947368421
"St. Michaels Elementary",2025,"Talbot",33,332,9.93975903614458,0
"Stephen Knolls School",2020,"Montgomery",33,76,43.421052631579,NA
"Sunset Elementary",2022,"Anne Arundel",33,400,8.25,13.7931034482759
"T. C. Martin Elementary School",2020,"Charles",33,522,6.32183908045977,NA
"The Mount Washington School",2024,"Baltimore City",33,545,6.05504587155963,6.4516129032258
"Timonium Elementary",2022,"Baltimore County",33,447,7.38255033557047,-8.33333333333334
"Travilah Elementary",2023,"Montgomery",33,377,8.75331564986737,13.7931034482759
"Triadelphia Ridge Elementary",2024,"Howard",33,625,5.28,13.7931034482759
"Vivien T. Thomas Medical Arts Academy",2024,"Baltimore City",33,378,8.73015873015873,22.2222222222222
"Waverly Elementary",2021,"Howard",33,899,3.67074527252503,10
"West Towson Elementary",2024,"Baltimore County",33,407,8.10810810810811,32
"William S. James Elementary",2021,"Harford",33,480,6.875,10
"Winfield Elementary",2023,"Baltimore County",33,420,7.85714285714286,106.25
"Woodmore Elementary",2020,"Prince Georges",33,473,6.97674418604651,NA
"Bainbridge Elementary",2026,"Cecil",32,301,10.6312292358804,3.2258064516129
"Baltimore Revolutionary Academy For Virtual Ed.",2025,"Baltimore City",32,515,6.21359223300971,NA
"Barbara Ingram School For The Arts",2025,"Washington",32,347,9.22190201729107,-17.948717948718
"Bayside Elementary School",2020,"Queen Annes",32,420,7.61904761904762,NA
"Carney Elementary",2024,"Baltimore County",32,513,6.23781676413255,10.3448275862069
"Charles H. Chipman Elementary",2025,"Wicomico",32,303,10.5610561056106,-8.57142857142857
"Clear Spring High",2023,"Washington",32,451,7.09534368070953,52.3809523809524
"Cora L. Rice Elementary",2021,"Prince Georges",32,606,5.28052805280528,-20
"Cromwell Valley Elementary Regional Magnet",2024,"Baltimore County",32,410,7.80487804878049,14.2857142857143
"Deep Creek Elementary",2021,"Baltimore County",32,426,7.51173708920188,-3.03030303030303
"Dowell Elementary",2021,"Calvert",32,529,6.04914933837429,-27.2727272727273
"Dufief Elementary",2022,"Montgomery",32,261,12.2605363984674,-28.8888888888889
"Federalsburg Elementary School",2026,"Caroline",32,439,7.28929384965831,10.3448275862069
"Folger Mckinsey Elementary",2023,"Anne Arundel",32,636,5.0314465408805,14.2857142857143
"Forest Hill Elementary",2024,"Harford",32,475,6.73684210526316,-3.03030303030303
"Fountain Green Elementary",2023,"Harford",32,477,6.70859538784067,39.1304347826087
"Glen Avenue School",2023,"Wicomico",32,379,8.44327176781003,-11.1111111111111
"Green Holly Elementary School",2021,"Saint Marys",32,393,8.14249363867684,-46.6666666666667
"Greenview Knolls Elementary",2026,"Saint Marys",32,283,11.3074204946996,6.66666666666667
"Gunpowder Elementary",2025,"Baltimore County",32,443,7.2234762979684,23.0769230769231
"Harford Hills Elementary",2021,"Baltimore County",32,370,8.64864864864865,10.3448275862069
"Hickory Elementary",2021,"Harford",32,643,4.97667185069984,-64.8351648351648
"Honeygo Elementary",2023,"Baltimore County",32,711,4.50070323488045,23.0769230769231
"Ilchester Elementary",2024,"Howard",32,518,6.17760617760618,-11.1111111111111
"Joppa View Elementary",2021,"Baltimore County",32,685,4.67153284671533,-13.5135135135135
"Kingsford Elementary",2026,"Prince Georges",32,444,7.20720720720721,-11.1111111111111
"Lewistown Elementary",2023,"Frederick",32,172,18.6046511627907,-13.5135135135135
"Linton Springs Elementary",2020,"Carroll",32,638,5.01567398119122,NA
"Lutherville Laboratory",2022,"Baltimore County",32,345,9.27536231884058,6.66666666666667
"Manor Woods Elementary",2026,"Howard",32,738,4.3360433604336,10.3448275862069
"Mardela Middle & High",2023,"Wicomico",32,691,4.63096960926194,3.2258064516129
"Matapeake Elementary School",2024,"Queen Annes",32,465,6.88172043010753,-3.03030303030303
"Mill Creek Middle",2024,"Calvert",32,429,7.45920745920746,-13.5135135135135
"Mount View Middle",2021,"Howard",32,835,3.83233532934132,-8.57142857142857
"Myersville Elementary",2022,"Frederick",32,387,8.2687338501292,14.2857142857143
"North Carroll Middle",2023,"Carroll",32,622,5.14469453376206,3.2258064516129
"North Harford High",2020,"Harford",32,1254,2.5518341307815,NA
"Northwest Middle",2020,"Carroll",32,682,4.69208211143695,NA
"Northwest Middle",2022,"Carroll",32,620,5.16129032258065,6.66666666666667
"Oak Hill Elementary",2022,"Anne Arundel",32,616,5.19480519480519,23.0769230769231
"Pocomoke Elementary",2020,"Worcester",32,434,7.37327188940092,NA
"Potomac Elementary",2020,"Montgomery",32,376,8.51063829787234,NA
"Princess Anne Elementary School",2022,"Somerset",32,329,9.72644376899696,-5.88235294117647
"Robert Goddard Montessori",2021,"Prince Georges",32,504,6.34920634920635,3.2258064516129
"Seven Oaks Elementary",2025,"Anne Arundel",32,506,6.32411067193676,-34.6938775510204
"Snow Hill Middle",2026,"Worcester",32,400,8,3.2258064516129
"St. Johns Lane Elementary",2022,"Howard",32,651,4.91551459293395,-5.88235294117647
"St. Michaels Elementary",2021,"Talbot",32,327,9.78593272171254,14.2857142857143
"St. Michaels Middle/High School",2021,"Talbot",32,418,7.6555023923445,3.2258064516129
"Taneytown Elementary",2026,"Carroll",32,423,7.56501182033097,-17.948717948718
"The Historic Cherry Hill Elementary/Middle",2022,"Baltimore City",32,676,4.73372781065089,3.2258064516129
"Timonium Elementary",2020,"Baltimore County",32,484,6.61157024793388,NA
"Town Creek Elementary",2024,"Saint Marys",32,223,14.3497757847534,23.0769230769231
"Town Creek Elementary",2025,"Saint Marys",32,220,14.5454545454545,0
"Windsor Mill Middle",2020,"Baltimore County",32,674,4.74777448071217,NA
"Winfield Elementary",2020,"Baltimore County",32,493,6.49087221095335,NA
"Annapolis Road Academy",2022,"Prince Georges",31,77,40.2597402597403,-35.4166666666667
"Arundel Elementary",2024,"Baltimore City",31,413,7.50605326876513,29.1666666666667
"Bainbridge Elementary",2025,"Cecil",31,294,10.5442176870748,47.6190476190476
"Beechfield Elementary/Middle",2024,"Baltimore City",31,534,5.80524344569288,10.7142857142857
"Captain Walter Francis Duke Elementary",2025,"Saint Marys",31,516,6.0077519379845,-13.8888888888889
"Captain Walter Francis Duke Elementary",2026,"Saint Marys",31,511,6.0665362035225,0
"Carl Sandburg Center",2021,"Montgomery",31,94,32.9787234042553,-6.06060606060606
"Carney Elementary",2021,"Baltimore County",31,628,4.93630573248408,19.2307692307692
"Carney Elementary",2022,"Baltimore County",31,616,5.03246753246753,0
"Chapel Forge Early Childhood Center",2021,"Prince Georges",31,228,13.5964912280702,-27.9069767441861
"Chesapeake Charter School",2024,"Saint Marys",31,540,5.74074074074074,14.8148148148148
"Chesapeake Math And It South Public Charter",2024,"Prince Georges",31,1500,2.06666666666667,34.7826086956522
"Church Hill Elementary School",2022,"Queen Annes",31,237,13.0801687763713,-11.4285714285714
"Church Lane Elementary",2022,"Baltimore County",31,332,9.33734939759036,55
"Church Lane Elementary",2024,"Baltimore County",31,283,10.9540636042403,40.9090909090909
"Cold Spring Elementary",2025,"Montgomery",31,362,8.56353591160221,55
"Colonel Richardson High School",2021,"Caroline",31,522,5.93869731800766,-6.06060606060606
"Colonel Richardson Middle School",2020,"Caroline",31,432,7.17592592592593,NA
"Cromwell Valley Elementary Regional Magnet",2026,"Baltimore County",31,359,8.63509749303621,-11.4285714285714
"Darnestown Elementary",2022,"Montgomery",31,314,9.87261146496815,47.6190476190476
"Dogwood Elementary",2022,"Baltimore County",31,512,6.0546875,14.8148148148148
"Dorothy I. Height Elementary",2026,"Baltimore City",31,427,7.25995316159251,6.89655172413792
"Eldersburg Elementary",2022,"Carroll",31,464,6.68103448275862,10.7142857142857
"Elk Neck Elementary",2025,"Cecil",31,428,7.24299065420561,24
"Elmer A. Wolfe Elementary",2026,"Carroll",31,505,6.13861386138614,10.7142857142857
"Folger Mckinsey Elementary",2021,"Anne Arundel",31,576,5.38194444444444,6.89655172413792
"Folly Quarter Middle",2022,"Howard",31,664,4.66867469879518,-8.82352941176471
"Forest Hill Elementary",2022,"Harford",31,467,6.63811563169165,3.33333333333334
"Forest Lakes Elementary",2025,"Harford",31,447,6.93512304250559,6.89655172413792
"Forest Lakes Elementary",2026,"Harford",31,444,6.98198198198198,0
"Freedom District Elementary",2024,"Carroll",31,643,4.82115085536547,29.1666666666667
"Freedom District Elementary",2025,"Carroll",31,627,4.94417862838915,0
"Fruitland Primary",2021,"Wicomico",31,378,8.2010582010582,-38
"Gale-Bailey Elementary School",2022,"Charles",31,342,9.06432748538012,6.89655172413792
"Imagine Andrews Public Charter",2020,"Prince Georges",31,464,6.68103448275862,NA
"James Mchenry Elementary/Middle",2021,"Baltimore City",31,670,4.62686567164179,121.428571428571
"Kettering Elementary",2020,"Prince Georges",31,419,7.39856801909308,NA
"Leonardtown Elementary",2026,"Saint Marys",31,495,6.26262626262626,-6.06060606060606
"Mardela Middle & High",2022,"Wicomico",31,728,4.25824175824176,19.2307692307692
"Marlton Elementary",2023,"Prince Georges",31,309,10.0323624595469,29.1666666666667
"Marlton Elementary",2024,"Prince Georges",31,309,10.0323624595469,0
"Mayo Elementary",2026,"Anne Arundel",31,331,9.36555891238671,-6.06060606060606
"New Town High",2020,"Baltimore County",31,1168,2.6541095890411,NA
"North Carroll Middle",2022,"Carroll",31,612,5.06535947712418,10.7142857142857
"North Chevy Chase Elementary",2021,"Montgomery",31,225,13.7777777777778,3.33333333333334
"Oklahoma Road Middle",2020,"Carroll",31,695,4.46043165467626,NA
"Oklahoma Road Middle",2021,"Carroll",31,721,4.2995839112344,0
"Perryville Middle",2026,"Cecil",31,523,5.92734225621415,24
"Perrywood Elementary",2020,"Prince Georges",31,593,5.22765598650927,NA
"Piney Ridge Elementary",2026,"Carroll",31,555,5.58558558558559,-22.5
"Pocomoke Elementary",2022,"Worcester",31,435,7.1264367816092,-24.390243902439
"Powhatan Elementary",2024,"Baltimore County",31,222,13.963963963964,14.8148148148148
"Red Pump Elementary School",2026,"Harford",31,670,4.62686567164179,-24.390243902439
"Robert Goddard Montessori",2020,"Prince Georges",31,490,6.3265306122449,NA
"Shady Side Elementary",2025,"Anne Arundel",31,391,7.92838874680307,10.7142857142857
"Smithsburg Elementary",2023,"Washington",31,369,8.40108401084011,55
"Snow Hill Middle",2024,"Worcester",31,403,7.69230769230769,14.8148148148148
"Snow Hill Middle",2025,"Worcester",31,404,7.67326732673267,0
"Sparrows Point Middle",2022,"Baltimore County",31,560,5.53571428571429,-6.06060606060606
"St. Michaels Middle/High School",2020,"Talbot",31,430,7.2093023255814,NA
"Stephen Knolls School",2023,"Montgomery",31,67,46.2686567164179,55
"Sunderland Elementary",2021,"Calvert",31,624,4.96794871794872,29.1666666666667
"Taneytown Elementary",2020,"Carroll",31,401,7.73067331670823,NA
"The Historic Cherry Hill Elementary/Middle",2021,"Baltimore City",31,674,4.59940652818991,6.89655172413792
"The Mount Washington School",2023,"Baltimore City",31,549,5.64663023679417,3.33333333333334
"Thurmont Primary",2023,"Frederick",31,307,10.0977198697068,10.7142857142857
"Triadelphia Ridge Elementary",2026,"Howard",31,643,4.82115085536547,19.2307692307692
"Wayside Elementary",2020,"Montgomery",31,500,6.2,NA
"Wayside Elementary",2022,"Montgomery",31,450,6.88888888888889,19.2307692307692
"Westside Intermediate",2022,"Wicomico",31,340,9.11764705882353,14.8148148148148
"Arnold Elementary",2020,"Anne Arundel",30,543,5.52486187845304,NA
"Barbara Ingram School For The Arts",2020,"Washington",30,303,9.9009900990099,NA
"Beechfield Elementary/Middle",2021,"Baltimore City",30,643,4.6656298600311,3.44827586206897
"Boonsboro High",2020,"Washington",30,902,3.32594235033259,NA
"Carrolltowne Elementary",2020,"Carroll",30,591,5.0761421319797,NA
"Centennial Lane Elementary",2021,"Howard",30,655,4.58015267175572,3.44827586206897
"Centennial Lane Elementary",2022,"Howard",30,658,4.55927051671733,0
"Centreville Middle School",2023,"Queen Annes",30,481,6.23700623700624,-16.6666666666667
"Chapel Hill Elementary",2022,"Baltimore County",30,594,5.05050505050505,76.4705882352941
"Charles H. Chipman Elementary",2022,"Wicomico",30,252,11.9047619047619,76.4705882352941
"Charlestown Elementary",2026,"Cecil",30,295,10.1694915254237,30.4347826086957
"Chesapeake City Elementary",2026,"Cecil",30,343,8.7463556851312,-9.09090909090909
"Church Hill Elementary School",2023,"Queen Annes",30,256,11.71875,-3.2258064516129
"Colonel Richardson Middle School",2023,"Caroline",30,374,8.02139037433155,11.1111111111111
"Dogwood Elementary",2020,"Baltimore County",30,682,4.39882697947214,NA
"Dufief Elementary",2023,"Montgomery",30,245,12.2448979591837,-6.25
"Dufief Elementary",2024,"Montgomery",30,247,12.1457489878543,0
"Ebb Valley Elementary",2024,"Carroll",30,571,5.25394045534151,3.44827586206897
"Ebb Valley Elementary",2025,"Carroll",30,563,5.32859680284192,0
"Eldersburg Elementary",2024,"Carroll",30,476,6.30252100840336,7.14285714285714
"Elk Neck Elementary",2026,"Cecil",30,469,6.39658848614073,-3.2258064516129
"Excel Academy Public Charter",2021,"Prince Georges",30,430,6.97674418604651,-14.2857142857143
"Fallston Middle School",2020,"Harford",30,934,3.21199143468951,NA
"Fallston Middle School",2021,"Harford",30,864,3.47222222222222,0
"Ferndale Early Education Center",2024,"Anne Arundel",30,143,20.979020979021,-11.7647058823529
"Forest Hill Elementary",2021,"Harford",30,472,6.35593220338983,7.14285714285714
"Fountain Green Elementary",2024,"Harford",30,456,6.57894736842105,-6.25
"Greenview Knolls Elementary",2024,"Saint Marys",30,322,9.3167701863354,-25
"Greenview Knolls Elementary",2025,"Saint Marys",30,294,10.2040816326531,0
"Gunpowder Elementary",2026,"Baltimore County",30,464,6.46551724137931,-6.25
"H. W. Wheatley Early Childhood Center",2021,"Prince Georges",30,261,11.4942528735632,-23.0769230769231
"Halethorpe Elementary",2022,"Baltimore County",30,271,11.070110701107,-14.2857142857143
"Hampstead Elementary",2025,"Carroll",30,400,7.5,25
"Harford Heights Elementary",2025,"Baltimore City",30,435,6.89655172413793,25
"Hazelwood Elementary/Middle",2021,"Baltimore City",30,460,6.52173913043478,3.44827586206897
"James Ryder Randall E C C",2024,"Prince Georges",30,158,18.9873417721519,NA
"Judith P. Hoyer Montessori",2026,"Prince Georges",30,359,8.35654596100279,7.14285714285714
"Kenmore Elementary",2022,"Cecil",30,287,10.4529616724739,-9.09090909090909
"Kennard Elementary School",2020,"Queen Annes",30,501,5.98802395209581,NA
"Kent Island Elementary School",2021,"Queen Annes",30,370,8.10810810810811,-23.0769230769231
"Kingsford Elementary",2022,"Prince Georges",30,462,6.49350649350649,-9.09090909090909
"Leonardtown Elementary",2023,"Saint Marys",30,483,6.2111801242236,7.14285714285714
"Lutherville Laboratory",2021,"Baltimore County",30,338,8.87573964497041,-14.2857142857143
"Lutherville Laboratory",2023,"Baltimore County",30,377,7.95755968169761,-6.25
"Lutherville Laboratory",2026,"Baltimore County",30,398,7.53768844221105,-18.9189189189189
"Medfield Heights Elementary",2022,"Baltimore City",30,420,7.14285714285714,11.1111111111111
"Millersville Elementary",2020,"Anne Arundel",30,344,8.72093023255814,NA
"Monocacy Valley Montessori",2020,"Frederick",30,300,10,NA
"Montebello Elementary/Middle",2026,"Baltimore City",30,557,5.38599640933573,15.3846153846154
"New Town High",2024,"Baltimore County",30,1361,2.20426157237326,-25
"North Chevy Chase Elementary",2020,"Montgomery",30,259,11.5830115830116,NA
"North Harford Middle",2023,"Harford",30,848,3.5377358490566,11.1111111111111
"Northern Middle",2022,"Calvert",30,604,4.96688741721854,-73.4513274336283
"Northwest Middle",2021,"Carroll",30,645,4.65116279069767,-6.25
"Oakville Elementary",2026,"Saint Marys",30,299,10.0334448160535,50
"Old Forge Elementary",2024,"Washington",30,353,8.4985835694051,42.8571428571429
"Pemberton Elementary",2020,"Wicomico",30,562,5.33807829181495,NA
"Perryville Middle",2023,"Cecil",30,557,5.38599640933573,20
"Phoenix Academy",2021,"Anne Arundel",30,349,8.59598853868195,11.1111111111111
"Pinewood Elementary",2020,"Baltimore County",30,596,5.03355704697987,NA
"Pinewood Elementary",2023,"Baltimore County",30,555,5.40540540540541,20
"Pocomoke Elementary",2025,"Worcester",30,491,6.10997963340122,-14.2857142857143
"Ring Factory Elementary",2025,"Harford",30,541,5.5452865064695,15.3846153846154
"Riviera Beach Elementary",2025,"Anne Arundel",30,270,11.1111111111111,36.3636363636364
"Runnymede Elementary",2023,"Carroll",30,592,5.06756756756757,7.14285714285714
"Seventh District Elementary",2026,"Baltimore County",30,357,8.40336134453782,11.1111111111111
"Shady Side Elementary",2026,"Anne Arundel",30,382,7.85340314136126,-3.2258064516129
"Sinclair Lane Elementary",2026,"Baltimore City",30,249,12.0481927710843,7.14285714285714
"Snow Hill High",2025,"Worcester",30,368,8.15217391304348,50
"Sparks Elementary",2024,"Baltimore County",30,497,6.03621730382294,30.4347826086957
"St. Michaels Elementary",2026,"Talbot",30,319,9.40438871473354,-9.09090909090909
"Tall Oaks High",2022,"Prince Georges",30,68,44.1176470588235,-25
"The Mount Washington School",2022,"Baltimore City",30,534,5.61797752808989,3.44827586206897
"Thurmont Middle",2021,"Frederick",30,573,5.23560209424084,25
"Thurmont Primary",2024,"Frederick",30,329,9.11854103343465,-3.2258064516129
"Triadelphia Ridge Elementary",2021,"Howard",30,540,5.55555555555556,-16.6666666666667
"Triadelphia Ridge Elementary",2022,"Howard",30,562,5.33807829181495,0
"Watershed Public Charter",2026,"Baltimore County",30,417,7.19424460431655,7.14285714285714
"Waverly Elementary",2020,"Howard",30,951,3.15457413249211,NA
"Waverly Elementary/Middle",2023,"Baltimore City",30,513,5.84795321637427,3.44827586206897
"Wellwood International Elementary",2020,"Baltimore County",30,489,6.13496932515337,NA
"West Friendship Elementary",2026,"Howard",30,375,8,7.14285714285714
"William S. James Elementary",2020,"Harford",30,472,6.35593220338983,NA
"Baltimore Design School",2026,"Baltimore City",29,516,5.62015503875969,16
"Beechfield Elementary/Middle",2020,"Baltimore City",29,635,4.56692913385827,NA
"Boonsboro Elementary",2024,"Washington",29,503,5.76540755467197,26.0869565217391
"Bushy Park Elementary",2021,"Howard",29,602,4.81727574750831,11.5384615384615
"Carl Sandburg Center",2022,"Montgomery",29,99,29.2929292929293,-6.45161290322581
"Carney Elementary",2023,"Baltimore County",29,522,5.55555555555556,-6.45161290322581
"Carver Vocational-Technical High",2023,"Baltimore City",29,1020,2.84313725490196,11.5384615384615
"Centennial Lane Elementary",2020,"Howard",29,719,4.03337969401947,NA
"Chesapeake City Elementary",2023,"Cecil",29,379,7.65171503957784,31.8181818181818
"City Springs Elementary/Middle",2024,"Baltimore City",29,437,6.63615560640732,70.5882352941176
"Concord Elementary",2020,"Prince Georges",29,365,7.94520547945206,NA
"Dorothy I. Height Elementary",2025,"Baltimore City",29,435,6.66666666666667,81.25
"Dynard Elementary",2026,"Saint Marys",29,400,7.25,31.8181818181818
"Ebb Valley Elementary",2023,"Carroll",29,544,5.33088235294118,93.3333333333333
"Edgemere Elementary",2023,"Baltimore County",29,387,7.49354005167959,3.57142857142858
"Eldersburg Elementary",2025,"Carroll",29,470,6.17021276595745,-3.33333333333333
"Ellicott Mills Middle",2022,"Howard",29,725,4,-29.2682926829268
"Federalsburg Elementary School",2025,"Caroline",29,415,6.98795180722892,20.8333333333333
"Folger Mckinsey Elementary",2020,"Anne Arundel",29,612,4.73856209150327,NA
"Forest Hill Elementary",2025,"Harford",29,451,6.43015521064302,-9.375
"Forest Lakes Elementary",2024,"Harford",29,420,6.90476190476191,16
"Fountain Rock Elementary",2025,"Washington",29,319,9.09090909090909,16
"Gale-Bailey Elementary School",2020,"Charles",29,395,7.34177215189873,NA
"Gale-Bailey Elementary School",2021,"Charles",29,348,8.33333333333333,0
"Gardenville Elementary",2025,"Baltimore City",29,229,12.6637554585153,107.142857142857
"Gardenville Elementary",2026,"Baltimore City",29,243,11.9341563786008,0
"Greenbrier Elementary",2026,"Washington",29,272,10.6617647058824,7.40740740740742
"Hampden Elementary/Middle",2022,"Baltimore City",29,460,6.30434782608696,45
"Hampden Elementary/Middle",2026,"Baltimore City",29,537,5.40037243947858,52.6315789473684
"Harford Hills Elementary",2020,"Baltimore County",29,365,7.94520547945206,NA
"Hazelwood Elementary/Middle",2020,"Baltimore City",29,477,6.07966457023061,NA
"Ilchester Elementary",2025,"Howard",29,482,6.01659751037344,-9.375
"J. Frank Dent Elementary",2024,"Prince Georges",29,216,13.4259259259259,52.6315789473684
"Kenmore Elementary",2025,"Cecil",29,290,10,38.0952380952381
"Lake Arbor Elementary",2025,"Prince Georges",29,593,4.89038785834739,20.8333333333333
"Legend Public Charter School",2022,"Prince Georges",29,692,4.1907514450867,38.0952380952381
"Manor Woods Elementary",2025,"Howard",29,697,4.16068866571019,-17.1428571428571
"Mt Hope/Nanjemoy Elementary School",2024,"Charles",29,281,10.3202846975089,45
"North Chevy Chase Elementary",2022,"Montgomery",29,222,13.0630630630631,-6.45161290322581
"North Harford High",2021,"Harford",29,1226,2.36541598694943,-9.375
"North Harford Middle",2021,"Harford",29,878,3.30296127562642,45
"Perry Hall Elementary",2021,"Baltimore County",29,592,4.89864864864865,-21.6216216216216
"Perrywood Elementary",2021,"Prince Georges",29,551,5.26315789473684,-6.45161290322581
"Pimlico Elementary/Middle",2020,"Baltimore City",29,621,4.66988727858293,NA
"Pittsville Elementary & Middle",2024,"Wicomico",29,307,9.44625407166124,7.40740740740742
"Pocomoke Elementary",2026,"Worcester",29,473,6.13107822410148,-3.33333333333333
"Pocomoke High",2024,"Worcester",29,351,8.26210826210826,3.57142857142858
"Pocomoke Middle",2023,"Worcester",29,448,6.47321428571429,3.57142857142858
"Princess Anne Elementary School",2023,"Somerset",29,350,8.28571428571428,-9.375
"Randallstown Elementary",2020,"Baltimore County",29,400,7.25,NA
"Rodgers Forge Elementary",2023,"Baltimore County",29,396,7.32323232323232,16
"Samuel P. Massie Academy",2020,"Prince Georges",29,614,4.72312703583062,NA
"Seneca Elementary",2024,"Baltimore County",29,330,8.78787878787879,-14.7058823529412
"Severna Park Elementary",2024,"Anne Arundel",29,395,7.34177215189873,52.6315789473684
"Showell Elementary",2020,"Worcester",29,555,5.22522522522523,NA
"Snow Hill Elementary",2023,"Worcester",29,379,7.65171503957784,31.8181818181818
"Spring Garden Elementary",2020,"Carroll",29,416,6.97115384615385,NA
"Spring Garden Elementary",2022,"Carroll",29,423,6.85579196217494,3.57142857142858
"Sunset Elementary",2020,"Anne Arundel",29,446,6.50224215246637,NA
"Sunset Elementary",2021,"Anne Arundel",29,418,6.9377990430622,0
"The Historic Cherry Hill Elementary/Middle",2020,"Baltimore City",29,680,4.26470588235294,NA
"The Historic Cherry Hill Elementary/Middle",2023,"Baltimore City",29,590,4.91525423728814,-9.375
"The Historic Cherry Hill Elementary/Middle",2024,"Baltimore City",29,511,5.67514677103718,0
"The Mount Washington School",2021,"Baltimore City",29,552,5.2536231884058,20.8333333333333
"Town Creek Elementary",2022,"Saint Marys",29,232,12.5,70.5882352941176
"Travilah Elementary",2022,"Montgomery",29,351,8.26210826210826,-23.6842105263158
"Triadelphia Ridge Elementary",2023,"Howard",29,605,4.79338842975207,-3.33333333333333
"Vanguard Collegiate Middle",2025,"Baltimore City",29,313,9.26517571884984,16
"Vanguard Collegiate Middle",2026,"Baltimore City",29,293,9.89761092150171,0
"Vivien T. Thomas Medical Arts Academy",2022,"Baltimore City",29,456,6.35964912280702,20.8333333333333
"Watershed Public Charter",2023,"Baltimore County",29,287,10.1045296167247,26.0869565217391
"Waverly Elementary/Middle",2022,"Baltimore City",29,567,5.11463844797178,31.8181818181818
"White Marsh Elementary",2022,"Talbot",29,283,10.2473498233216,163.636363636364
"Willards Elementary",2026,"Wicomico",29,365,7.94520547945206,38.0952380952381
"Windsor Mill Middle",2021,"Baltimore County",29,691,4.19681620839363,-9.375
"Worthington Elementary",2022,"Howard",29,446,6.50224215246637,26.0869565217391
"Allegany High",2025,"Allegany",28,719,3.89429763560501,64.7058823529412
"Annapolis Elementary",2026,"Anne Arundel",28,152,18.4210526315789,-37.7777777777778
"Baltimore Montessori Public Charter School",2024,"Baltimore City",28,585,4.78632478632479,33.3333333333333
"Baltimore Revolutionary Academy For Virtual Ed.",2026,"Baltimore City",28,447,6.26398210290828,-12.5
"Beechfield Elementary/Middle",2023,"Baltimore City",28,583,4.80274442538593,-17.6470588235294
"Benjamin Banneker Elementary",2020,"Saint Marys",28,625,4.48,NA
"Benjamin Banneker Elementary",2026,"Saint Marys",28,564,4.9645390070922,12
"Boonsboro Middle",2021,"Washington",28,631,4.43740095087163,7.69230769230769
"Central Special School",2023,"Anne Arundel",28,142,19.7183098591549,27.2727272727273
"Chapel District Elementary",2022,"Talbot",28,346,8.09248554913295,12
"Chesapeake City Elementary",2024,"Cecil",28,372,7.52688172043011,-3.44827586206896
"Churchville Elementary",2026,"Harford",28,369,7.58807588075881,12
"Colonel Richardson Middle School",2021,"Caroline",28,404,6.93069306930693,-9.67741935483871
"Cromwell Valley Elementary Regional Magnet",2023,"Baltimore County",28,396,7.07070707070707,7.69230769230769
"Dallas F. Nicholas, Sr., Elementary",2024,"Baltimore City",28,192,14.5833333333333,3.7037037037037
"Edgemere Elementary",2022,"Baltimore County",28,405,6.91358024691358,3.7037037037037
"Eldersburg Elementary",2020,"Carroll",28,449,6.23608017817372,NA
"Eldersburg Elementary",2021,"Carroll",28,459,6.10021786492375,0
"Eldersburg Elementary",2023,"Carroll",28,474,5.90717299578059,-9.67741935483871
"Elmer A. Wolfe Elementary",2025,"Carroll",28,502,5.57768924302789,3.7037037037037
"Ferndale Early Education Center",2020,"Anne Arundel",28,151,18.5430463576159,NA
"Folger Mckinsey Elementary",2022,"Anne Arundel",28,594,4.71380471380471,-9.67741935483871
"Forest Hill Elementary",2020,"Harford",28,507,5.52268244575937,NA
"Fountain Green Elementary",2020,"Harford",28,484,5.78512396694215,NA
"Frederick Elementary",2023,"Baltimore City",28,393,7.12468193384224,47.3684210526316
"Freedom District Elementary",2020,"Carroll",28,576,4.86111111111111,NA
"H. H. Garnett Elementary",2021,"Kent",28,343,8.16326530612245,-20
"Hollywood Elementary",2020,"Saint Marys",28,455,6.15384615384615,-89.6296296296296
"Honeygo Elementary",2021,"Baltimore County",28,661,4.23600605143722,-15.1515151515151
"James Mchenry Elementary/Middle",2024,"Baltimore City",28,610,4.59016393442623,-22.2222222222222
"Judith P. Hoyer Montessori",2025,"Prince Georges",28,361,7.75623268698061,16.6666666666667
"Kennard Elementary School",2021,"Queen Annes",28,446,6.2780269058296,-6.66666666666667
"Leonardtown Elementary",2022,"Saint Marys",28,474,5.90717299578059,16.6666666666667
"Lettie Marshall Dent Elem",2025,"Saint Marys",28,479,5.8455114822547,7.69230769230769
"Lime Kiln Middle",2022,"Howard",28,619,4.52342487883683,3.7037037037037
"Lyons Mill Elementary",2024,"Baltimore County",28,645,4.34108527131783,7.69230769230769
"Margaret Brent Regional Center",2021,"Prince Georges",28,72,38.8888888888889,3.7037037037037
"Medfield Heights Elementary",2026,"Baltimore City",28,512,5.46875,7.69230769230769
"Mill Creek Middle",2026,"Calvert",28,435,6.4367816091954,16.6666666666667
"Millersville Elementary",2021,"Anne Arundel",28,349,8.02292263610315,-6.66666666666667
"Monocacy Elementary",2023,"Montgomery",28,167,16.7664670658683,-84.180790960452
"Monocacy Elementary",2024,"Montgomery",28,180,15.5555555555556,-83.7209302325581
"Myersville Elementary",2021,"Frederick",28,379,7.38786279683377,21.7391304347826
"New Midway/Woodsboro Elementary",2025,"Frederick",28,269,10.4089219330855,21.7391304347826
"North Bend Elementary/Middle",2021,"Baltimore City",28,491,5.70264765784114,16.6666666666667
"North Bend Elementary/Middle",2024,"Baltimore City",28,453,6.18101545253863,7.69230769230769
"North Carroll Middle",2021,"Carroll",28,628,4.45859872611465,-17.6470588235294
"Park Heights Academy",2026,"Baltimore City",28,375,7.46666666666667,-22.2222222222222
"Perrywood Elementary",2024,"Prince Georges",28,535,5.23364485981308,-17.6470588235294
"Phoenix Academy",2022,"Anne Arundel",28,289,9.68858131487889,-6.66666666666667
"Pocomoke Elementary",2023,"Worcester",28,443,6.32054176072235,-9.67741935483871
"Pocomoke High",2023,"Worcester",28,352,7.95454545454545,7.69230769230769
"Pocomoke Middle",2022,"Worcester",28,443,6.32054176072235,40
"Pocomoke Middle",2024,"Worcester",28,466,6.00858369098712,-3.44827586206896
"Preston Elementary School",2021,"Caroline",28,368,7.60869565217391,3.7037037037037
"Princess Anne Elementary School",2025,"Somerset",28,391,7.16112531969309,-17.6470588235294
"Randallstown Elementary",2021,"Baltimore County",28,384,7.29166666666667,-3.44827586206896
"Randallstown Elementary",2022,"Baltimore County",28,342,8.18713450292398,0
"Riderwood Elementary",2025,"Baltimore County",28,423,6.6193853427896,27.2727272727273
"Ring Factory Elementary",2023,"Harford",28,534,5.2434456928839,64.7058823529412
"Runnymede Elementary",2022,"Carroll",28,565,4.95575221238938,33.3333333333333
"Shady Side Elementary",2024,"Anne Arundel",28,396,7.07070707070707,12
"Sinclair Lane Elementary",2025,"Baltimore City",28,269,10.4089219330855,86.6666666666667
"Smithsburg Elementary",2024,"Washington",28,367,7.62942779291553,-9.67741935483871
"Snow Hill Elementary",2025,"Worcester",28,387,7.23514211886305,21.7391304347826
"Spring Garden Elementary",2021,"Carroll",28,429,6.52680652680653,-3.44827586206896
"Spring Garden Elementary",2023,"Carroll",28,440,6.36363636363636,-3.44827586206896
"St. Michaels Elementary",2020,"Talbot",28,302,9.27152317880795,NA
"Thurmont Primary",2022,"Frederick",28,287,9.75609756097561,133.333333333333
"Walter P. Carter Elementary/Middle",2026,"Baltimore City",28,797,3.51317440401506,-20
"Watershed Public Charter",2025,"Baltimore County",28,366,7.65027322404372,7.69230769230769
"West Friendship Elementary",2024,"Howard",28,370,7.56756756756757,33.3333333333333
"West Friendship Elementary",2025,"Howard",28,367,7.62942779291553,0
"White Marsh Elementary",2021,"Talbot",28,286,9.79020979020979,133.333333333333
"Willards Elementary",2023,"Wicomico",28,309,9.06148867313916,12
"Baltimore School For The Arts",2021,"Baltimore City",27,433,6.23556581986143,17.3913043478261
"Benfield Elementary",2024,"Anne Arundel",27,462,5.84415584415584,-18.1818181818182
"Benfield Elementary",2026,"Anne Arundel",27,496,5.44354838709677,3.84615384615385
"Boonsboro Elementary",2022,"Washington",27,510,5.29411764705882,22.7272727272727
"Braddock Middle",2024,"Allegany",27,586,4.60750853242321,22.7272727272727
"Calvert Elementary",2020,"Calvert",27,516,5.23255813953488,NA
"Calvert Elementary",2025,"Cecil",27,390,6.92307692307692,-37.2093023255814
"Calvert Elementary",2026,"Cecil",27,377,7.16180371352785,-30.7692307692308
"Captain Walter Francis Duke Elementary",2023,"Saint Marys",27,547,4.93601462522852,17.3913043478261
"Carrie Weedon Early Education Center",2023,"Anne Arundel",27,63,42.8571428571429,12.5
"Central Special School",2024,"Anne Arundel",27,127,21.259842519685,-3.57142857142857
"Chapel District Elementary",2020,"Talbot",27,371,7.27762803234501,NA
"Chesapeake Charter School",2023,"Saint Marys",27,519,5.20231213872832,35
"Chesapeake Math And It South Public Charter",2020,"Prince Georges",27,1335,2.02247191011236,NA
"Chesapeake Math And It South Public Charter",2025,"Prince Georges",27,1503,1.79640718562874,-12.9032258064516
"Colonel Richardson Middle School",2022,"Caroline",27,362,7.4585635359116,-3.57142857142857
"Colonel Richardson Middle School",2024,"Caroline",27,364,7.41758241758242,-10
"Community Based Classrooms",2021,"Prince Georges",27,68,39.7058823529412,17.3913043478261
"Conowingo Elementary",2026,"Cecil",27,352,7.67045454545455,3.84615384615385
"Dallas F. Nicholas, Sr., Elementary",2023,"Baltimore City",27,201,13.4328358208955,28.5714285714286
"Dogwood Elementary",2021,"Baltimore County",27,578,4.67128027681661,-10
"Edgemere Elementary",2021,"Baltimore County",27,404,6.68316831683168,28.5714285714286
"Elmer A. Wolfe Elementary",2024,"Carroll",27,501,5.38922155688623,42.1052631578947
"Federal Hill Preparatory Academy",2022,"Baltimore City",27,362,7.4585635359116,3.84615384615385
"Folly Quarter Middle",2020,"Howard",27,700,3.85714285714286,NA
"Fountain Green Elementary",2026,"Harford",27,481,5.61330561330561,3.84615384615385
"Freedom District Elementary",2021,"Carroll",27,544,4.96323529411765,-3.57142857142857
"Freedom District Elementary",2022,"Carroll",27,599,4.50751252086811,0
"Greenbrier Elementary",2025,"Washington",27,259,10.4247104247104,8.00000000000001
"Hampstead Elementary",2023,"Carroll",27,407,6.63390663390663,12.5
"Heather Hills Elementary",2026,"Prince Georges",27,368,7.33695652173913,17.3913043478261
"Hollywood Elementary",2021,"Saint Marys",27,439,6.1503416856492,-89.0688259109312
"Jarrettsville Elementary",2025,"Harford",27,467,5.78158458244111,22.7272727272727
"John Hanson Montessori",2025,"Prince Georges",27,496,5.44354838709677,8.00000000000001
"Kenmore Elementary",2026,"Cecil",27,293,9.21501706484642,-6.89655172413793
"Lake Shore Elementary",2026,"Anne Arundel",27,287,9.40766550522648,12.5
"Lime Kiln Middle",2021,"Howard",27,642,4.20560747663551,3.84615384615385
"Lyons Mill Elementary",2025,"Baltimore County",27,671,4.02384500745156,-3.57142857142857
"Margaret Brent Regional Center",2020,"Prince Georges",27,72,37.5,NA
"Margaret Brent Regional Center",2022,"Prince Georges",27,58,46.551724137931,-3.57142857142857
"Matapeake Elementary School",2022,"Queen Annes",27,409,6.60146699266504,22.7272727272727
"Matapeake Middle School",2023,"Queen Annes",27,393,6.87022900763359,12.5
"Medfield Heights Elementary",2021,"Baltimore City",27,363,7.43801652892562,28.5714285714286
"Middleborough Elementary",2025,"Baltimore County",27,288,9.375,35
"Mount Royal Elementary/Middle",2022,"Baltimore City",27,782,3.45268542199488,3.84615384615385
"Mount View Middle",2022,"Howard",27,866,3.11778290993072,-15.625
"New Town High",2021,"Baltimore County",27,1214,2.22405271828666,-12.9032258064516
"North Harford Middle",2022,"Harford",27,895,3.01675977653631,-6.89655172413793
"Overlook Elementary",2020,"Prince Georges",27,332,8.13253012048193,-62.5
"Perry Hall Elementary",2023,"Baltimore County",27,443,6.09480812641084,28.5714285714286
"Perryville Elementary",2021,"Cecil",27,371,7.27762803234501,12.5
"Perryville Middle",2021,"Cecil",27,585,4.61538461538462,22.7272727272727
"Phoenix Academy",2020,"Anne Arundel",27,347,7.78097982708934,NA
"Piccowaxen Middle School",2021,"Charles",27,443,6.09480812641084,17.3913043478261
"Pinewood Elementary",2025,"Baltimore County",27,598,4.51505016722408,-20.5882352941177
"Pittsville Elementary & Middle",2022,"Wicomico",27,354,7.6271186440678,17.3913043478261
"Pittsville Elementary & Middle",2023,"Wicomico",27,329,8.20668693009119,0
"Powhatan Elementary",2020,"Baltimore County",27,251,10.7569721115538,NA
"Powhatan Elementary",2022,"Baltimore County",27,240,11.25,35
"Powhatan Elementary",2023,"Baltimore County",27,241,11.2033195020747,0
"Preston Elementary School",2020,"Caroline",27,403,6.69975186104218,NA
"Rosaryville Elementary",2021,"Prince Georges",27,404,6.68316831683168,-30.7692307692308
"Seneca Elementary",2020,"Baltimore County",27,423,6.38297872340426,NA
"Seventh District Elementary",2025,"Baltimore County",27,346,7.80346820809249,-25
"Sharpsburg Elementary",2026,"Washington",27,375,7.2,12.5
"Snow Hill High",2026,"Worcester",27,381,7.08661417322835,-10
"Snow Hill Middle",2023,"Worcester",27,403,6.69975186104218,58.8235294117647
"The Mount Washington School",2026,"Baltimore City",27,526,5.13307984790875,-22.8571428571429
"The Reach! Partnership School",2023,"Baltimore City",27,708,3.8135593220339,22.7272727272727
"Vanguard Collegiate Middle",2023,"Baltimore City",27,343,7.87172011661808,22.7272727272727
"Vivien T. Thomas Medical Arts Academy",2023,"Baltimore City",27,388,6.95876288659794,-6.89655172413793
"Westside Intermediate",2021,"Wicomico",27,363,7.43801652892562,17.3913043478261
"Westside Primary",2026,"Wicomico",27,217,12.4423963133641,8.00000000000001
"Wildwood Elementary/Middle",2023,"Baltimore City",27,793,3.40479192938209,42.1052631578947
"Willards Elementary",2020,"Wicomico",27,323,8.35913312693498,NA
"William S. Baer School",2024,"Baltimore City",27,154,17.5324675324675,8.00000000000001
"William S. Baer School",2025,"Baltimore City",27,167,16.1676646706587,0
"Woodmore Elementary",2021,"Prince Georges",27,460,5.8695652173913,-18.1818181818182
"Worthington Elementary",2023,"Howard",27,436,6.19266055045872,-6.89655172413793
"Achievement Academy At Harbor City High",2020,"Baltimore City",26,433,6.00461893764434,NA
"Arbutus Elementary",2024,"Baltimore County",26,379,6.86015831134565,18.1818181818182
"Arnold Elementary",2021,"Anne Arundel",26,481,5.40540540540541,-13.3333333333333
"Baltimore School For The Arts",2026,"Baltimore City",26,446,5.82959641255605,4
"Bard High School Early College",2023,"Baltimore City",26,431,6.03248259860789,4
"Benfield Elementary",2025,"Anne Arundel",26,500,5.2,-3.70370370370371
"Boonsboro Middle",2020,"Washington",26,702,3.7037037037037,NA
"Bushy Park Elementary",2020,"Howard",26,638,4.07523510971787,NA
"Carney Elementary",2020,"Baltimore County",26,638,4.07523510971787,NA
"Carver Vocational-Technical High",2022,"Baltimore City",26,1107,2.3486901535682,8.33333333333333
"Central Special School",2021,"Anne Arundel",26,129,20.1550387596899,13.0434782608696
"Church Hill Elementary School",2020,"Queen Annes",26,263,9.88593155893536,NA
"City Neighbors High",2024,"Baltimore City",26,419,6.20525059665871,30
"Concord Elementary",2021,"Prince Georges",26,333,7.80780780780781,-10.3448275862069
"Conowingo Elementary",2025,"Cecil",26,379,6.86015831134565,44.4444444444444
"Cromwell Valley Elementary Regional Magnet",2022,"Baltimore County",26,380,6.8421052631579,36.8421052631579
"Dr. Thomas L. Higdon Elementary School",2026,"Charles",26,386,6.73575129533679,44.4444444444444
"Federal Hill Preparatory Academy",2021,"Baltimore City",26,345,7.53623188405797,13.0434782608696
"Ferndale Early Education Center",2022,"Anne Arundel",26,103,25.2427184466019,23.8095238095238
"Fort Garrison Elementary",2026,"Baltimore County",26,286,9.09090909090909,36.8421052631579
"Fountain Green Elementary",2021,"Harford",26,458,5.67685589519651,-7.14285714285714
"Fountain Green Elementary",2025,"Harford",26,443,5.86907449209932,-13.3333333333333
"Fountain Rock Elementary",2026,"Washington",26,310,8.38709677419355,-10.3448275862069
"Freedom District Elementary",2026,"Carroll",26,613,4.24143556280587,-16.1290322580645
"Furley Elementary",2020,"Baltimore City",26,495,5.25252525252525,NA
"Furley Elementary",2024,"Baltimore City",26,389,6.68380462724936,52.9411764705882
"Gunpowder Elementary",2024,"Baltimore County",26,493,5.27383367139959,8.33333333333333
"H. W. Wheatley Early Childhood Center",2022,"Prince Georges",26,197,13.1979695431472,-13.3333333333333
"Honeygo Elementary",2022,"Baltimore County",26,693,3.75180375180375,-7.14285714285714
"J. Frank Dent Elementary",2020,"Prince Georges",26,284,9.15492957746479,NA
"James Mchenry Elementary/Middle",2025,"Baltimore City",26,588,4.42176870748299,-7.14285714285714
"James Ryder Randall Early Childhood Center",2023,"Prince Georges",26,158,16.4556962025316,36.8421052631579
"John Hanson Montessori",2023,"Prince Georges",26,491,5.29531568228106,13.0434782608696
"John Hanson Montessori",2026,"Prince Georges",26,507,5.12820512820513,-3.70370370370371
"Jones Elementary",2025,"Anne Arundel",26,334,7.78443113772455,18.1818181818182
"Kenmore Elementary",2023,"Cecil",26,286,9.09090909090909,-13.3333333333333
"Kingsville Elementary",2026,"Baltimore County",26,343,7.5801749271137,23.8095238095238
"Leeds Elementary",2020,"Cecil",26,423,6.14657210401891,NA
"Lettie Marshall Dent Elem",2024,"Saint Marys",26,477,5.45073375262055,30
"Lewistown Elementary",2021,"Frederick",26,161,16.1490683229814,-25.7142857142857
"Lime Kiln Middle",2020,"Howard",26,660,3.93939393939394,NA
"Lyons Mill Elementary",2023,"Baltimore County",26,622,4.18006430868167,36.8421052631579
"Mardela Middle & High",2021,"Wicomico",26,674,3.85756676557863,30
"Medfield Heights Elementary",2023,"Baltimore City",26,420,6.19047619047619,-13.3333333333333
"Medfield Heights Elementary",2025,"Baltimore City",26,485,5.36082474226804,4
"Middleborough Elementary",2026,"Baltimore County",26,290,8.96551724137931,-3.70370370370371
"Millersville Elementary",2022,"Anne Arundel",26,361,7.20221606648199,-7.14285714285714
"Montebello Elementary/Middle",2024,"Baltimore City",26,533,4.8780487804878,23.8095238095238
"Montebello Elementary/Middle",2025,"Baltimore City",26,542,4.7970479704797,0
"Moravia Park Elementary",2020,"Baltimore City",26,763,3.40760157273919,NA
"Moravia Park Elementary",2021,"Baltimore City",26,714,3.64145658263305,0
"Mount Royal Elementary/Middle",2021,"Baltimore City",26,781,3.32906530089629,13.0434782608696
"New Midway/Woodsboro Elementary",2023,"Frederick",26,276,9.42028985507246,4
"North Bend Elementary/Middle",2023,"Baltimore City",26,439,5.92255125284738,8.33333333333333
"Northern Middle",2020,"Calvert",26,674,3.85756676557863,NA
"Northern Middle",2021,"Calvert",26,672,3.86904761904762,-76.1467889908257
"Northwood Elementary",2024,"Baltimore City",26,586,4.43686006825939,23.8095238095238
"Northwood Elementary",2026,"Baltimore City",26,660,3.93939393939394,-23.5294117647059
"Oak Hill Elementary",2020,"Anne Arundel",26,716,3.63128491620112,NA
"Oak Hill Elementary",2021,"Anne Arundel",26,639,4.06885758998435,0
"Pasadena Elementary",2020,"Anne Arundel",26,364,7.14285714285714,NA
"Pasadena Elementary",2021,"Anne Arundel",26,347,7.49279538904899,0
"Phoenix Academy",2024,"Anne Arundel",26,216,12.037037037037,8.33333333333333
"Pinewood Elementary",2026,"Baltimore County",26,609,4.26929392446634,-3.70370370370371
"Pocomoke High",2022,"Worcester",26,333,7.80780780780781,4
"Riderwood Elementary",2026,"Baltimore County",26,404,6.43564356435644,-7.14285714285714
"Ring Factory Elementary",2024,"Harford",26,544,4.77941176470588,-7.14285714285714
"Rodgers Forge Elementary",2020,"Baltimore County",26,468,5.55555555555556,NA
"Rodgers Forge Elementary",2021,"Baltimore County",26,392,6.63265306122449,0
"Southwest Baltimore Charter School",2025,"Baltimore City",26,363,7.16253443526171,4
"Stadium School",2026,"Baltimore City",26,222,11.7117117117117,73.3333333333333
"Stephen Knolls School",2024,"Montgomery",26,54,48.1481481481481,-16.1290322580645
"Town Creek Elementary",2023,"Saint Marys",26,216,12.037037037037,-10.3448275862069
"Triadelphia Ridge Elementary",2025,"Howard",26,619,4.20032310177706,-21.2121212121212
"Watershed Public Charter",2024,"Baltimore County",26,327,7.95107033639144,-10.3448275862069
"Wayside Elementary",2021,"Montgomery",26,459,5.66448801742919,-16.1290322580645
"Winfield Elementary",2021,"Baltimore County",26,447,5.8165548098434,8.33333333333333
"Worthington Elementary",2025,"Howard",26,403,6.45161290322581,30
"Abbottston Elementary",2022,"Baltimore City",25,363,6.8870523415978,38.8888888888889
"Baltimore Design School",2025,"Baltimore City",25,503,4.97017892644135,13.6363636363636
"Baltimore School For The Arts",2025,"Baltimore City",25,443,5.64334085778781,31.5789473684211
"Bard High School Early College",2022,"Baltimore City",25,446,5.60538116591928,25
"Bard High School Early College",2024,"Baltimore City",25,482,5.18672199170125,-3.84615384615384
"Benjamin Banneker Elementary",2025,"Saint Marys",25,543,4.60405156537753,13.6363636363636
"Boonsboro Middle",2023,"Washington",25,610,4.0983606557377,4.16666666666667
"Calvert Elementary",2021,"Calvert",25,496,5.04032258064516,47.0588235294118
"Calvert Elementary",2023,"Cecil",25,399,6.265664160401,-44.4444444444444
"Carl Sandburg Center",2023,"Montgomery",25,88,28.4090909090909,-13.7931034482759
"Carrie Weedon Early Education Center",2024,"Anne Arundel",25,70,35.7142857142857,-7.40740740740741
"Central Special School",2025,"Anne Arundel",25,109,22.9357798165138,-7.40740740740741
"Chapel District Elementary",2021,"Talbot",25,335,7.46268656716418,-7.40740740740741
"Chapel Hill Elementary",2020,"Baltimore County",25,646,3.86996904024768,NA
"Chesapeake Math And It South Public Charter",2022,"Prince Georges",25,1395,1.7921146953405,4.16666666666667
"Chesapeake Math And It South Public Charter",2026,"Prince Georges",25,1500,1.66666666666667,-7.40740740740741
"Churchville Elementary",2025,"Harford",25,364,6.86813186813187,19.047619047619
"City Springs Elementary/Middle",2022,"Baltimore City",25,496,5.04032258064516,4.16666666666667
"Clear Spring Elementary",2026,"Washington",25,373,6.70241286863271,4.16666666666667
"Darnestown Elementary",2020,"Montgomery",25,323,7.73993808049536,NA
"Dickey Hill Elementary/Middle",2025,"Baltimore City",25,218,11.4678899082569,108.333333333333
"Elk Neck Elementary",2024,"Cecil",25,436,5.73394495412844,25
"Excel Academy Public Charter",2022,"Prince Georges",25,413,6.05326876513317,-16.6666666666667
"Forest Lakes Elementary",2020,"Harford",25,445,5.61797752808989,NA
"Forest Lakes Elementary",2023,"Harford",25,428,5.8411214953271,13.6363636363636
"Fort Smallwood Elementary",2024,"Anne Arundel",25,404,6.18811881188119,47.0588235294118
"Fountain Rock Elementary",2024,"Washington",25,302,8.27814569536424,19.047619047619
"Franklin Square Elementary/Middle",2024,"Baltimore City",25,460,5.43478260869565,NA
"Furley Elementary",2021,"Baltimore City",25,457,5.47045951859956,-3.84615384615384
"Govans Elementary",2024,"Baltimore City",25,403,6.20347394540943,4.16666666666667
"Govans Elementary",2026,"Baltimore City",25,415,6.02409638554217,-24.2424242424242
"Greenbrier Elementary",2024,"Washington",25,250,10,78.5714285714286
"Hampden Elementary/Middle",2023,"Baltimore City",25,488,5.12295081967213,-13.7931034482759
"Jacksonville Elementary",2023,"Baltimore County",25,502,4.9800796812749,8.69565217391304
"John Hanson Montessori",2024,"Prince Georges",25,482,5.18672199170125,-3.84615384615384
"John L Gildner Regional Inst For Children & Adol",2020,"Montgomery",25,112,22.3214285714286,NA
"John L Gildner Regional Inst For Children & Adol",2021,"Montgomery",25,108,23.1481481481481,0
"Lake Arbor Elementary",2023,"Prince Georges",25,545,4.58715596330275,31.5789473684211
"Longview School",2021,"Montgomery",25,65,38.4615384615385,19.047619047619
"Lyons Mill Elementary",2026,"Baltimore County",25,699,3.57653791130186,-7.40740740740741
"Matapeake Middle School",2020,"Queen Annes",25,352,7.10227272727273,NA
"Mccormick Elementary",2022,"Baltimore County",25,311,8.03858520900322,38.8888888888889
"Mechanicsville Elementary",2026,"Saint Marys",25,249,10.0401606425703,78.5714285714286
"Medfield Heights Elementary",2024,"Baltimore City",25,451,5.54323725055432,-3.84615384615384
"Moravia Park Elementary",2024,"Baltimore City",25,629,3.97456279809221,13.6363636363636
"Mt Hope/Nanjemoy Elementary School",2025,"Charles",25,269,9.29368029739777,-13.7931034482759
"Mt Hope/Nanjemoy Elementary School",2026,"Charles",25,258,9.68992248062016,0
"New Midway/Woodsboro Elementary",2022,"Frederick",25,297,8.41750841750842,56.25
"Patuxent Elementary",2021,"Prince Georges",25,284,8.80281690140845,25
"Perryville Elementary",2024,"Cecil",25,424,5.89622641509434,8.69565217391304
"Perryville Elementary",2025,"Cecil",25,423,5.91016548463357,0
"Perryville Middle",2022,"Cecil",25,578,4.32525951557093,-7.40740740740741
"Perryville Middle",2024,"Cecil",25,536,4.66417910447761,-16.6666666666667
"Perryville Middle",2025,"Cecil",25,512,4.8828125,0
"Pinewood Elementary",2022,"Baltimore County",25,552,4.52898550724638,13.6363636363636
"Pocomoke High",2021,"Worcester",25,349,7.16332378223496,38.8888888888889
"Rock Terrace School",2024,"Montgomery",25,79,31.6455696202532,47.0588235294118
"Rodgers Forge Elementary",2022,"Baltimore County",25,400,6.25,-3.84615384615384
"Rodgers Forge Elementary",2026,"Baltimore County",25,401,6.23441396508728,13.6363636363636
"Seven Oaks Elementary",2026,"Anne Arundel",25,487,5.13347022587269,-41.8604651162791
"Shady Side Elementary",2023,"Anne Arundel",25,401,6.23441396508728,38.8888888888889
"Southwest Baltimore Charter School",2024,"Baltimore City",25,373,6.70241286863271,25
"Tall Oaks High",2020,"Prince Georges",25,95,26.3157894736842,NA
"Thurmont Elementary",2022,"Frederick",25,292,8.56164383561644,13.6363636363636
"Thurmont Elementary",2023,"Frederick",25,278,8.99280575539568,0
"Vanguard Collegiate Middle",2024,"Baltimore City",25,315,7.93650793650794,-7.40740740740741
"West Towson Elementary",2023,"Baltimore County",25,382,6.54450261780105,8.69565217391304
"Westport Academy",2025,"Baltimore City",25,251,9.9601593625498,25
"Westside Primary",2025,"Wicomico",25,201,12.4378109452736,38.8888888888889
"White Marsh Elementary",2025,"Saint Marys",25,220,11.3636363636364,-35.8974358974359
"Willards Elementary",2022,"Wicomico",25,276,9.05797101449275,8.69565217391304
"William S. Baer School",2023,"Baltimore City",25,146,17.1232876712329,4.16666666666667
"Winand Elementary",2025,"Baltimore County",25,426,5.86854460093897,25
"Arundel Elementary",2023,"Baltimore City",24,427,5.62060889929742,26.3157894736842
"Baltimore School For The Arts",2022,"Baltimore City",24,425,5.64705882352941,-11.1111111111111
"Barbara Ingram School For The Arts",2021,"Washington",24,333,7.20720720720721,-20
"Boonsboro Middle",2022,"Washington",24,617,3.88978930307942,-14.2857142857143
"Carrie Weedon Early Education Center",2022,"Anne Arundel",24,63,38.0952380952381,14.2857142857143
"Carver Vocational-Technical High",2021,"Baltimore City",24,985,2.43654822335025,84.6153846153846
"Chatsworth School",2024,"Baltimore County",24,289,8.30449826989619,14.2857142857143
"Chatsworth School",2025,"Baltimore County",24,301,7.9734219269103,0
"Chesapeake Math And It South Public Charter",2021,"Prince Georges",24,1393,1.72290021536253,-11.1111111111111
"Church Lane Elementary Technology",2020,"Baltimore County",24,367,6.53950953678474,NA
"City Springs Elementary/Middle",2021,"Baltimore City",24,633,3.7914691943128,26.3157894736842
"Clarksville Middle",2026,"Howard",24,693,3.46320346320346,20
"Clear Spring Elementary",2025,"Washington",24,398,6.03015075376884,60
"Community Based Classrooms",2022,"Prince Georges",24,58,41.3793103448276,-11.1111111111111
"Edmondson-Westside High",2021,"Baltimore City",24,867,2.7681660899654,84.6153846153846
"Federalsburg Elementary School",2024,"Caroline",24,399,6.01503759398496,9.09090909090908
"Forest Hill Elementary",2026,"Harford",24,432,5.55555555555556,-17.2413793103448
"Forest Lakes Elementary",2021,"Harford",24,429,5.59440559440559,-4
"Freedom District Elementary",2023,"Carroll",24,617,3.88978930307942,-11.1111111111111
"Govans Elementary",2023,"Baltimore City",24,376,6.38297872340426,9.09090909090908
"Gunpowder Elementary",2023,"Baltimore County",24,510,4.70588235294118,50
"Hampden Elementary/Middle",2020,"Baltimore City",24,510,4.70588235294118,NA
"Hampstead Elementary",2022,"Carroll",24,395,6.07594936708861,20
"Hampstead Elementary",2024,"Carroll",24,419,5.72792362768496,-11.1111111111111
"Harford Heights Elementary",2024,"Baltimore City",24,404,5.94059405940594,118.181818181818
"Ilchester Elementary",2020,"Howard",24,634,3.78548895899054,NA
"Jacksonville Elementary",2020,"Baltimore County",24,550,4.36363636363636,NA
"Jacksonville Elementary",2026,"Baltimore County",24,534,4.49438202247191,41.1764705882353
"Jones Elementary",2023,"Anne Arundel",24,312,7.69230769230769,20
"Jones Elementary",2026,"Anne Arundel",24,337,7.12166172106825,-7.69230769230769
"Judith P. Hoyer Montessori",2024,"Prince Georges",24,364,6.59340659340659,4.34782608695652
"Lake Arbor Elementary",2024,"Prince Georges",24,555,4.32432432432432,-4
"Lake Shore Elementary",2025,"Anne Arundel",24,280,8.57142857142857,26.3157894736842
"Leonardtown Elementary",2021,"Saint Marys",24,436,5.5045871559633,14.2857142857143
"Lettie Marshall Dent Elem",2026,"Saint Marys",24,454,5.2863436123348,-14.2857142857143
"Longview School",2022,"Montgomery",24,65,36.9230769230769,-4
"Longview School",2023,"Montgomery",24,66,36.3636363636364,0
"Marlton Elementary",2022,"Prince Georges",24,326,7.36196319018405,60
"Matapeake Middle School",2021,"Queen Annes",24,381,6.2992125984252,-4
"Matapeake Middle School",2022,"Queen Annes",24,386,6.21761658031088,0
"Middleton Valley Academy",2020,"Prince Georges",24,390,6.15384615384615,NA
"Mill Creek Middle",2025,"Calvert",24,436,5.5045871559633,-25
"New Midway/Woodsboro Elementary",2026,"Frederick",24,258,9.30232558139535,-14.2857142857143
"North Bend Elementary/Middle",2020,"Baltimore City",24,493,4.86815415821501,NA
"North Bend Elementary/Middle",2022,"Baltimore City",24,485,4.94845360824742,-14.2857142857143
"Perryville Elementary",2020,"Cecil",24,393,6.10687022900763,NA
"Perryville Elementary",2022,"Cecil",24,407,5.8968058968059,-11.1111111111111
"Perryville Elementary",2026,"Cecil",24,375,6.4,-4
"Phoenix Academy",2023,"Anne Arundel",24,229,10.4803493449782,-14.2857142857143
"Piney Ridge Elementary",2020,"Carroll",24,535,4.48598130841121,NA
"Ring Factory Elementary",2020,"Harford",24,539,4.45269016697588,NA
"Rock Terrace School",2020,"Montgomery",24,92,26.0869565217391,NA
"Samuel P. Massie Academy",2021,"Prince Georges",24,564,4.25531914893617,-17.2413793103448
"Sharpsburg Elementary",2025,"Washington",24,362,6.62983425414365,33.3333333333333
"Sunderland Elementary",2020,"Calvert",24,723,3.3195020746888,NA
"The Belair-Edison School",2024,"Baltimore City",24,935,2.5668449197861,4.34782608695652
"The Mount Washington School",2020,"Baltimore City",24,587,4.08858603066439,NA
"Thurmont Elementary",2024,"Frederick",24,276,8.69565217391304,-4
"Thurmont Middle",2020,"Frederick",24,545,4.40366972477064,NA
"Vivien T. Thomas Medical Arts Academy",2021,"Baltimore City",24,413,5.81113801452785,50
"Waverly Elementary/Middle",2020,"Baltimore City",24,635,3.77952755905512,NA
"William S. Baer School",2022,"Baltimore City",24,143,16.7832167832168,20
"Winfield Elementary",2020,"Carroll",24,608,3.94736842105263,-25
"Winfield Elementary",2026,"Carroll",24,703,3.41394025604552,-51.0204081632653
"Worthington Elementary",2026,"Howard",24,379,6.33245382585752,-7.69230769230769
"Baltimore School For The Arts",2020,"Baltimore City",23,438,5.25114155251141,NA
"Benfield Elementary",2021,"Anne Arundel",23,392,5.86734693877551,9.52380952380953
"Boonsboro Elementary",2023,"Washington",23,509,4.51866404715128,-14.8148148148148
"Braddock Middle",2026,"Allegany",23,556,4.13669064748201,76.9230769230769
"Captain Walter Francis Duke Elementary",2020,"Saint Marys",23,562,4.09252669039146,NA
"Captain Walter Francis Duke Elementary",2022,"Saint Marys",23,549,4.18943533697632,4.54545454545454
"Central Special School",2020,"Anne Arundel",23,148,15.5405405405405,NA
"Charlestown Elementary",2025,"Cecil",23,305,7.54098360655738,9.52380952380953
"Chatsworth School",2020,"Baltimore County",23,366,6.28415300546448,NA
"Chesapeake Charter School",2020,"Saint Marys",23,457,5.0328227571116,NA
"Chesapeake Math And It South Public Charter",2023,"Prince Georges",23,1486,1.54777927321669,-8
"City Neighbors High",2021,"Baltimore City",23,424,5.42452830188679,43.75
"Clear Spring Middle",2020,"Washington",23,356,6.46067415730337,NA
"Cold Spring Elementary",2023,"Montgomery",23,351,6.55270655270655,27.7777777777778
"Community Based Classrooms",2020,"Prince Georges",23,75,30.6666666666667,NA
"Dickey Hill Elementary/Middle",2026,"Baltimore City",23,267,8.61423220973783,-8
"Excel Academy Public Charter",2023,"Prince Georges",23,349,6.59025787965616,-8
"Federal Hill Preparatory Academy",2020,"Baltimore City",23,361,6.37119113573407,NA
"Fifth District Elementary",2020,"Baltimore County",23,322,7.14285714285714,NA
"Fountain Green Elementary",2022,"Harford",23,444,5.18018018018018,-11.5384615384615
"General Smallwood Middle School",2020,"Charles",23,527,4.36432637571157,NA
"Heather Hills Elementary",2024,"Prince Georges",23,364,6.31868131868132,15
"Heather Hills Elementary",2025,"Prince Georges",23,361,6.37119113573407,0
"Hernwood Elementary",2023,"Baltimore County",23,327,7.03363914373089,4.54545454545454
"Hollywood Elementary",2022,"Saint Marys",23,474,4.85232067510549,-91.1877394636015
"Huntingtown Elementary",2021,"Calvert",23,480,4.79166666666667,4.54545454545454
"Jacksonville Elementary",2022,"Baltimore County",23,482,4.77178423236515,15
"Jarrettsville Elementary",2022,"Harford",23,440,5.22727272727273,35.2941176470588
"John Hanson Montessori",2022,"Prince Georges",23,511,4.50097847358121,21.0526315789474
"John L Gildner Regional Inst For Children & Adol",2022,"Montgomery",23,102,22.5490196078431,-8
"Judith P. Hoyer Montessori",2023,"Prince Georges",23,352,6.53409090909091,4.54545454545454
"Kipp Harmony Academy",2020,"Baltimore City",23,1520,1.51315789473684,NA
"Lake Shore Elementary",2023,"Anne Arundel",23,333,6.90690690690691,4.54545454545454
"Matapeake Elementary School",2020,"Queen Annes",23,442,5.20361990950226,NA
"Mount Royal Elementary/Middle",2020,"Baltimore City",23,775,2.96774193548387,NA
"Myersville Elementary",2020,"Frederick",23,418,5.50239234449761,NA
"New Midway/Woodsboro Elementary",2024,"Frederick",23,264,8.71212121212121,-11.5384615384615
"Perryville Elementary",2023,"Cecil",23,421,5.46318289786223,-4.16666666666666
"Piccowaxen Middle School",2020,"Charles",23,450,5.11111111111111,NA
"Piney Point Elementary",2023,"Saint Marys",23,453,5.07726269315673,53.3333333333333
"Piney Point Elementary",2025,"Saint Marys",23,435,5.28735632183908,15
"Pittsville Elementary & Middle",2021,"Wicomico",23,387,5.94315245478036,9.52380952380953
"Rodgers Forge Elementary",2024,"Baltimore County",23,382,6.02094240837696,-20.6896551724138
"Severna Park Elementary",2022,"Anne Arundel",23,375,6.13333333333333,35.2941176470588
"Severna Park Elementary",2025,"Anne Arundel",23,372,6.18279569892473,-20.6896551724138
"Snow Hill Elementary",2024,"Worcester",23,396,5.80808080808081,-20.6896551724138
"Sparks Elementary",2023,"Baltimore County",23,472,4.8728813559322,27.7777777777778
"Spring Garden Elementary",2026,"Carroll",23,437,5.26315789473684,9.52380952380953
"The Belair-Edison School",2023,"Baltimore City",23,1013,2.27048371174729,21.0526315789474
"Tunbridge Public Charter School",2023,"Baltimore City",23,479,4.80167014613779,76.9230769230769
"Tunbridge Public Charter School",2025,"Baltimore City",23,493,4.66531440162272,27.7777777777778
"Vienna Elementary School",2026,"Dorchester",23,188,12.2340425531915,35.2941176470588
"Watershed Public Charter",2022,"Baltimore County",23,263,8.74524714828897,53.3333333333333
"West Friendship Elementary",2022,"Howard",23,382,6.02094240837696,15
"West Towson Elementary",2022,"Baltimore County",23,376,6.11702127659574,4.54545454545454
"Westside Intermediate",2020,"Wicomico",23,390,5.8974358974359,NA
"Westside Primary",2023,"Wicomico",23,192,11.9791666666667,9.52380952380953
"White Marsh Elementary",2026,"Saint Marys",23,231,9.95670995670996,-58.1818181818182
"Willards Elementary",2021,"Wicomico",23,260,8.84615384615385,-14.8148148148148
"Willards Elementary",2024,"Wicomico",23,316,7.27848101265823,-17.8571428571429
"Winand Elementary",2026,"Baltimore County",23,397,5.79345088161209,-8
"Worthington Elementary",2021,"Howard",23,467,4.92505353319058,-39.4736842105263
"Arbutus Elementary",2023,"Baltimore County",22,387,5.68475452196382,29.4117647058824
"Baltimore Design School",2024,"Baltimore City",22,504,4.36507936507936,4.76190476190477
"Benjamin Banneker Elementary",2024,"Saint Marys",22,528,4.16666666666667,10
"Benjamin D. Foulois Academy",2026,"Prince Georges",22,566,3.886925795053,29.4117647058824
"Boonsboro Elementary",2021,"Washington",22,491,4.4806517311609,4.76190476190477
"Braddock Middle",2023,"Allegany",22,603,3.64842454394693,10
"C. Elizabeth Rieg",2026,"Prince Georges",22,160,13.75,22.2222222222222
"Calvert Elementary",2024,"Cecil",22,398,5.52763819095477,-45
"Captain Walter Francis Duke Elementary",2021,"Saint Marys",22,527,4.17457305502846,-4.34782608695652
"Central Special School",2022,"Anne Arundel",22,119,18.4873949579832,-15.3846153846154
"Chesapeake City Elementary",2022,"Cecil",22,356,6.17977528089888,4.76190476190477
"Church Lane Elementary",2023,"Baltimore County",22,307,7.16612377850163,-29.0322580645161
"City Neighbors Hamilton",2026,"Baltimore City",22,250,8.8,22.2222222222222
"City Neighbors High",2025,"Baltimore City",22,416,5.28846153846154,-15.3846153846154
"City Neighbors High",2026,"Baltimore City",22,416,5.28846153846154,0
"Clarksville Middle",2020,"Howard",22,710,3.09859154929577,NA
"Clear Spring High",2021,"Washington",22,470,4.68085106382979,10
"Clear Spring Middle",2025,"Washington",22,301,7.30897009966777,10
"Deer Park Elementary",2026,"Baltimore County",22,361,6.09418282548476,10
"Dr. Nathan A. Pitts-Ashburton Elementary/Middle",2026,"Baltimore City",22,278,7.9136690647482,22.2222222222222
"Dynard Elementary",2025,"Saint Marys",22,422,5.21327014218009,10
"Eldersburg Elementary",2026,"Carroll",22,444,4.95495495495495,-24.1379310344828
"Federalsburg Elementary School",2023,"Caroline",22,390,5.64102564102564,29.4117647058824
"Fifth District Elementary",2024,"Baltimore County",22,273,8.05860805860806,15.7894736842105
"Forest Lakes Elementary",2022,"Harford",22,462,4.76190476190476,-8.33333333333334
"Fountain Rock Elementary",2022,"Washington",22,281,7.82918149466192,4.76190476190477
"Furley Elementary",2022,"Baltimore City",22,447,4.92170022371365,-12
"Govans Elementary",2022,"Baltimore City",22,345,6.3768115942029,57.1428571428571
"Hampden Elementary/Middle",2024,"Baltimore City",22,496,4.43548387096774,-12
"Heather Hills Elementary",2021,"Prince Georges",22,349,6.30372492836676,4.76190476190477
"Hernwood Elementary",2022,"Baltimore County",22,342,6.4327485380117,57.1428571428571
"Huntingtown Elementary",2020,"Calvert",22,500,4.4,NA
"Ilchester Elementary",2026,"Howard",22,468,4.7008547008547,-24.1379310344828
"Imagine Lincoln Pcs",2026,"Prince Georges",22,393,5.59796437659033,57.1428571428571
"Jarrettsville Elementary",2024,"Harford",22,476,4.6218487394958,10
"Jones Elementary",2024,"Anne Arundel",22,310,7.09677419354839,-8.33333333333334
"Judith P. Hoyer Montessori",2022,"Prince Georges",22,364,6.04395604395604,15.7894736842105
"Kipp Harmony Academy",2023,"Baltimore City",22,1480,1.48648648648649,10
"Kipp Harmony Academy",2026,"Baltimore City",22,1429,1.53953813855843,46.6666666666667
"Lake Shore Elementary",2022,"Anne Arundel",22,318,6.91823899371069,15.7894736842105
"Leeds Elementary",2024,"Cecil",22,321,6.85358255451713,4.76190476190477
"Liberty Elementary",2020,"Frederick",22,262,8.3969465648855,83.3333333333333
"Marley Glen School",2021,"Anne Arundel",22,126,17.4603174603175,46.6666666666667
"Matapeake Elementary School",2021,"Queen Annes",22,415,5.30120481927711,-4.34782608695652
"Mccormick Elementary",2020,"Baltimore County",22,338,6.50887573964497,NA
"Montebello Elementary/Middle",2022,"Baltimore City",22,485,4.5360824742268,NA
"Moravia Park Elementary",2022,"Baltimore City",22,678,3.24483775811209,-15.3846153846154
"Moravia Park Elementary",2023,"Baltimore City",22,659,3.33839150227618,0
"Perryville Middle",2020,"Cecil",22,590,3.72881355932203,NA
"Pinewood Elementary",2021,"Baltimore County",22,576,3.81944444444444,-26.6666666666667
"Pocomoke Middle",2020,"Worcester",22,402,5.4726368159204,NA
"Renaissance Academy",2022,"Baltimore City",22,269,8.17843866171004,NA
"Riderwood Elementary",2023,"Baltimore County",22,395,5.56962025316456,29.4117647058824
"Riderwood Elementary",2024,"Baltimore County",22,392,5.61224489795918,0
"Riviera Beach Elementary",2024,"Anne Arundel",22,261,8.42911877394636,10
"Rock Terrace School",2021,"Montgomery",22,84,26.1904761904762,-8.33333333333334
"Rock Terrace School",2025,"Montgomery",22,77,28.5714285714286,-12
"Rodgers Forge Elementary",2025,"Baltimore County",22,412,5.33980582524272,-4.34782608695652
"Seneca Elementary",2022,"Baltimore County",22,365,6.02739726027397,37.5
"Seven Oaks Elementary",2020,"Baltimore County",22,471,4.67091295116773,-62.7118644067797
"Snow Hill Elementary",2021,"Worcester",22,332,6.62650602409639,15.7894736842105
"Snow Hill Elementary",2022,"Worcester",22,355,6.19718309859155,0
"Southwest Baltimore Charter School",2020,"Baltimore City",22,432,5.09259259259259,NA
"Spring Garden Elementary",2024,"Carroll",22,456,4.82456140350877,-21.4285714285714
"The Reach! Partnership School",2022,"Baltimore City",22,692,3.17919075144509,57.1428571428571
"Thurmont Elementary",2021,"Frederick",22,292,7.53424657534247,10
"Vanguard Collegiate Middle",2022,"Baltimore City",22,334,6.58682634730539,22.2222222222222
"Waverly Elementary/Middle",2021,"Baltimore City",22,589,3.73514431239389,-8.33333333333334
"West Towson Elementary",2021,"Baltimore County",22,435,5.05747126436782,4.76190476190477
"Westside Primary",2021,"Wicomico",22,181,12.1546961325967,15.7894736842105
"William S. Baer School",2026,"Baltimore City",22,158,13.9240506329114,-18.5185185185185
"Winand Elementary",2022,"Baltimore County",22,422,5.21327014218009,57.1428571428571
"Winand Elementary",2023,"Baltimore County",22,451,4.8780487804878,0
"Bainbridge Elementary",2024,"Cecil",21,278,7.55395683453237,31.25
"Baltimore Design School",2023,"Baltimore City",21,496,4.23387096774194,40
"Baltimore Montessori Public Charter School",2023,"Baltimore City",21,550,3.81818181818182,23.5294117647059
"Benfield Elementary",2020,"Anne Arundel",21,410,5.1219512195122,NA
"Boonsboro Elementary",2020,"Washington",21,622,3.37620578778135,NA
"Campfield Early Childhood Center",2025,"Baltimore County",21,165,12.7272727272727,-69.5652173913043
"Career And Technical Education Evening High",2021,"Prince Georges",21,27,77.7777777777778,75
"Carrie Weedon Early Education Center",2021,"Anne Arundel",21,62,33.8709677419355,23.5294117647059
"Charlestown Elementary",2024,"Cecil",21,302,6.95364238410596,16.6666666666667
"Chatsworth School",2023,"Baltimore County",21,293,7.16723549488055,10.5263157894737
"Chesapeake City Elementary",2021,"Cecil",21,349,6.01719197707736,5
"Churchville Elementary",2024,"Harford",21,376,5.58510638297872,23.5294117647059
"Clarksville Middle",2022,"Howard",21,665,3.15789473684211,5
"Clear Spring High",2022,"Washington",21,455,4.61538461538462,-4.54545454545454
"Clear Spring Middle",2023,"Washington",21,329,6.38297872340426,50
"Dallas F. Nicholas, Sr., Elementary",2022,"Baltimore City",21,209,10.0478468899522,31.25
"Darnestown Elementary",2021,"Montgomery",21,301,6.97674418604651,-16
"Edgemere Elementary",2020,"Baltimore County",21,475,4.42105263157895,NA
"Ferndale Early Education Center",2021,"Anne Arundel",21,87,24.1379310344828,-25
"Fountain Rock Elementary",2021,"Washington",21,258,8.13953488372093,10.5263157894737
"Fountain Rock Elementary",2023,"Washington",21,299,7.02341137123746,-4.54545454545454
"Heather Hills Elementary",2020,"Prince Georges",21,353,5.94900849858357,NA
"Imagine Lincoln Public Charter",2023,"Prince Georges",21,377,5.57029177718833,23.5294117647059
"Jarrettsville Elementary",2026,"Harford",21,450,4.66666666666667,-22.2222222222222
"Jones Elementary",2021,"Anne Arundel",21,292,7.19178082191781,10.5263157894737
"Kenmore Elementary",2024,"Cecil",21,267,7.86516853932584,-19.2307692307692
"Kingsville Elementary",2025,"Baltimore County",21,326,6.44171779141104,40
"Kipp Harmony Academy",2021,"Baltimore City",21,1575,1.33333333333333,-8.69565217391305
"Kipp Harmony Academy",2024,"Baltimore City",21,1390,1.51079136690647,-4.54545454545454
"Leeds Elementary",2023,"Cecil",21,334,6.2874251497006,5
"Legend Public Charter School",2021,"Prince Georges",21,592,3.5472972972973,NA
"Leonardtown Elementary",2020,"Saint Marys",21,494,4.25101214574899,NA
"Liberty Elementary",2024,"Frederick",21,251,8.36653386454183,31.25
"Liberty Elementary",2026,"Frederick",21,278,7.55395683453237,5
"Longview School",2020,"Montgomery",21,61,34.4262295081967,NA
"Longview School",2024,"Montgomery",21,65,32.3076923076923,-12.5
"Mattaponi Elementary",2022,"Prince Georges",21,335,6.26865671641791,40
"Mechanicsville Elementary",2025,"Saint Marys",21,273,7.69230769230769,NA
"Medfield Heights Elementary",2020,"Baltimore City",21,352,5.96590909090909,NA
"Monocacy Elementary",2020,"Montgomery",21,151,13.9072847682119,-88.9473684210526
"Monocacy Elementary",2021,"Montgomery",21,136,15.4411764705882,-88.2022471910112
"Montebello Elementary/Middle",2023,"Baltimore City",21,468,4.48717948717949,-4.54545454545454
"Mutual Elementary",2023,"Calvert",21,367,5.72207084468665,10.5263157894737
"Northwood Elementary",2023,"Baltimore City",21,575,3.65217391304348,31.25
"Old Forge Elementary",2023,"Washington",21,327,6.42201834862385,75
"Pep - Itinerant",2024,"Montgomery",21,96,21.875,61.5384615384615
"Perry Hall Elementary",2022,"Baltimore County",21,546,3.84615384615385,-27.5862068965517
"Piney Point Elementary",2020,"Saint Marys",21,455,4.61538461538462,NA
"Piney Point Elementary",2026,"Saint Marys",21,423,4.9645390070922,-8.69565217391305
"Pittsville Elementary & Middle",2020,"Wicomico",21,406,5.17241379310345,NA
"Pocomoke High",2026,"Worcester",21,402,5.22388059701492,10.5263157894737
"Renaissance Academy",2023,"Baltimore City",21,245,8.57142857142857,-4.54545454545454
"Rock Terrace School",2026,"Montgomery",21,71,29.5774647887324,-4.54545454545454
"Runnymede Elementary",2021,"Carroll",21,562,3.73665480427046,10.5263157894737
"Severna Park Elementary",2026,"Anne Arundel",21,355,5.91549295774648,-8.69565217391305
"Smithsburg Elementary",2020,"Washington",21,379,5.54089709762533,NA
"Spring Garden Elementary",2025,"Carroll",21,439,4.78359908883827,-4.54545454545454
"Walter P. Carter Elementary/Middle",2024,"Baltimore City",21,818,2.56723716381418,10.5263157894737
"Warwick Elementary School",2026,"Dorchester",21,340,6.17647058823529,23.5294117647059
"West Friendship Elementary",2023,"Howard",21,366,5.73770491803279,-8.69565217391305
"West Towson Elementary",2020,"Baltimore County",21,486,4.32098765432099,NA
"Westside Primary",2022,"Wicomico",21,187,11.2299465240642,-4.54545454545454
"Willards Elementary",2025,"Wicomico",21,311,6.7524115755627,-8.69565217391305
"William S. Baer School",2020,"Baltimore City",21,167,12.5748502994012,NA
"Achievement Academy At Harbor City High",2021,"Baltimore City",20,372,5.37634408602151,-23.0769230769231
"Allegany High",2021,"Allegany",20,736,2.71739130434783,33.3333333333333
"Bard High School Early College",2021,"Baltimore City",20,421,4.75059382422803,42.8571428571429
"Bard High School Early College",2026,"Baltimore City",20,414,4.83091787439614,11.1111111111111
"Benjamin Banneker Elementary",2022,"Saint Marys",20,593,3.37268128161889,11.1111111111111
"Benjamin Banneker Elementary",2023,"Saint Marys",20,590,3.38983050847458,0
"Braddock Middle",2022,"Allegany",20,604,3.3112582781457,42.8571428571429
"Calvert Elementary",2022,"Cecil",20,393,5.08905852417303,-39.3939393939394
"Carl Sandburg Center",2026,"Montgomery",20,54,37.037037037037,11.1111111111111
"Chesapeake Charter School",2022,"Saint Marys",20,496,4.03225806451613,11.1111111111111
"Chesapeake City Elementary",2020,"Cecil",20,349,5.73065902578797,NA
"Church Lane Elementary",2021,"Baltimore County",20,331,6.04229607250755,NA
"City Neighbors High",2022,"Baltimore City",20,417,4.79616306954436,-13.0434782608696
"City Neighbors High",2023,"Baltimore City",20,425,4.70588235294118,0
"Clarksville Middle",2021,"Howard",20,716,2.79329608938547,-9.09090909090909
"Clarksville Middle",2023,"Howard",20,649,3.08166409861325,-4.76190476190477
"Clarksville Middle",2025,"Howard",20,679,2.94550810014728,5.26315789473684
"Clear Spring High",2020,"Washington",20,460,4.34782608695652,NA
"Clear Spring Middle",2024,"Washington",20,329,6.0790273556231,-4.76190476190477
"Cold Spring Elementary",2024,"Montgomery",20,335,5.97014925373134,-13.0434782608696
"Connexions: A Community Based Arts School",2026,"Baltimore City",20,514,3.89105058365759,11.1111111111111
"Dallas F. Nicholas, Sr., Elementary",2020,"Baltimore City",20,224,8.92857142857143,NA
"Deer Park Elementary",2022,"Baltimore County",20,443,4.51467268623025,NA
"Deer Park Elementary",2025,"Baltimore County",20,384,5.20833333333333,53.8461538461539
"Dr. Nathan A. Pitts-Ashburton Elementary/Middle",2022,"Baltimore City",20,336,5.95238095238095,17.6470588235294
"Dynard Elementary",2024,"Saint Marys",20,427,4.68384074941452,17.6470588235294
"Elk Neck Elementary",2023,"Cecil",20,404,4.95049504950495,17.6470588235294
"Fifth District Elementary",2022,"Baltimore County",20,291,6.87285223367698,5.26315789473684
"Fifth District Elementary",2025,"Baltimore County",20,262,7.63358778625954,-9.09090909090909
"Hampden Elementary/Middle",2021,"Baltimore City",20,459,4.35729847494553,-16.6666666666667
"Hampstead Elementary",2021,"Carroll",20,385,5.19480519480519,5.26315789473684
"Heather Hills Elementary",2023,"Prince Georges",20,346,5.78034682080925,5.26315789473684
"J. Frank Dent Elementary",2021,"Prince Georges",20,246,8.13008130081301,-23.0769230769231
"Jacksonville Elementary",2021,"Baltimore County",20,480,4.16666666666667,-16.6666666666667
"Jacksonville Elementary",2024,"Baltimore County",20,504,3.96825396825397,-20
"Jarrettsville Elementary",2023,"Harford",20,488,4.0983606557377,-13.0434782608696
"John Hanson Montessori",2020,"Prince Georges",20,511,3.91389432485323,NA
"Jones Elementary",2022,"Anne Arundel",20,293,6.8259385665529,-4.76190476190477
"Kipp Harmony Academy",2022,"Baltimore City",20,1486,1.34589502018843,-4.76190476190477
"Lakewood Elementary",2024,"Baltimore City",20,85,23.5294117647059,-66.6666666666667
"Lakewood Elementary",2025,"Baltimore City",20,94,21.2765957446809,-71.0144927536232
"Lakewood Elementary",2026,"Baltimore City",20,66,30.3030303030303,-58.3333333333333
"Leeds Elementary",2022,"Cecil",20,332,6.02409638554217,5.26315789473684
"Lettie Marshall Dent Elem",2023,"Saint Marys",20,499,4.00801603206413,33.3333333333333
"Liberty Elementary",2023,"Frederick",20,238,8.40336134453782,100
"Liberty Elementary",2025,"Baltimore City",20,335,5.97014925373134,-4.76190476190477
"Liberty Elementary",2026,"Baltimore City",20,316,6.32911392405063,17.6470588235294
"Longview School",2026,"Montgomery",20,62,32.258064516129,17.6470588235294
"Mardela Middle & High",2020,"Wicomico",20,675,2.96296296296296,NA
"Mary E. Rodman Elementary",2025,"Baltimore City",20,431,4.64037122969838,53.8461538461539
"Mccormick Elementary",2023,"Baltimore County",20,340,5.88235294117647,-20
"Middleborough Elementary",2022,"Baltimore County",20,326,6.13496932515337,42.8571428571429
"Middleborough Elementary",2023,"Baltimore County",20,295,6.77966101694915,0
"Middleborough Elementary",2024,"Baltimore County",20,312,6.41025641025641,0
"Mt Hope/Nanjemoy Elementary School",2023,"Charles",20,287,6.96864111498258,NA
"New Midway/Woodsboro Elementary",2020,"Frederick",20,292,6.84931506849315,NA
"North Harford Middle",2020,"Harford",20,929,2.15285252960172,NA
"Oakville Elementary",2025,"Saint Marys",20,291,6.87285223367698,25
"Patuxent Elementary",2020,"Prince Georges",20,293,6.8259385665529,NA
"Piney Point Elementary",2024,"Saint Marys",20,449,4.4543429844098,-13.0434782608696
"Pleasant Valley Elementary",2026,"Washington",20,178,11.2359550561798,25
"Pocomoke Middle",2021,"Worcester",20,430,4.65116279069767,-9.09090909090909
"Powhatan Elementary",2021,"Baltimore County",20,216,9.25925925925926,-25.9259259259259
"Riderwood Elementary",2020,"Baltimore County",20,453,4.41501103752759,NA
"Riviera Beach Elementary",2023,"Anne Arundel",20,281,7.11743772241993,5.26315789473684
"Rock Terrace School",2022,"Montgomery",20,78,25.6410256410256,-9.09090909090909
"Samuel P. Massie Academy",2024,"Prince Georges",20,480,4.16666666666667,25
"Shady Side Elementary",2021,"Anne Arundel",20,430,4.65116279069767,5.26315789473684
"Smithsburg Elementary",2022,"Washington",20,344,5.81395348837209,17.6470588235294
"Snow Hill High",2023,"Worcester",20,348,5.74712643678161,25
"Snow Hill High",2024,"Worcester",20,341,5.86510263929619,0
"South Penn Elementary",2026,"Allegany",20,491,4.07331975560081,53.8461538461539
"Southwest Baltimore Charter School",2023,"Baltimore City",20,396,5.05050505050505,5.26315789473684
"Stadium School",2021,"Baltimore City",20,500,4,25
"Stephen Knolls School",2022,"Montgomery",20,56,35.7142857142857,5.26315789473684
"Summit Park Elementary",2020,"Baltimore County",20,470,4.25531914893617,NA
"Thurmont Elementary",2020,"Frederick",20,312,6.41025641025641,NA
"West Friendship Elementary",2021,"Howard",20,376,5.31914893617021,25
"Westport Academy",2024,"Baltimore City",20,247,8.09716599190283,81.8181818181818
"Wildwood Elementary/Middle",2020,"Baltimore City",20,800,2.5,NA
"William S. Baer School",2021,"Baltimore City",20,148,13.5135135135135,-4.76190476190477
"Winand Elementary",2024,"Baltimore County",20,452,4.42477876106195,-9.09090909090909
"Worthington Elementary",2024,"Howard",20,404,4.95049504950495,-25.9259259259259
"Abbottston Elementary",2020,"Baltimore City",19,409,4.64547677261614,NA
"Arundel Elementary",2022,"Baltimore City",19,419,4.5346062052506,72.7272727272727
"Baltimore School For The Arts",2024,"Baltimore City",19,431,4.40835266821346,5.55555555555556
"C. Elizabeth Rieg Regional Center",2023,"Prince Georges",19,132,14.3939393939394,58.3333333333333
"Calvert Elementary",2021,"Cecil",19,404,4.7029702970297,-24
"Carroll Manor Elementary",2026,"Baltimore County",19,360,5.27777777777778,-81
"Cedar Lane Special Center",2026,"Howard",19,133,14.2857142857143,18.75
"Chatsworth School",2022,"Baltimore County",19,311,6.10932475884244,11.7647058823529
"City Springs Elementary/Middle",2020,"Baltimore City",19,703,2.7027027027027,NA
"Clarksville Elementary",2020,"Howard",19,436,4.35779816513761,NA
"Clarksville Middle",2024,"Howard",19,643,2.95489891135303,-5
"Collington Square Elementary/Middle",2025,"Baltimore City",19,230,8.26086956521739,NA
"Cromwell Valley Elementary Regional Magnet",2021,"Baltimore County",19,367,5.17711171662125,NA
"Dynard Elementary",2020,"Saint Marys",19,438,4.337899543379,NA
"Elmer A. Wolfe Elementary",2023,"Carroll",19,480,3.95833333333333,26.6666666666667
"Fifth District Elementary",2021,"Baltimore County",19,281,6.76156583629893,-17.3913043478261
"Fifth District Elementary",2023,"Baltimore County",19,280,6.78571428571429,-5
"Fort Garrison Elementary",2025,"Baltimore County",19,283,6.71378091872792,5.55555555555556
"Fountain Rock Elementary",2020,"Washington",19,286,6.64335664335664,NA
"Frederick Elementary",2022,"Baltimore City",19,348,5.45977011494253,5.55555555555556
"Hampden Elementary/Middle",2025,"Baltimore City",19,508,3.74015748031496,-13.6363636363636
"Hampstead Elementary",2020,"Carroll",19,393,4.83460559796438,NA
"Heather Hills Elementary",2022,"Prince Georges",19,314,6.05095541401274,-13.6363636363636
"J. Frank Dent Elementary",2023,"Prince Georges",19,226,8.4070796460177,18.75
"James Ryder Randall Early Childhood Center",2022,"Prince Georges",19,95,20,11.7647058823529
"John Hanson Montessori",2021,"Prince Georges",19,526,3.61216730038023,-5
"Jones Elementary",2020,"Anne Arundel",19,310,6.12903225806452,NA
"Judith P. Hoyer Montessori",2021,"Prince Georges",19,382,4.9738219895288,35.7142857142857
"Katherine Johnson Global Academy",2023,"Baltimore City",19,541,3.51201478743068,26.6666666666667
"Lake Arbor Elementary",2022,"Prince Georges",19,509,3.7328094302554,35.7142857142857
"Lake Shore Elementary",2021,"Anne Arundel",19,317,5.99369085173502,5.55555555555556
"Lake Shore Elementary",2024,"Anne Arundel",19,300,6.33333333333333,-17.3913043478261
"Leeds Elementary",2021,"Cecil",19,350,5.42857142857143,-26.9230769230769
"Lettie Marshall Dent Elem",2021,"Saint Marys",19,541,3.51201478743068,35.7142857142857
"Lyons Mill Elementary",2022,"Baltimore County",19,656,2.89634146341463,5.55555555555556
"Marley Glen School",2024,"Anne Arundel",19,116,16.3793103448276,5.55555555555556
"Mechanicsville Elementary",2022,"Saint Marys",19,292,6.50684931506849,5.55555555555556
"Mutual Elementary",2022,"Calvert",19,362,5.24861878453039,26.6666666666667
"Phoenix International School Of The Arts",2026,"Charles",19,249,7.63052208835341,5.55555555555556
"Pocomoke High",2025,"Worcester",19,374,5.08021390374332,-34.4827586206897
"Renaissance Academy",2026,"Baltimore City",19,191,9.94764397905759,35.7142857142857
"Riderwood Elementary",2021,"Baltimore County",19,405,4.69135802469136,-5
"Ring Factory Elementary",2021,"Harford",19,520,3.65384615384615,-20.8333333333333
"Riviera Beach Elementary",2022,"Anne Arundel",19,270,7.03703703703704,26.6666666666667
"Runnymede Elementary",2020,"Carroll",19,612,3.10457516339869,NA
"Ruth Parker Eason School",2020,"Anne Arundel",19,143,13.2867132867133,NA
"Ruth Parker Eason School",2021,"Anne Arundel",19,149,12.751677852349,0
"Ruth Parker Eason School",2023,"Anne Arundel",19,156,12.1794871794872,5.55555555555556
"Ruth Parker Eason School",2026,"Anne Arundel",19,112,16.9642857142857,35.7142857142857
"Severna Park Elementary",2023,"Anne Arundel",19,379,5.0131926121372,-17.3913043478261
"Shady Side Elementary",2020,"Anne Arundel",19,466,4.07725321888412,NA
"Snow Hill Elementary",2020,"Worcester",19,383,4.96083550913838,NA
"Snow Hill Middle",2020,"Worcester",19,420,4.52380952380952,NA
"Southern Garrett High School",2026,"Garrett",19,831,2.28640192539109,18.75
"Southwest Baltimore Charter School",2022,"Baltimore City",19,418,4.54545454545455,46.1538461538461
"Southwest Baltimore Community School",2026,"Baltimore City",19,283,6.71378091872792,NA
"Stephen Knolls School",2021,"Montgomery",19,52,36.5384615384615,-42.4242424242424
"Summit Park Elementary",2022,"Baltimore County",19,329,5.77507598784195,35.7142857142857
"The Belair-Edison School",2022,"Baltimore City",19,1040,1.82692307692308,58.3333333333333
"Tunbridge Public Charter School",2026,"Baltimore City",19,501,3.79241516966068,-17.3913043478261
"Vanguard Collegiate Middle",2020,"Baltimore City",19,378,5.02645502645503,NA
"Walter P. Carter Elementary/Middle",2023,"Baltimore City",19,765,2.48366013071895,35.7142857142857
"Westside Primary",2020,"Wicomico",19,229,8.29694323144105,NA
"White Marsh Elementary",2024,"Saint Marys",19,224,8.48214285714286,-47.2222222222222
"Wildwood Elementary/Middle",2022,"Baltimore City",19,803,2.36612702366127,26.6666666666667
"Abbottston Elementary",2021,"Baltimore City",18,365,4.93150684931507,-5.26315789473685
"Achievement Academy At Harbor City High",2025,"Baltimore City",18,314,5.73248407643312,20
"Allegany High",2022,"Allegany",18,737,2.44233378561737,-10
"Baltimore School For The Arts",2023,"Baltimore City",18,426,4.22535211267606,-25
"Bard High School Early College",2025,"Baltimore City",18,459,3.92156862745098,-28
"Benjamin Banneker Elementary",2021,"Saint Marys",18,536,3.35820895522388,-35.7142857142857
"C. Elizabeth Rieg",2024,"Prince Georges",18,142,12.6760563380282,NA
"C. Elizabeth Rieg",2025,"Prince Georges",18,148,12.1621621621622,0
"Carl Sandburg Center",2025,"Montgomery",18,65,27.6923076923077,12.5
"Carroll Manor Elementary",2025,"Baltimore County",18,371,4.85175202156334,-82.1782178217822
"Central Special School",2026,"Anne Arundel",18,74,24.3243243243243,-28
"Charlestown Elementary",2023,"Cecil",18,272,6.61764705882353,28.5714285714286
"Chesapeake Charter School",2021,"Saint Marys",18,477,3.77358490566038,-21.7391304347826
"City Neighbors Hamilton",2025,"Baltimore City",18,250,7.2,28.5714285714286
"Cold Spring Elementary",2022,"Montgomery",18,326,5.52147239263804,28.5714285714286
"Connexions: A Community Based Arts School",2023,"Baltimore City",18,548,3.28467153284672,12.5
"Connexions: A Community Based Arts School",2025,"Baltimore City",18,523,3.44168260038241,20
"Conowingo Elementary",2024,"Cecil",18,386,4.66321243523316,50
"Deale Elementary",2021,"Anne Arundel",18,209,8.61244019138756,5.88235294117647
"Dr. Nathan A. Pitts-Ashburton Elementary/Middle",2024,"Baltimore City",18,288,6.25,20
"Dr. Nathan A. Pitts-Ashburton Elementary/Middle",2025,"Baltimore City",18,287,6.27177700348432,0
"Dr. Thomas L. Higdon Elementary School",2025,"Charles",18,428,4.20560747663551,20
"Emmitsburg Elementary",2025,"Frederick",18,211,8.53080568720379,28.5714285714286
"Excel Academy At Francis M. Wood High",2025,"Baltimore City",18,264,6.81818181818182,38.4615384615385
"Federalsburg Elementary School",2020,"Caroline",18,465,3.87096774193548,NA
"Federalsburg Elementary School",2021,"Caroline",18,399,4.51127819548872,0
"Fort Garrison Elementary",2024,"Baltimore County",18,286,6.29370629370629,50
"Fort Hill High",2025,"Allegany",18,655,2.74809160305344,12.5
"Fort Smallwood Elementary",2021,"Anne Arundel",18,464,3.87931034482759,20
"Frederick Elementary",2021,"Baltimore City",18,349,5.15759312320917,12.5
"Green Street Academy",2022,"Baltimore City",18,865,2.08092485549133,5.88235294117647
"Green Street Academy",2023,"Baltimore City",18,854,2.10772833723653,0
"Hernwood Elementary",2020,"Baltimore County",18,383,4.69973890339426,NA
"Homewood School",2025,"Howard",18,109,16.5137614678899,5.88235294117647
"John L Gildner Regional Inst For Children & Adol",2023,"Montgomery",18,84,21.4285714285714,-21.7391304347826
"John L Gildner Regional Inst For Children & Adol",2024,"Montgomery",18,74,24.3243243243243,0
"Lake Shore Elementary",2020,"Anne Arundel",18,327,5.5045871559633,NA
"Leeds Elementary",2026,"Cecil",18,282,6.38297872340426,20
"Liberty Elementary",2022,"Baltimore City",18,389,4.62724935732648,12.5
"Lyons Mill Elementary",2021,"Baltimore County",18,685,2.62773722627737,20
"Marley Glen School",2023,"Anne Arundel",18,119,15.1260504201681,5.88235294117647
"Maya Angelou French Immersion",2022,"Prince Georges",18,438,4.10958904109589,20
"Maya Angelou French Immersion",2026,"Prince Georges",18,339,5.30973451327434,5.88235294117647
"Mccormick Elementary",2021,"Baltimore County",18,308,5.84415584415584,-18.1818181818182
"Mechanicsville Elementary",2022,"Carroll",18,482,3.7344398340249,38.4615384615385
"Mechanicsville Elementary",2024,"Saint Marys",18,279,6.45161290322581,63.6363636363636
"Mutual Elementary",2020,"Calvert",18,421,4.27553444180523,NA
"Phoenix International School Of The Arts",2025,"Charles",18,243,7.40740740740741,NA
"Pocomoke High",2020,"Worcester",18,353,5.09915014164306,NA
"Ruth Parker Eason School",2022,"Anne Arundel",18,146,12.3287671232877,-5.26315789473685
"Seventh District Elementary",2023,"Baltimore County",18,346,5.20231213872832,12.5
"Shady Side Elementary",2022,"Anne Arundel",18,406,4.43349753694581,-10
"Sharpsburg Elementary",2024,"Washington",18,367,4.90463215258856,38.4615384615385
"Snow Hill Elementary",2026,"Worcester",18,370,4.86486486486486,-35.7142857142857
"Snow Hill Middle",2021,"Worcester",18,407,4.42260442260442,-5.26315789473685
"Sparks Elementary",2022,"Baltimore County",18,477,3.77358490566038,28.5714285714286
"Stephen Knolls School",2025,"Montgomery",18,51,35.2941176470588,-30.7692307692308
"Tunbridge Public Charter School",2024,"Baltimore City",18,493,3.65111561866126,-21.7391304347826
"Vanguard Collegiate Middle",2021,"Baltimore City",18,408,4.41176470588235,-5.26315789473685
"Warwick Elementary School",2020,"Dorchester",18,361,4.98614958448753,NA
"Westside Primary",2024,"Wicomico",18,169,10.6508875739645,-21.7391304347826
"Windsor Hills Elementary/Middle",2026,"Baltimore City",18,283,6.36042402826855,38.4615384615385
"Accident Elementary",2023,"Garrett",17,235,7.23404255319149,41.6666666666667
"Achievement Academy At Harbor City High",2022,"Baltimore City",17,289,5.88235294117647,-15
"Allegany High",2024,"Allegany",17,690,2.46376811594203,6.25
"Arbutus Elementary",2022,"Baltimore County",17,374,4.54545454545455,6.25
"Baltimore Montessori Public Charter School",2022,"Baltimore City",17,539,3.15398886827458,6.25
"Benjamin D. Foulois Academy",2025,"Prince Georges",17,540,3.14814814814815,13.3333333333333
"Calvert Elementary",2020,"Cecil",17,432,3.93518518518519,-37.037037037037
"Calverton Elementary/Middle",2021,"Baltimore City",17,359,4.73537604456824,13.3333333333333
"Carrie Weedon Early Education Center",2020,"Anne Arundel",17,61,27.8688524590164,NA
"Carrie Weedon Early Education Center",2025,"Anne Arundel",17,58,29.3103448275862,-32
"Chapel Hill Elementary",2021,"Baltimore County",17,593,2.86677908937605,-32
"Charles H. Chipman Elementary",2020,"Wicomico",17,301,5.64784053156146,NA
"Charles H. Chipman Elementary",2021,"Wicomico",17,217,7.83410138248848,0
"Chatsworth School",2021,"Baltimore County",17,335,5.07462686567164,-26.0869565217391
"Churchville Elementary",2023,"Harford",17,374,4.54545454545455,41.6666666666667
"City Springs Elementary/Middle",2023,"Baltimore City",17,452,3.76106194690266,-32
"Cold Spring Elementary",2020,"Montgomery",17,332,5.12048192771084,NA
"Conowingo Elementary",2022,"Cecil",17,391,4.34782608695652,21.4285714285714
"Deale Elementary",2020,"Anne Arundel",17,219,7.76255707762557,NA
"Deale Elementary",2022,"Anne Arundel",17,190,8.94736842105263,-5.55555555555556
"Deer Park Elementary",2023,"Baltimore County",17,414,4.10628019323672,-15
"Dr. Nathan A. Pitts-Ashburton Elementary/Middle",2021,"Baltimore City",17,349,4.87106017191977,54.5454545454545
"Dr. Thomas L. Higdon Elementary School",2022,"Charles",17,378,4.4973544973545,30.7692307692308
"Dynard Elementary",2023,"Saint Marys",17,395,4.30379746835443,21.4285714285714
"Ebb Valley Elementary",2020,"Carroll",17,548,3.1021897810219,NA
"Elk Neck Elementary",2022,"Cecil",17,409,4.15647921760391,13.3333333333333
"Federalsburg Elementary School",2022,"Caroline",17,361,4.70914127423823,-5.55555555555556
"Fifth District Elementary",2026,"Baltimore County",17,266,6.39097744360902,-15
"Fort Smallwood Elementary",2022,"Anne Arundel",17,467,3.64025695931478,-5.55555555555556
"Fort Smallwood Elementary",2023,"Anne Arundel",17,425,4,0
"Furley Elementary",2023,"Baltimore City",17,392,4.33673469387755,-22.7272727272727
"Green Street Academy",2021,"Baltimore City",17,876,1.94063926940639,6.25
"Harford Academy At Campus Hills",2025,"Harford",17,141,12.0567375886525,21.4285714285714
"Homewood School",2024,"Howard",17,131,12.9770992366412,70
"Imagine Foundations At Leeland Pcs",2026,"Prince Georges",17,496,3.42741935483871,21.4285714285714
"Imagine Lincoln Public Charter",2022,"Prince Georges",17,368,4.6195652173913,70
"Jacksonville Elementary",2025,"Baltimore County",17,533,3.18949343339587,-15
"James Ryder Randall Early Childhood Center",2021,"Prince Georges",17,88,19.3181818181818,NA
"Jarrettsville Elementary",2021,"Harford",17,426,3.9906103286385,21.4285714285714
"John L Gildner Regional Inst For Children & Adol",2026,"Montgomery",17,81,20.9876543209877,6.25
"Liberty Elementary",2025,"Frederick",17,265,6.41509433962264,-15
"Longview School",2025,"Montgomery",17,59,28.8135593220339,-19.047619047619
"Marley Glen School",2022,"Anne Arundel",17,115,14.7826086956522,-22.7272727272727
"Marley Glen School",2025,"Anne Arundel",17,99,17.1717171717172,-10.5263157894737
"Maya Angelou French Immersion",2024,"Prince Georges",17,373,4.55764075067024,6.25
"Maya Angelou French Immersion",2025,"Prince Georges",17,363,4.6831955922865,0
"Mccormick Elementary",2024,"Baltimore County",17,292,5.82191780821918,-15
"Mutual Elementary",2024,"Calvert",17,372,4.56989247311828,-19.047619047619
"Mutual Elementary",2026,"Calvert",17,367,4.63215258855586,30.7692307692308
"Old Forge Elementary",2021,"Washington",17,298,5.70469798657718,30.7692307692308
"Pep - Itinerant",2025,"Montgomery",17,90,18.8888888888889,-19.047619047619
"Riderwood Elementary",2022,"Baltimore County",17,381,4.46194225721785,-10.5263157894737
"Ring Factory Elementary",2022,"Harford",17,523,3.25047801147228,-10.5263157894737
"Rock Terrace School",2023,"Montgomery",17,73,23.2876712328767,-15
"Samuel P. Massie Academy",2022,"Prince Georges",17,552,3.07971014492754,-29.1666666666667
"Severna Park Elementary",2021,"Anne Arundel",17,392,4.33673469387755,13.3333333333333
"Smithsburg Elementary",2021,"Washington",17,320,5.3125,-19.047619047619
"Snow Hill High",2020,"Worcester",17,315,5.3968253968254,NA
"Snow Hill Middle",2022,"Worcester",17,375,4.53333333333333,-5.55555555555556
"Thomas Jefferson Elementary/Middle",2025,"Baltimore City",17,272,6.25,NA
"Thurmont Primary",2020,"Frederick",17,336,5.05952380952381,NA
"Town Creek Elementary",2021,"Saint Marys",17,200,8.5,21.4285714285714
"Vienna Elementary School",2025,"Dorchester",17,183,9.2896174863388,6.25
"Warwick Elementary School",2025,"Dorchester",17,346,4.91329479768786,6.25
"Washington Middle",2026,"Allegany",17,566,3.00353356890459,41.6666666666667
"Winand Elementary",2020,"Baltimore County",17,465,3.65591397849462,NA
"Accident Elementary",2026,"Garrett",16,227,7.04845814977974,23.0769230769231
"Allegany High",2023,"Allegany",16,684,2.33918128654971,-11.1111111111111
"Arbutus Elementary",2021,"Baltimore County",16,390,4.1025641025641,23.0769230769231
"Bainbridge Elementary",2023,"Cecil",16,304,5.26315789473684,NA
"Baltimore International Academy West",2026,"Baltimore City",16,247,6.47773279352227,6.66666666666667
"Baltimore Montessori Public Charter School",2021,"Baltimore City",16,479,3.34029227557411,60
"Benjamin D. Foulois Academy",2021,"Prince Georges",16,540,2.96296296296296,14.2857142857143
"Carl Sandburg Center",2024,"Montgomery",16,79,20.253164556962,-36
"Cedar Lane Special Center",2025,"Howard",16,133,12.0300751879699,14.2857142857143
"City Neighbors High",2020,"Baltimore City",16,418,3.82775119617225,NA
"Connexions: A Community Based Arts School",2022,"Baltimore City",16,532,3.00751879699248,23.0769230769231
"Dallas F. Nicholas, Sr., Elementary",2021,"Baltimore City",16,217,7.37327188940092,-20
"Dorothy I. Height Elementary",2024,"Baltimore City",16,432,3.7037037037037,60
"Dr. Thomas L. Higdon Elementary School",2023,"Charles",16,411,3.89294403892944,-5.88235294117647
"Fort Hill High",2024,"Allegany",16,680,2.35294117647059,14.2857142857143
"Fort Hill High",2026,"Allegany",16,662,2.41691842900302,-11.1111111111111
"Frederick Elementary",2020,"Baltimore City",16,394,4.06091370558376,NA
"Green Street Academy",2020,"Baltimore City",16,852,1.87793427230047,NA
"Gunpowder Elementary",2022,"Baltimore County",16,500,3.2,6.66666666666667
"Hilton Elementary",2026,"Baltimore City",16,252,6.34920634920635,60
"Homewood School",2026,"Howard",16,110,14.5454545454545,-11.1111111111111
"J. Frank Dent Elementary",2022,"Prince Georges",16,231,6.92640692640693,-20
"John Archer School",2021,"Harford",16,136,11.7647058823529,45.4545454545455
"John L Gildner Regional Inst For Children & Adol",2025,"Montgomery",16,79,20.253164556962,-11.1111111111111
"Katherine Johnson Global Academy",2024,"Baltimore City",16,505,3.16831683168317,-15.7894736842105
"Lakewood Elementary",2023,"Baltimore City",16,93,17.2043010752688,-68
"Liberty Elementary",2021,"Baltimore City",16,428,3.73831775700935,-27.2727272727273
"Liberty Elementary",2021,"Frederick",16,215,7.44186046511628,0
"Liberty Elementary",2024,"Baltimore City",16,318,5.0314465408805,-20
"Mattaponi Elementary",2020,"Prince Georges",16,360,4.44444444444444,NA
"Maya Angelou French Immersion",2023,"Prince Georges",16,392,4.08163265306122,-11.1111111111111
"Mechanicsville Elementary",2020,"Saint Marys",16,287,5.57491289198606,14.2857142857143
"Mechanicsville Elementary",2023,"Saint Marys",16,300,5.33333333333333,23.0769230769231
"Middleton Valley Academy",2021,"Prince Georges",16,287,5.57491289198606,-33.3333333333333
"Monocacy Elementary",2022,"Montgomery",16,154,10.3896103896104,-90.8571428571429
"New Midway/Woodsboro Elementary",2021,"Frederick",16,287,5.57491289198606,-20
"Northwood Elementary",2022,"Baltimore City",16,545,2.93577981651376,60
"Oakville Elementary",2024,"Saint Marys",16,307,5.21172638436482,NA
"Pep - Itinerant",2020,"Montgomery",16,100,16,NA
"Pep - Itinerant",2026,"Montgomery",16,63,25.3968253968254,-5.88235294117647
"Pleasant Valley Elementary",2025,"Washington",16,186,8.60215053763441,14.2857142857143
"Prettyboy Elementary",2025,"Baltimore County",16,405,3.95061728395062,6.66666666666667
"Prettyboy Elementary",2026,"Baltimore County",16,399,4.01002506265664,0
"Riviera Beach Elementary",2020,"Anne Arundel",16,312,5.12820512820513,NA
"Ruth Parker Eason School",2024,"Anne Arundel",16,150,10.6666666666667,-15.7894736842105
"Samuel P. Massie Academy",2023,"Prince Georges",16,520,3.07692307692308,-5.88235294117647
"Seneca Elementary",2021,"Baltimore County",16,389,4.11311053984576,-40.7407407407407
"Seventh District Elementary",2022,"Baltimore County",16,329,4.86322188449848,14.2857142857143
"Snow Hill High",2022,"Worcester",16,343,4.66472303206997,45.4545454545455
"South Dorchester School",2024,"Dorchester",16,240,6.66666666666667,45.4545454545455
"Southern Garrett High School",2025,"Garrett",16,870,1.83908045977011,45.4545454545455
"Stadium School",2020,"Baltimore City",16,415,3.85542168674699,NA
"Stephen Knolls School",2026,"Montgomery",16,45,35.5555555555556,-11.1111111111111
"Summit Park Elementary",2023,"Baltimore County",16,328,4.8780487804878,-15.7894736842105
"Tunbridge Public Charter School",2021,"Baltimore City",16,475,3.36842105263158,60
"Vienna Elementary School",2024,"Dorchester",16,188,8.51063829787234,45.4545454545455
"Vivien T. Thomas Medical Arts Academy",2020,"Baltimore City",16,387,4.1343669250646,NA
"Warwick Elementary School",2024,"Dorchester",16,358,4.46927374301676,14.2857142857143
"West Friendship Elementary",2020,"Howard",16,393,4.07124681933842,NA
"Westport Academy",2022,"Baltimore City",16,263,6.08365019011407,14.2857142857143
"Winfield Elementary",2021,"Carroll",16,583,2.74442538593482,-38.4615384615385
"Winfield Elementary",2022,"Carroll",16,640,2.5,-54.2857142857143
"Wolfsville Elementary",2025,"Frederick",16,163,9.8159509202454,14.2857142857143
"Achievement Academy At Harbor City High",2024,"Baltimore City",15,202,7.42574257425743,7.14285714285714
"Allegany High",2020,"Allegany",15,721,2.08044382801664,NA
"Baltimore Design School",2022,"Baltimore City",15,514,2.91828793774319,15.3846153846154
"Baltimore International Academy West",2025,"Baltimore City",15,239,6.27615062761506,NA
"Benjamin D. Foulois Academy",2024,"Prince Georges",15,531,2.82485875706215,25
"Braddock Middle",2020,"Allegany",15,620,2.41935483870968,NA
"Calverton Elementary/Middle",2020,"Baltimore City",15,358,4.18994413407821,NA
"Cash Valley Elementary",2026,"Allegany",15,268,5.59701492537313,25
"Center For Educational Opportunity",2025,"Harford",15,122,12.2950819672131,NA
"Churchville Elementary",2021,"Harford",15,338,4.43786982248521,50
"Clear Spring Elementary",2024,"Washington",15,378,3.96825396825397,25
"Connexions: A Community Based Arts School",2024,"Baltimore City",15,524,2.86259541984733,-16.6666666666667
"Cromwell Valley Elementary Technology",2020,"Baltimore County",15,375,4,NA
"Dr. Nathan A. Pitts-Ashburton Elementary/Middle",2023,"Baltimore City",15,316,4.74683544303798,-25
"Dr. Thomas L. Higdon Elementary School",2024,"Charles",15,408,3.67647058823529,-6.25
"Dublin Elementary",2025,"Harford",15,222,6.75675675675676,NA
"Ebb Valley Elementary",2022,"Carroll",15,523,2.86806883365201,7.14285714285714
"Elk Neck Elementary",2021,"Cecil",15,430,3.48837209302326,25
"Elmer A. Wolfe Elementary",2022,"Carroll",15,460,3.26086956521739,36.3636363636364
"Fort Smallwood Elementary",2020,"Anne Arundel",15,468,3.2051282051282,NA
"Garrett Heights Elementary/Middle",2025,"Baltimore City",15,320,4.6875,7.14285714285714
"Green Street Academy",2025,"Baltimore City",15,808,1.85643564356436,15.3846153846154
"Gunpowder Elementary",2021,"Baltimore County",15,494,3.03643724696356,25
"John Archer School",2022,"Harford",15,132,11.3636363636364,-6.25
"Katherine Johnson Global Academy",2022,"Baltimore City",15,493,3.04259634888438,NA
"Kingsville Elementary",2024,"Baltimore County",15,314,4.77707006369427,25
"Kipp Harmony Academy",2025,"Baltimore City",15,1399,1.07219442458899,-28.5714285714286
"Leeds Elementary",2025,"Cecil",15,284,5.28169014084507,-31.8181818181818
"Lettie Marshall Dent Elem",2022,"Saint Marys",15,527,2.84629981024668,-21.0526315789474
"Lyons Mill Elementary",2020,"Baltimore County",15,759,1.97628458498024,NA
"Marley Glen School",2020,"Anne Arundel",15,160,9.375,NA
"Marlton Elementary",2020,"Prince Georges",15,299,5.01672240802676,NA
"Marlton Elementary",2021,"Prince Georges",15,297,5.05050505050505,0
"Mattaponi Elementary",2021,"Prince Georges",15,352,4.26136363636364,-6.25
"Matthew A. Henson Elementary",2025,"Baltimore City",15,199,7.53768844221105,25
"Matthew A. Henson Elementary",2026,"Baltimore City",15,204,7.35294117647059,0
"Maya Angelou French Immersion",2021,"Prince Georges",15,463,3.23974082073434,7.14285714285714
"Mcps Transitions School",2020,"Montgomery",15,55,27.2727272727273,NA
"Mechanicsville Elementary",2021,"Carroll",15,426,3.52112676056338,-6.25
"Mutual Elementary",2021,"Calvert",15,331,4.53172205438066,-16.6666666666667
"Park Heights Academy",2022,"Baltimore City",15,292,5.13698630136986,NA
"Piney Point Elementary",2022,"Saint Marys",15,447,3.35570469798658,7.14285714285714
"Prettyboy Elementary",2024,"Baltimore County",15,400,3.75,15.3846153846154
"Ridge Elementary",2020,"Saint Marys",15,266,5.6390977443609,NA
"Ridge Ruxton",2020,"Baltimore County",15,123,12.1951219512195,NA
"Riviera Beach Elementary",2021,"Anne Arundel",15,280,5.35714285714286,-6.25
"Rock Creek",2025,"Frederick",15,73,20.5479452054795,36.3636363636364
"Rock Creek",2026,"Frederick",15,74,20.2702702702703,0
"Severna Park Elementary",2020,"Anne Arundel",15,442,3.39366515837104,NA
"Sinclair Lane Elementary",2024,"Baltimore City",15,278,5.39568345323741,NA
"South Dorchester School",2020,"Dorchester",15,231,6.49350649350649,NA
"Stadium School",2025,"Baltimore City",15,259,5.79150579150579,15.3846153846154
"Steuart Hill Academic Academy",2022,"Baltimore City",15,193,7.7720207253886,NA
"Warwick Elementary School",2021,"Dorchester",15,321,4.67289719626168,-16.6666666666667
"Watershed Public Charter",2021,"Baltimore County",15,231,6.49350649350649,NA
"Wildwood Elementary/Middle",2021,"Baltimore City",15,734,2.04359673024523,-25
"Wolfsville Elementary",2026,"Frederick",15,155,9.67741935483871,-6.25
"Accident Elementary",2024,"Garrett",14,222,6.30630630630631,-17.6470588235294
"Achievement Academy At Harbor City High",2023,"Baltimore City",14,228,6.14035087719298,-17.6470588235294
"Bard High School Early College",2020,"Baltimore City",14,446,3.1390134529148,NA
"Benjamin D. Foulois Academy",2020,"Prince Georges",14,538,2.60223048327138,NA
"Benjamin D. Foulois Academy",2022,"Prince Georges",14,530,2.64150943396226,-12.5
"Braddock Middle",2021,"Allegany",14,605,2.31404958677686,-6.66666666666667
"Callaway Elementary",2020,"Baltimore City",14,303,4.62046204620462,NA
"Callaway Elementary",2021,"Baltimore City",14,300,4.66666666666667,0
"Carroll Manor Elementary",2021,"Baltimore County",14,351,3.98860398860399,-80
"Carroll Manor Elementary",2022,"Baltimore County",14,354,3.95480225988701,-80.8219178082192
"Carroll Manor Elementary",2023,"Baltimore County",14,358,3.91061452513966,-82.051282051282
"Carroll Manor Elementary",2024,"Baltimore County",14,345,4.05797101449275,-85.1063829787234
"Cecil Elementary",2026,"Baltimore City",14,357,3.92156862745098,40
"Cedar Lane Special Center",2020,"Howard",14,117,11.965811965812,NA
"Cedar Lane Special Center",2022,"Howard",14,113,12.3893805309735,7.69230769230769
"Cedar Lane Special Center",2024,"Howard",14,132,10.6060606060606,7.69230769230769
"Charlestown Elementary",2022,"Cecil",14,272,5.14705882352941,27.2727272727273
"City Neighbors Hamilton",2022,"Baltimore City",14,231,6.06060606060606,27.2727272727273
"City Neighbors Hamilton",2024,"Baltimore City",14,235,5.95744680851064,40
"Clear Spring Middle",2022,"Washington",14,314,4.45859872611465,16.6666666666667
"Cold Spring Elementary",2021,"Montgomery",14,317,4.41640378548896,-17.6470588235294
"Conowingo Elementary",2020,"Cecil",14,464,3.01724137931034,NA
"Conowingo Elementary",2021,"Cecil",14,407,3.43980343980344,0
"Coppin Academy",2026,"Baltimore City",14,464,3.01724137931034,NA
"Deale Elementary",2023,"Anne Arundel",14,175,8,-17.6470588235294
"Deale Elementary",2025,"Anne Arundel",14,203,6.89655172413793,7.69230769230769
"Dr. Thomas L. Higdon Elementary School",2020,"Charles",14,426,3.28638497652582,NA
"Dynard Elementary",2022,"Saint Marys",14,416,3.36538461538462,7.69230769230769
"Ebb Valley Elementary",2021,"Carroll",14,527,2.65654648956357,-17.6470588235294
"Emmitsburg Elementary",2024,"Frederick",14,203,6.89655172413793,7.69230769230769
"Emmitsburg Elementary",2026,"Frederick",14,213,6.57276995305164,-22.2222222222222
"Fort Hill High",2021,"Allegany",14,657,2.13089802130898,40
"Fort Hill High",2022,"Allegany",14,662,2.11480362537764,0
"Fort Hill High",2023,"Allegany",14,692,2.02312138728324,0
"Gardenville Elementary",2024,"Baltimore City",14,201,6.96517412935323,16.6666666666667
"Garrett Heights Elementary/Middle",2024,"Baltimore City",14,333,4.2042042042042,NA
"Govans Elementary",2021,"Baltimore City",14,357,3.92156862745098,NA
"Greenbrier Elementary",2023,"Washington",14,256,5.46875,7.69230769230769
"Harford Academy At Campus Hills",2023,"Harford",14,141,9.9290780141844,NA
"Harford Academy At Campus Hills",2024,"Harford",14,139,10.0719424460432,0
"Heather Ridge",2023,"Frederick",14,45,31.1111111111111,NA
"Hernwood Elementary",2021,"Baltimore County",14,339,4.12979351032448,-22.2222222222222
"Homewood School",2020,"Howard",14,122,11.4754098360656,NA
"Imagine Foundations At Leeland Pcs",2025,"Prince Georges",14,480,2.91666666666667,16.6666666666667
"Imagine Foundations At Morningside Pcs",2026,"Prince Georges",14,367,3.81471389645777,16.6666666666667
"Imagine Lincoln Pcs",2025,"Prince Georges",14,371,3.77358490566038,7.69230769230769
"James Mchenry Elementary/Middle",2020,"Baltimore City",14,625,2.24,NA
"Jarrettsville Elementary",2020,"Harford",14,450,3.11111111111111,NA
"Judith P. Hoyer Montessori",2020,"Prince Georges",14,375,3.73333333333333,NA
"Kingsville Elementary",2022,"Baltimore County",14,301,4.65116279069767,NA
"Lake Arbor Elementary",2021,"Prince Georges",14,529,2.64650283553875,16.6666666666667
"Lettie Marshall Dent Elem",2020,"Saint Marys",14,583,2.40137221269297,NA
"Maya Angelou French Immersion",2020,"Prince Georges",14,476,2.94117647058824,NA
"Mechanicsville Elementary",2020,"Carroll",14,483,2.89855072463768,NA
"Mechanicsville Elementary",2026,"Carroll",14,526,2.6615969581749,-33.3333333333333
"Middleborough Elementary",2021,"Baltimore County",14,306,4.57516339869281,27.2727272727273
"Mountain Ridge High School",2023,"Allegany",14,736,1.90217391304348,16.6666666666667
"North Bend Elementary",2020,"Harford",14,402,3.48258706467662,NA
"Northwestern Elementary",2022,"Wicomico",14,332,4.21686746987952,40
"Oliver Beach Elementary",2025,"Baltimore County",14,150,9.33333333333333,NA
"Park Heights Academy",2024,"Baltimore City",14,350,4,16.6666666666667
"Piney Point Elementary",2021,"Saint Marys",14,406,3.44827586206897,-33.3333333333333
"Pleasant Valley Elementary",2024,"Washington",14,207,6.76328502415459,7.69230769230769
"Renaissance Academy",2025,"Baltimore City",14,241,5.80912863070539,16.6666666666667
"Ridge Elementary",2021,"Saint Marys",14,227,6.16740088105727,-6.66666666666667
"Ridge/Ruxton School",2021,"Baltimore County",14,119,11.7647058823529,NA
"Ridge/Ruxton School",2024,"Baltimore County",14,95,14.7368421052632,7.69230769230769
"Ridge/Ruxton School",2026,"Baltimore County",14,101,13.8613861386139,7.69230769230769
"Ruth Parker Eason School",2025,"Anne Arundel",14,128,10.9375,-12.5
"Seventh District Elementary",2021,"Baltimore County",14,337,4.15430267062314,7.69230769230769
"Sharpsburg Elementary",2022,"Washington",14,327,4.28134556574923,NA
"South Dorchester School",2026,"Dorchester",14,230,6.08695652173913,27.2727272727273
"Sparks Elementary",2020,"Baltimore County",14,509,2.75049115913556,NA
"Sparks Elementary",2021,"Baltimore County",14,485,2.88659793814433,0
"Steuart Hill Academic Academy",2023,"Baltimore City",14,139,10.0719424460432,-6.66666666666667
"Summit Park Elementary",2021,"Baltimore County",14,379,3.69393139841689,-30
"The Reach! Partnership School",2021,"Baltimore City",14,695,2.01438848920863,NA
"Town Creek Elementary",2020,"Saint Marys",14,216,6.48148148148148,NA
"Walter P. Carter Elementary/Middle",2022,"Baltimore City",14,703,1.99146514935989,NA
"Warwick Elementary School",2023,"Dorchester",14,347,4.03458213256484,7.69230769230769
"West Side Elementary",2025,"Allegany",14,321,4.3613707165109,40
"Westport Academy",2021,"Baltimore City",14,284,4.92957746478873,7.69230769230769
"White Marsh Elementary",2023,"Saint Marys",14,220,6.36363636363636,-51.7241379310345
"Winand Elementary",2021,"Baltimore County",14,455,3.07692307692308,-17.6470588235294
"Windsor Hills Elementary/Middle",2024,"Baltimore City",14,246,5.69105691056911,40
"Winfield Elementary",2025,"Carroll",14,724,1.93370165745856,-73.0769230769231
"Wolfsville Elementary",2024,"Frederick",14,159,8.80503144654088,7.69230769230769
"Accident Elementary",2025,"Garrett",13,221,5.88235294117647,-7.14285714285714
"Arbutus Elementary",2020,"Baltimore County",13,404,3.21782178217822,NA
"Baltimore Design School",2021,"Baltimore City",13,529,2.45746691871456,8.33333333333333
"Braddock Middle",2025,"Allegany",13,536,2.42537313432836,-51.8518518518519
"Broad Ford Elementary",2025,"Garrett",13,601,2.1630615640599,NA
"Carroll Manor Elementary",2020,"Baltimore County",13,389,3.34190231362468,NA
"Carver Vocational-Technical High",2020,"Baltimore City",13,885,1.46892655367232,NA
"Cascade Elementary",2026,"Washington",13,149,8.7248322147651,8.33333333333333
"Cedar Lane Special Center",2021,"Howard",13,116,11.2068965517241,-7.14285714285714
"Cedar Lane Special Center",2023,"Howard",13,124,10.4838709677419,-7.14285714285714
"Connexions: A Community Based Arts School",2021,"Baltimore City",13,526,2.47148288973384,NA
"Deal Island School",2025,"Somerset",13,117,11.1111111111111,NA
"Deale Elementary",2024,"Anne Arundel",13,181,7.18232044198895,-7.14285714285714
"Deer Park Elementary",2024,"Baltimore County",13,400,3.25,-23.5294117647059
"Dr. Thomas L. Higdon Elementary School",2021,"Charles",13,362,3.59116022099448,-7.14285714285714
"Dynard Elementary",2021,"Saint Marys",13,421,3.08788598574822,-31.5789473684211
"Edmondson-Westside High",2020,"Baltimore City",13,853,1.52403282532239,NA
"Elmer A. Henderson: A Johns Hopkins Partnership",2025,"Baltimore City",13,636,2.0440251572327,18.1818181818182
"Emmitsburg Elementary",2023,"Frederick",13,216,6.01851851851852,8.33333333333333
"Excel Academy At Francis M. Wood High",2024,"Baltimore City",13,284,4.57746478873239,NA
"Fort Garrison Elementary",2022,"Baltimore County",13,286,4.54545454545455,NA
"Gateway School",2026,"Carroll",13,141,9.21985815602837,NA
"George Washington Elementary",2021,"Baltimore City",13,184,7.06521739130435,30
"Green Street Academy",2024,"Baltimore City",13,818,1.58924205378973,-27.7777777777778
"Greenbrier Elementary",2022,"Washington",13,234,5.55555555555556,18.1818181818182
"Harford Academy At Campus Hills",2026,"Harford",13,125,10.4,-23.5294117647059
"Heather Ridge",2025,"Frederick",13,50,26,30
"Imagine Foundations At Morningside Pcs",2024,"Prince Georges",13,361,3.601108033241,8.33333333333333
"Imagine Lincoln Pcs",2024,"Prince Georges",13,345,3.76811594202899,NA
"Liberty Elementary",2022,"Frederick",13,240,5.41666666666667,-27.7777777777778
"Mary E. Rodman Elementary",2024,"Baltimore City",13,424,3.06603773584906,18.1818181818182
"Mechanicsville Elementary",2021,"Saint Marys",13,280,4.64285714285714,-13.3333333333333
"Mechanicsville Elementary",2023,"Carroll",13,500,2.6,-31.5789473684211
"Mountain Ridge High School",2024,"Allegany",13,734,1.77111716621253,-7.14285714285714
"Mountain Ridge High School",2026,"Allegany",13,761,1.70827858081472,8.33333333333333
"Mutual Elementary",2025,"Calvert",13,374,3.47593582887701,-23.5294117647059
"Northern Garrett High School",2022,"Garrett",13,448,2.90178571428571,18.1818181818182
"Old Forge Elementary",2020,"Washington",13,335,3.88059701492537,NA
"Oliver Beach Elementary",2026,"Baltimore County",13,139,9.35251798561151,-7.14285714285714
"Pep - Itinerant",2023,"Montgomery",13,57,22.8070175438596,18.1818181818182
"Pleasant Valley Elementary",2023,"Washington",13,212,6.13207547169811,8.33333333333333
"Prettyboy Elementary",2022,"Baltimore County",13,402,3.23383084577114,NA
"Prettyboy Elementary",2023,"Baltimore County",13,400,3.25,0
"Ridge Elementary",2023,"Saint Marys",13,216,6.01851851851852,30
"Ridge/Ruxton School",2022,"Baltimore County",13,106,12.2641509433962,-7.14285714285714
"Ridge/Ruxton School",2023,"Baltimore County",13,104,12.5,0
"Ridge/Ruxton School",2025,"Baltimore County",13,101,12.8712871287129,-7.14285714285714
"Rosedale Center",2026,"Baltimore County",13,104,12.5,NA
"Seventh District Elementary",2020,"Baltimore County",13,404,3.21782178217822,NA
"Sharpsburg Elementary",2023,"Washington",13,349,3.72492836676218,-7.14285714285714
"South Penn Elementary",2025,"Allegany",13,491,2.64765784114053,NA
"Southwest Baltimore Charter School",2021,"Baltimore City",13,431,3.01624129930394,-40.9090909090909
"Stadium School",2024,"Baltimore City",13,265,4.90566037735849,NA
"Steuart Hill Academic Academy",2020,"Baltimore City",13,250,5.2,NA
"Summit Park Elementary",2024,"Baltimore County",13,303,4.29042904290429,-18.75
"Tunbridge Public Charter School",2022,"Baltimore City",13,479,2.71398747390397,-18.75
"Warwick Elementary School",2022,"Dorchester",13,319,4.07523510971787,-13.3333333333333
"Westport Academy",2020,"Baltimore City",13,281,4.62633451957295,NA
"Windsor Hills Elementary/Middle",2021,"Baltimore City",13,237,5.48523206751055,NA
"Windsor Hills Elementary/Middle",2025,"Baltimore City",13,252,5.15873015873016,-7.14285714285714
"Wolfsville Elementary",2023,"Frederick",13,157,8.28025477707006,NA
"Yorkwood Elementary",2020,"Baltimore City",13,412,3.15533980582524,NA
"Yorkwood Elementary",2026,"Baltimore City",13,310,4.19354838709677,NA
"Accident Elementary",2021,"Garrett",12,242,4.95867768595041,NA
"Accident Elementary",2022,"Garrett",12,218,5.5045871559633,0
"Afya Public Charter School",2020,"Baltimore City",12,228,5.26315789473684,NA
"Arundel Elementary",2020,"Baltimore City",12,523,2.29445506692161,NA
"Baltimore Design School",2020,"Baltimore City",12,511,2.34833659491194,NA
"Benjamin D. Foulois Academy",2023,"Prince Georges",12,530,2.26415094339623,-14.2857142857143
"C. Elizabeth Rieg Regional Center",2020,"Prince Georges",12,115,10.4347826086957,NA
"C. Elizabeth Rieg Regional Center",2021,"Prince Georges",12,114,10.5263157894737,0
"C. Elizabeth Rieg Regional Center",2022,"Prince Georges",12,115,10.4347826086957,0
"Career And Technical Education Evening High",2020,"Prince Georges",12,15,80,NA
"Cascade Elementary",2023,"Washington",12,146,8.21917808219178,9.09090909090908
"Cascade Elementary",2024,"Washington",12,144,8.33333333333333,0
"Cascade Elementary",2025,"Washington",12,137,8.75912408759124,0
"Cash Valley Elementary",2025,"Allegany",12,266,4.51127819548872,NA
"Center For Educational Opportunity",2026,"Harford",12,128,9.375,-20
"Chesapeake Terrace Elementary",2022,"Baltimore County",12,312,3.84615384615385,NA
"Chesapeake Terrace Elementary",2024,"Baltimore County",12,343,3.49854227405248,NA
"Churchville Elementary",2022,"Harford",12,329,3.64741641337386,-20
"Clear Spring Elementary",2023,"Washington",12,367,3.26975476839237,NA
"Clear Spring Middle",2021,"Washington",12,340,3.52941176470588,-47.8260869565217
"Conowingo Elementary",2023,"Cecil",12,388,3.09278350515464,-29.4117647058823
"Cresaptown Elementary",2020,"Allegany",12,320,3.75,NA
"Deal Island School",2026,"Somerset",12,136,8.82352941176471,-7.69230769230769
"Deale Elementary",2026,"Anne Arundel",12,209,5.74162679425837,-14.2857142857143
"Dickey Hill Elementary/Middle",2023,"Baltimore City",12,254,4.7244094488189,NA
"Dickey Hill Elementary/Middle",2024,"Baltimore City",12,215,5.58139534883721,0
"Dublin Elementary",2020,"Harford",12,230,5.21739130434783,NA
"Elk Neck Elementary",2020,"Cecil",12,443,2.70880361173815,NA
"Elmer A. Henderson: A Johns Hopkins Partnership",2022,"Baltimore City",12,606,1.98019801980198,9.09090909090908
"Emmitsburg Elementary",2022,"Frederick",12,207,5.79710144927536,NA
"Excel Academy At Francis M. Wood High",2022,"Baltimore City",12,349,3.43839541547278,NA
"Fort Garrison Elementary",2023,"Baltimore County",12,272,4.41176470588235,-7.69230769230769
"Gardenville Elementary",2023,"Baltimore City",12,202,5.94059405940594,9.09090909090908
"Gunpowder Elementary",2020,"Baltimore County",12,538,2.23048327137546,NA
"Homewood School",2021,"Howard",12,120,10,-14.2857142857143
"Imagine Foundations At Leeland Pcs",2024,"Prince Georges",12,485,2.47422680412371,NA
"Imagine Foundations At Morningside Pcs",2023,"Prince Georges",12,365,3.28767123287671,9.09090909090908
"Imagine Foundations At Morningside Pcs",2025,"Prince Georges",12,357,3.36134453781513,-7.69230769230769
"Kingsville Elementary",2023,"Baltimore County",12,301,3.98671096345515,-14.2857142857143
"Lake Arbor Elementary",2020,"Prince Georges",12,559,2.14669051878354,NA
"Liberty Elementary",2020,"Baltimore City",12,488,2.45901639344262,NA
"Maiden Choice School",2022,"Baltimore County",12,129,9.30232558139535,NA
"Mary Ann Winterling Elementary At Bentalou",2026,"Baltimore City",12,288,4.16666666666667,20
"Matthew A. Henson Elementary",2024,"Baltimore City",12,198,6.06060606060606,NA
"Mountain Ridge High School",2021,"Allegany",12,771,1.55642023346304,NA
"Mountain Ridge High School",2022,"Allegany",12,751,1.59786950732357,0
"Mountain Ridge High School",2025,"Allegany",12,743,1.61507402422611,-7.69230769230769
"North Bend Elementary",2021,"Harford",12,378,3.17460317460317,-14.2857142857143
"North Bend Elementary",2022,"Harford",12,414,2.89855072463768,0
"Northwestern Elementary",2025,"Wicomico",12,340,3.52941176470588,20
"Old Forge Elementary",2022,"Washington",12,340,3.52941176470588,-29.4117647058823
"Park Heights Academy",2023,"Baltimore City",12,344,3.48837209302326,-20
"Phoenix Academy",2025,"Anne Arundel",12,64,18.75,-53.8461538461538
"Pleasant Valley Elementary",2022,"Washington",12,218,5.5045871559633,NA
"Renaissance Academy",2024,"Baltimore City",12,196,6.12244897959184,-42.8571428571429
"Rock Creek",2020,"Frederick",12,74,16.2162162162162,NA
"Rock Creek",2022,"Frederick",12,71,16.9014084507042,9.09090909090908
"Southern Garrett High School",2020,"Garrett",12,701,1.71184022824536,NA
"The Belair-Edison School",2020,"Baltimore City",12,831,1.44404332129964,NA
"The Belair-Edison School",2021,"Baltimore City",12,927,1.29449838187702,0
"Thomas Jefferson Elementary/Middle",2020,"Baltimore City",12,457,2.62582056892779,NA
"Thurmont Primary",2021,"Frederick",12,284,4.22535211267606,-29.4117647058823
"Vienna Elementary School",2021,"Dorchester",12,173,6.9364161849711,NA
"Washington Middle",2024,"Allegany",12,569,2.10896309314587,9.09090909090908
"Washington Middle",2025,"Allegany",12,577,2.07972270363951,0
"White Marsh Elementary",2021,"Saint Marys",12,219,5.47945205479452,-72.7272727272727
"Yorkwood Elementary",2023,"Baltimore City",12,329,3.64741641337386,NA
"Arundel Elementary",2021,"Baltimore City",11,445,2.47191011235955,-8.33333333333334
"Bcdc Educational Center",2025,"Baltimore County",11,52,21.1538461538462,NA
"Beall Elementary",2022,"Allegany",11,470,2.34042553191489,-90.3508771929825
"Beall Elementary",2025,"Allegany",11,415,2.65060240963855,-92.2535211267606
"Cascade Elementary",2022,"Washington",11,139,7.9136690647482,NA
"Charlestown Elementary",2021,"Cecil",11,253,4.34782608695652,NA
"City Neighbors Hamilton",2020,"Baltimore City",11,234,4.7008547008547,NA
"City Neighbors Hamilton",2021,"Baltimore City",11,234,4.7008547008547,0
"Crossroads Center",2026,"Baltimore County",11,60,18.3333333333333,NA
"Dr. Nathan A. Pitts-Ashburton Elementary/Middle",2020,"Baltimore City",11,359,3.06406685236769,NA
"Edgecombe Circle Elementary",2021,"Baltimore City",11,300,3.66666666666667,NA
"Elmer A. Henderson: A Johns Hopkins Partnership",2021,"Baltimore City",11,592,1.85810810810811,NA
"Elmer A. Henderson: A Johns Hopkins Partnership",2024,"Baltimore City",11,720,1.52777777777778,10
"Elmer A. Wolfe Elementary",2020,"Carroll",11,437,2.51716247139588,NA
"Elmer A. Wolfe Elementary",2021,"Carroll",11,416,2.64423076923077,0
"Gardenville Elementary",2022,"Baltimore City",11,228,4.82456140350877,NA
"George Washington Elementary",2023,"Baltimore City",11,173,6.35838150289017,NA
"George Washington Elementary",2025,"Baltimore City",11,137,8.02919708029197,10
"Green Street Academy",2026,"Baltimore City",11,829,1.32689987937274,-26.6666666666667
"Greenbrier Elementary",2021,"Washington",11,220,5,NA
"Hancock Middle Senior High",2026,"Washington",11,229,4.80349344978166,NA
"Harford Heights Elementary",2023,"Baltimore City",11,419,2.62529832935561,10
"Heather Ridge",2026,"Frederick",11,45,24.4444444444444,-15.3846153846154
"Homewood School",2022,"Howard",11,86,12.7906976744186,-8.33333333333334
"Imagine Foundations At Morningside Pcs",2021,"Prince Georges",11,405,2.71604938271605,10
"Imagine Foundations At Morningside Pcs",2022,"Prince Georges",11,389,2.82776349614396,0
"John Archer School",2020,"Harford",11,123,8.94308943089431,NA
"John Humbird Elementary",2026,"Allegany",11,247,4.45344129554656,NA
"Kingsville Elementary",2020,"Baltimore County",11,326,3.37423312883436,NA
"Maiden Choice School",2026,"Baltimore County",11,111,9.90990990990991,NA
"Mary E. Rodman Elementary",2023,"Baltimore City",11,392,2.80612244897959,NA
"Mechanicsville Elementary",2024,"Carroll",11,497,2.21327967806841,-31.25
"Middleborough Elementary",2020,"Baltimore County",11,349,3.15186246418338,NA
"Norrisville Elementary",2022,"Harford",11,207,5.31400966183575,NA
"Norrisville Elementary",2025,"Harford",11,213,5.16431924882629,NA
"North Bend Elementary",2024,"Harford",11,448,2.45535714285714,10
"North Bend Elementary",2025,"Harford",11,467,2.35546038543897,0
"North Bend Elementary",2026,"Harford",11,445,2.47191011235955,0
"Northern Garrett High School",2021,"Garrett",11,461,2.38611713665944,NA
"Pep - Itinerant",2022,"Montgomery",11,40,27.5,NA
"Phoenix Academy",2026,"Anne Arundel",11,62,17.741935483871,-8.33333333333334
"Ridge Elementary",2024,"Saint Marys",11,213,5.16431924882629,-15.3846153846154
"Rock Creek",2021,"Frederick",11,71,15.4929577464789,-8.33333333333334
"Rock Creek",2024,"Frederick",11,72,15.2777777777778,10
"Shipleys Choice Elementary",2025,"Anne Arundel",11,344,3.19767441860465,NA
"Shipleys Choice Elementary",2026,"Anne Arundel",11,349,3.15186246418338,0
"Snow Hill High",2021,"Worcester",11,337,3.26409495548961,-35.2941176470588
"South Dorchester School",2023,"Dorchester",11,225,4.88888888888889,NA
"South Dorchester School",2025,"Dorchester",11,230,4.78260869565217,-31.25
"Southern Garrett High School",2024,"Garrett",11,578,1.90311418685121,NA
"Southern Middle School",2024,"Garrett",11,448,2.45535714285714,NA
"The Green School Of Baltimore",2020,"Baltimore City",11,161,6.83229813664596,NA
"The Seed School Of Maryland",2020,"Seed",11,401,2.7431421446384,NA
"Vienna Elementary School",2023,"Dorchester",11,174,6.32183908045977,NA
"Walter P. Carter Elementary/Middle",2020,"Baltimore City",11,395,2.78481012658228,NA
"Washington Middle",2023,"Allegany",11,583,1.88679245283019,10
"Westport Academy",2023,"Baltimore City",11,234,4.7008547008547,-31.25
"White Marsh Elementary",2022,"Saint Marys",11,225,4.88888888888889,-60.7142857142857
"Wicomico County Evening High",2021,"Wicomico",11,86,12.7906976744186,10
"Windsor Hills Elementary/Middle",2022,"Baltimore City",11,200,5.5,-15.3846153846154
"Winfield Elementary",2023,"Carroll",11,678,1.62241887905605,-66.6666666666667
"Baltimore Collegiate School For Boys",2026,"Baltimore City",10,302,3.3112582781457,NA
"Baltimore Montessori Public Charter School",2020,"Baltimore City",10,456,2.19298245614035,NA
"Broad Ford Elementary",2022,"Garrett",10,520,1.92307692307692,NA
"Broad Ford Elementary",2023,"Garrett",10,559,1.78890876565295,0
"Broad Ford Elementary",2026,"Garrett",10,584,1.71232876712329,-23.0769230769231
"Cecil Elementary",2024,"Baltimore City",10,338,2.9585798816568,NA
"Cecil Elementary",2025,"Baltimore City",10,348,2.8735632183908,0
"Chesapeake Terrace Elementary",2025,"Baltimore County",10,345,2.89855072463768,-16.6666666666667
"Churchville Elementary",2020,"Harford",10,370,2.7027027027027,NA
"City Neighbors Hamilton",2023,"Baltimore City",10,235,4.25531914893617,-28.5714285714286
"Coppin Academy",2023,"Baltimore City",10,337,2.9673590504451,NA
"Coppin Academy",2024,"Baltimore City",10,390,2.56410256410256,0
"Cresaptown Elementary",2022,"Allegany",10,283,3.53356890459364,NA
"Deal Island School",2022,"Somerset",10,111,9.00900900900901,NA
"Dorothy I. Height Elementary",2020,"Baltimore City",10,375,2.66666666666667,NA
"Dorothy I. Height Elementary",2023,"Baltimore City",10,349,2.86532951289398,NA
"Dr. Bernard Harris, Sr., Elementary",2026,"Baltimore City",10,271,3.690036900369,NA
"Dublin Elementary",2026,"Harford",10,223,4.48430493273543,-33.3333333333333
"Elmer A. Henderson: A Johns Hopkins Partnership",2023,"Baltimore City",10,642,1.55763239875389,-16.6666666666667
"Excel Academy At Francis M. Wood High",2020,"Baltimore City",10,642,1.55763239875389,NA
"Fort Hill High",2020,"Allegany",10,672,1.48809523809524,NA
"George Washington Elementary",2020,"Baltimore City",10,192,5.20833333333333,NA
"George Washington Elementary",2024,"Baltimore City",10,165,6.06060606060606,-9.09090909090909
"Harford Heights Elementary",2020,"Baltimore City",10,431,2.32018561484919,NA
"Harford Heights Elementary",2022,"Baltimore City",10,433,2.3094688221709,NA
"Heather Ridge",2024,"Frederick",10,57,17.5438596491228,-28.5714285714286
"Hilton Elementary",2025,"Baltimore City",10,258,3.87596899224806,NA
"Homewood School",2023,"Howard",10,88,11.3636363636364,-9.09090909090909
"Imagine Foundations At Morningside Pcs",2020,"Prince Georges",10,427,2.34192037470726,NA
"Imagine Lincoln Public Charter",2021,"Prince Georges",10,393,2.54452926208651,NA
"Liberty Elementary",2023,"Baltimore City",10,334,2.9940119760479,-23.0769230769231
"Maiden Choice School",2023,"Baltimore County",10,118,8.47457627118644,-16.6666666666667
"Maiden Choice School",2024,"Baltimore County",10,120,8.33333333333333,0
"Mary Ann Winterling Elementary At Bentalou",2025,"Baltimore City",10,296,3.37837837837838,NA
"Norrisville Elementary",2026,"Harford",10,222,4.5045045045045,-9.09090909090909
"North Bend Elementary",2023,"Harford",10,428,2.33644859813084,-16.6666666666667
"North Harford Elementary",2025,"Harford",10,424,2.35849056603774,NA
"Northern Garrett High School",2023,"Garrett",10,439,2.27790432801822,-23.0769230769231
"Northwestern Elementary",2020,"Wicomico",10,334,2.9940119760479,NA
"Northwestern Elementary",2021,"Wicomico",10,308,3.24675324675325,0
"Northwestern Elementary",2023,"Wicomico",10,341,2.93255131964809,-28.5714285714286
"Northwestern Elementary",2024,"Wicomico",10,335,2.98507462686567,0
"Northwood Elementary",2021,"Baltimore City",10,537,1.86219739292365,NA
"Oakville Elementary",2020,"Saint Marys",10,299,3.34448160535117,NA
"Ridge Elementary",2022,"Saint Marys",10,203,4.92610837438424,-28.5714285714286
"Rock Creek",2023,"Frederick",10,76,13.1578947368421,-16.6666666666667
"Rosedale Center",2024,"Baltimore County",10,58,17.2413793103448,NA
"Sandtown-Winchester Achievement Academy",2023,"Baltimore City",10,425,2.35294117647059,NA
"South Dorchester School",2021,"Dorchester",10,219,4.5662100456621,-33.3333333333333
"The Seed School Of Maryland",2026,"Seed",10,418,2.39234449760766,NA
"Tunbridge Public Charter School",2020,"Baltimore City",10,471,2.12314225053079,NA
"Washington Middle",2022,"Allegany",10,605,1.65289256198347,NA
"West Side Elementary",2024,"Allegany",10,306,3.26797385620915,NA
"Wicomico County Evening High",2020,"Wicomico",10,107,9.34579439252336,NA
"Windsor Hills Elementary/Middle",2023,"Baltimore City",10,216,4.62962962962963,-9.09090909090909
"Yorkwood Elementary",2024,"Baltimore City",10,314,3.18471337579618,-16.6666666666667
"Accident Elementary",2020,"Garrett",NA,281,NA,NA
"Afya Public Charter School",2021,"Baltimore City",NA,112,NA,NA
"Alexander Hamilton Elementary",2020,"Baltimore City",NA,160,NA,NA
"Augusta Fells Savage Institute Of Visual Arts",2020,"Baltimore City",NA,434,NA,NA
"Augusta Fells Savage Institute Of Visual Arts",2021,"Baltimore City",NA,481,NA,NA
"Augusta Fells Savage Institute Of Visual Arts",2022,"Baltimore City",NA,331,NA,NA
"Augusta Fells Savage Institute Of Visual Arts",2023,"Baltimore City",NA,296,NA,NA
"Augusta Fells Savage Institute Of Visual Arts",2024,"Baltimore City",NA,296,NA,NA
"Augusta Fells Savage Institute Of Visual Arts",2025,"Baltimore City",NA,337,NA,NA
"Augusta Fells Savage Institute Of Visual Arts",2026,"Baltimore City",NA,293,NA,NA
"Bainbridge Elementary",2020,"Cecil",NA,284,NA,NA
"Bainbridge Elementary",2021,"Cecil",NA,265,NA,NA
"Bainbridge Elementary",2022,"Cecil",NA,293,NA,NA
"Baltimore Collegiate School For Boys",2020,"Baltimore City",NA,432,NA,NA
"Baltimore Collegiate School For Boys",2021,"Baltimore City",NA,466,NA,NA
"Baltimore Collegiate School For Boys",2022,"Baltimore City",NA,453,NA,NA
"Baltimore Collegiate School For Boys",2023,"Baltimore City",NA,325,NA,NA
"Baltimore Collegiate School For Boys",2024,"Baltimore City",NA,279,NA,NA
"Baltimore Collegiate School For Boys",2025,"Baltimore City",NA,303,NA,NA
"Baltimore International Academy West",2020,"Baltimore City",NA,69,NA,NA
"Baltimore International Academy West",2021,"Baltimore City",NA,150,NA,NA
"Baltimore International Academy West",2022,"Baltimore City",NA,207,NA,NA
"Baltimore International Academy West",2023,"Baltimore City",NA,198,NA,NA
"Baltimore International Academy West",2024,"Baltimore City",NA,207,NA,NA
"Baltimore Leadership School For Young Women",2020,"Baltimore City",NA,539,NA,NA
"Baltimore Leadership School For Young Women",2021,"Baltimore City",NA,531,NA,NA
"Baltimore Leadership School For Young Women",2022,"Baltimore City",NA,524,NA,NA
"Baltimore Leadership School For Young Women",2023,"Baltimore City",NA,494,NA,NA
"Baltimore Leadership School For Young Women",2024,"Baltimore City",NA,470,NA,NA
"Baltimore Leadership School For Young Women",2025,"Baltimore City",NA,466,NA,NA
"Baltimore Leadership School For Young Women",2026,"Baltimore City",NA,351,NA,NA
"Battle Monument School",2020,"Baltimore County",NA,63,NA,NA
"Battle Monument School",2021,"Baltimore County",NA,63,NA,NA
"Battle Monument School",2022,"Baltimore County",NA,57,NA,NA
"Battle Monument School",2023,"Baltimore County",NA,62,NA,NA
"Battle Monument School",2024,"Baltimore County",NA,60,NA,NA
"Battle Monument School",2025,"Baltimore County",NA,63,NA,NA
"Battle Monument School",2026,"Baltimore County",NA,67,NA,NA
"Bcdc Educational Center",2020,"Baltimore County",NA,33,NA,NA
"Bcdc Educational Center",2021,"Baltimore County",NA,31,NA,NA
"Bcdc Educational Center",2022,"Baltimore County",NA,43,NA,NA
"Bcdc Educational Center",2023,"Baltimore County",NA,45,NA,NA
"Bcdc Educational Center",2024,"Baltimore County",NA,52,NA,NA
"Bcdc Educational Center",2026,"Baltimore County",NA,34,NA,NA
"Beall Elementary",2020,"Allegany",NA,441,NA,NA
"Beall Elementary",2021,"Allegany",NA,445,NA,NA
"Beall Elementary",2023,"Allegany",NA,451,NA,NA
"Beall Elementary",2024,"Allegany",NA,413,NA,NA
"Beall Elementary",2026,"Allegany",NA,414,NA,NA
"Bel Air Elementary",2020,"Allegany",NA,225,NA,NA
"Bel Air Elementary",2021,"Allegany",NA,216,NA,NA
"Bel Air Elementary",2022,"Allegany",NA,209,NA,NA
"Bel Air Elementary",2023,"Allegany",NA,199,NA,NA
"Bel Air Elementary",2024,"Allegany",NA,229,NA,NA
"Bel Air Elementary",2025,"Allegany",NA,216,NA,NA
"Bel Air Elementary",2026,"Allegany",NA,227,NA,NA
"Belmont Elementary",2020,"Baltimore City",NA,262,NA,NA
"Belmont Elementary",2021,"Baltimore City",NA,241,NA,NA
"Belmont Elementary",2022,"Baltimore City",NA,244,NA,NA
"Belmont Elementary",2023,"Baltimore City",NA,181,NA,NA
"Belmont Elementary",2024,"Baltimore City",NA,171,NA,NA
"Belmont Elementary",2025,"Baltimore City",NA,177,NA,NA
"Belmont Elementary",2026,"Baltimore City",NA,168,NA,NA
"Billie Holiday Elementary",2022,"Baltimore City",NA,215,NA,NA
"Billie Holiday Elementary",2023,"Baltimore City",NA,217,NA,NA
"Billie Holiday Elementary",2024,"Baltimore City",NA,247,NA,NA
"Billie Holiday Elementary",2025,"Baltimore City",NA,242,NA,NA
"Billie Holiday Elementary",2026,"Baltimore City",NA,216,NA,NA
"Bluford Drew Jemison Stem Academy West",2020,"Baltimore City",NA,227,NA,NA
"Bluford Drew Jemison Stem Academy West",2021,"Baltimore City",NA,226,NA,NA
"Bluford Drew Jemison Stem Academy West",2022,"Baltimore City",NA,239,NA,NA
"Bluford Drew Jemison Stem Academy West",2024,"Baltimore City",NA,139,NA,NA
"Booker T. Washington Middle",2020,"Baltimore City",NA,242,NA,NA
"Booker T. Washington Middle",2021,"Baltimore City",NA,225,NA,NA
"Booker T. Washington Middle",2022,"Baltimore City",NA,177,NA,NA
"Booker T. Washington Middle",2024,"Baltimore City",NA,177,NA,NA
"Booker T. Washington Middle",2025,"Baltimore City",NA,192,NA,NA
"Booker T. Washington Middle",2026,"Baltimore City",NA,180,NA,NA
"Broad Ford Elementary",2020,"Garrett",NA,582,NA,NA
"Broad Ford Elementary",2021,"Garrett",NA,561,NA,NA
"Broad Ford Elementary",2024,"Garrett",NA,547,NA,NA
"Callaway Elementary",2022,"Baltimore City",NA,257,NA,NA
"Callaway Elementary",2023,"Baltimore City",NA,240,NA,NA
"Callaway Elementary",2024,"Baltimore City",NA,219,NA,NA
"Callaway Elementary",2025,"Baltimore City",NA,231,NA,NA
"Callaway Elementary",2026,"Baltimore City",NA,213,NA,NA
"Calvert Country School",2020,"Calvert",NA,46,NA,NA
"Calvert Country School",2022,"Calvert",NA,33,NA,NA
"Calvert Country School",2023,"Calvert",NA,41,NA,NA
"Calvert Country School",2024,"Calvert",NA,41,NA,NA
"Calvert Country School",2025,"Calvert",NA,40,NA,NA
"Calvert Country School",2026,"Calvert",NA,45,NA,NA
"Calvert County Alternative School",2020,"Calvert",NA,NA,NA,NA
"Calvert County Alternative School",2025,"Calvert",NA,NA,NA,NA
"Carrie Weedon Early Education Center",2026,"Anne Arundel",NA,28,NA,NA
"Carroll Springs School",2020,"Carroll",NA,33,NA,NA
"Carroll Springs School",2021,"Carroll",NA,28,NA,NA
"Carroll Springs School",2022,"Carroll",NA,24,NA,NA
"Carroll Springs School",2023,"Carroll",NA,20,NA,NA
"Carroll Springs School",2024,"Carroll",NA,22,NA,NA
"Carroll Springs School",2025,"Carroll",NA,32,NA,NA
"Carroll Springs School",2026,"Carroll",NA,38,NA,NA
"Cascade Elementary",2020,"Washington",NA,150,NA,NA
"Cascade Elementary",2021,"Washington",NA,130,NA,NA
"Cash Valley Elementary",2020,"Allegany",NA,279,NA,NA
"Cash Valley Elementary",2021,"Allegany",NA,273,NA,NA
"Cash Valley Elementary",2022,"Allegany",NA,285,NA,NA
"Cash Valley Elementary",2023,"Allegany",NA,275,NA,NA
"Cash Valley Elementary",2024,"Allegany",NA,274,NA,NA
"Catonsville Center For Alternative Studies",2020,"Baltimore County",NA,55,NA,NA
"Catonsville Center For Alternative Studies",2021,"Baltimore County",NA,51,NA,NA
"Catonsville Center For Alternative Studies",2023,"Baltimore County",NA,60,NA,NA
"Catonsville Center For Alternative Studies",2024,"Baltimore County",NA,60,NA,NA
"Catonsville Center For Alternative Studies",2025,"Baltimore County",NA,68,NA,NA
"Catonsville Center For Alternative Studies",2026,"Baltimore County",NA,76,NA,NA
"Cecil Elementary",2020,"Baltimore City",NA,391,NA,NA
"Cecil Elementary",2021,"Baltimore City",NA,354,NA,NA
"Cecil Elementary",2022,"Baltimore City",NA,335,NA,NA
"Cecil Elementary",2023,"Baltimore City",NA,310,NA,NA
"Cedar Chapel Special School",2020,"Worcester",NA,55,NA,NA
"Cedar Chapel Special School",2021,"Worcester",NA,50,NA,NA
"Cedar Chapel Special School",2022,"Worcester",NA,46,NA,NA
"Cedar Chapel Special School",2023,"Worcester",NA,43,NA,NA
"Cedar Chapel Special School",2024,"Worcester",NA,50,NA,NA
"Cedar Chapel Special School",2025,"Worcester",NA,51,NA,NA
"Cedar Chapel Special School",2026,"Worcester",NA,47,NA,NA
"Center For Career & Technical Education",2020,"Allegany",NA,203,NA,NA
"Center For Career & Technical Education",2021,"Allegany",NA,258,NA,NA
"Center For Career & Technical Education",2022,"Allegany",NA,242,NA,NA
"Center For Career & Technical Education",2023,"Allegany",NA,289,NA,NA
"Center For Career & Technical Education",2024,"Allegany",NA,329,NA,NA
"Center For Career & Technical Education",2025,"Allegany",NA,300,NA,NA
"Center For Career & Technical Education",2026,"Allegany",NA,299,NA,NA
"Center For Educational Opportunity",2020,"Harford",NA,74,NA,NA
"Center For Educational Opportunity",2021,"Harford",NA,148,NA,NA
"Center For Educational Opportunity",2023,"Harford",NA,39,NA,NA
"Center For Educational Opportunity",2024,"Harford",NA,87,NA,NA
"Charlestown Elementary",2020,"Cecil",NA,257,NA,NA
"Chesapeake Terrace Elementary",2020,"Baltimore County",NA,286,NA,NA
"Chesapeake Terrace Elementary",2021,"Baltimore County",NA,273,NA,NA
"Chesapeake Terrace Elementary",2023,"Baltimore County",NA,330,NA,NA
"Chesapeake Terrace Elementary",2026,"Baltimore County",NA,333,NA,NA
"City Neighbors Charter School",2020,"Baltimore City",NA,231,NA,NA
"City Neighbors Charter School",2021,"Baltimore City",NA,233,NA,NA
"City Neighbors Charter School",2022,"Baltimore City",NA,233,NA,NA
"City Neighbors Charter School",2023,"Baltimore City",NA,232,NA,NA
"City Neighbors Charter School",2024,"Baltimore City",NA,232,NA,NA
"City Neighbors Charter School",2025,"Baltimore City",NA,231,NA,NA
"City Neighbors Charter School",2026,"Baltimore City",NA,234,NA,NA
"Claremont School",2020,"Baltimore City",NA,48,NA,NA
"Claremont School",2021,"Baltimore City",NA,51,NA,NA
"Claremont School",2022,"Baltimore City",NA,46,NA,NA
"Claremont School",2023,"Baltimore City",NA,51,NA,NA
"Claremont School",2024,"Baltimore City",NA,47,NA,NA
"Claremont School",2025,"Baltimore City",NA,46,NA,NA
"Claremont School",2026,"Baltimore City",NA,50,NA,NA
"Clear Spring Elementary",2020,"Washington",NA,411,NA,NA
"Clear Spring Elementary",2021,"Washington",NA,348,NA,NA
"Clear Spring Elementary",2022,"Washington",NA,385,NA,NA
"Collington Square Elementary/Middle",2020,"Baltimore City",NA,347,NA,NA
"Collington Square Elementary/Middle",2021,"Baltimore City",NA,326,NA,NA
"Collington Square Elementary/Middle",2022,"Baltimore City",NA,265,NA,NA
"Collington Square Elementary/Middle",2023,"Baltimore City",NA,203,NA,NA
"Collington Square Elementary/Middle",2024,"Baltimore City",NA,198,NA,NA
"Connexions: A  Community Based Arts School",2020,"Baltimore City",NA,505,NA,NA
"Coppin Academy",2020,"Baltimore City",NA,355,NA,NA
"Coppin Academy",2021,"Baltimore City",NA,359,NA,NA
"Coppin Academy",2022,"Baltimore City",NA,336,NA,NA
"Coppin Academy",2025,"Baltimore City",NA,450,NA,NA
"Creative City Public Charter School",2020,"Baltimore City",NA,346,NA,NA
"Creative City Public Charter School",2021,"Baltimore City",NA,358,NA,NA
"Creative City Public Charter School",2022,"Baltimore City",NA,315,NA,NA
"Creative City Public Charter School",2023,"Baltimore City",NA,277,NA,NA
"Creative City Public Charter School",2024,"Baltimore City",NA,253,NA,NA
"Creative City Public Charter School",2025,"Baltimore City",NA,210,NA,NA
"Creative City Public Charter School",2026,"Baltimore City",NA,176,NA,NA
"Crellin Elementary",2020,"Garrett",NA,135,NA,NA
"Crellin Elementary",2021,"Garrett",NA,123,NA,NA
"Crellin Elementary",2022,"Garrett",NA,132,NA,NA
"Crellin Elementary",2023,"Garrett",NA,140,NA,NA
"Crellin Elementary",2024,"Garrett",NA,144,NA,NA
"Cresaptown Elementary",2021,"Allegany",NA,287,NA,NA
"Cresaptown Elementary",2023,"Allegany",NA,267,NA,NA
"Cresaptown Elementary",2024,"Allegany",NA,259,NA,NA
"Cresaptown Elementary",2025,"Allegany",NA,268,NA,NA
"Cresaptown Elementary",2026,"Allegany",NA,271,NA,NA
"Croom High",2020,"Prince Georges",NA,65,NA,NA
"Croom High",2021,"Prince Georges",NA,48,NA,NA
"Croom High",2022,"Prince Georges",NA,39,NA,NA
"Crossroads Center",2020,"Baltimore County",NA,183,NA,NA
"Crossroads Center",2021,"Baltimore County",NA,169,NA,NA
"Crossroads Center",2022,"Baltimore County",NA,153,NA,NA
"Crossroads Center",2023,"Baltimore County",NA,30,NA,NA
"Crossroads Center",2024,"Baltimore County",NA,21,NA,NA
"Crossroads Center",2025,"Baltimore County",NA,32,NA,NA
"Crossroads Middle School",2020,"Carroll",NA,NA,NA,NA
"Crossroads Middle School",2021,"Carroll",NA,NA,NA,NA
"Crossroads Middle School",2022,"Carroll",NA,NA,NA,NA
"Darlington Elementary",2020,"Harford",NA,104,NA,NA
"Darlington Elementary",2021,"Harford",NA,98,NA,NA
"Darlington Elementary",2022,"Harford",NA,100,NA,NA
"Darlington Elementary",2023,"Harford",NA,101,NA,NA
"Darlington Elementary",2024,"Harford",NA,92,NA,NA
"Darlington Elementary",2025,"Harford",NA,96,NA,NA
"Darlington Elementary",2026,"Harford",NA,99,NA,NA
"Deal Island School",2020,"Somerset",NA,139,NA,NA
"Deal Island School",2021,"Somerset",NA,121,NA,NA
"Deal Island School",2023,"Somerset",NA,96,NA,NA
"Deal Island School",2024,"Somerset",NA,118,NA,NA
"Deer Park Elementary",2020,"Baltimore County",NA,404,NA,NA
"Deer Park Elementary",2021,"Baltimore County",NA,396,NA,NA
"Dickey Hill Elementary/Middle",2020,"Baltimore City",NA,363,NA,NA
"Dickey Hill Elementary/Middle",2021,"Baltimore City",NA,286,NA,NA
"Dickey Hill Elementary/Middle",2022,"Baltimore City",NA,275,NA,NA
"Dorothy I. Height Elementary",2021,"Baltimore City",NA,339,NA,NA
"Dorothy I. Height Elementary",2022,"Baltimore City",NA,303,NA,NA
"Dr. Bernard Harris, Sr., Elementary",2020,"Baltimore City",NA,310,NA,NA
"Dr. Bernard Harris, Sr., Elementary",2021,"Baltimore City",NA,289,NA,NA
"Dr. Bernard Harris, Sr., Elementary",2022,"Baltimore City",NA,306,NA,NA
"Dr. Bernard Harris, Sr., Elementary",2023,"Baltimore City",NA,282,NA,NA
"Dr. Bernard Harris, Sr., Elementary",2024,"Baltimore City",NA,282,NA,NA
"Dr. Bernard Harris, Sr., Elementary",2025,"Baltimore City",NA,300,NA,NA
"Dr. Martin Luther King, Jr., Elementary/Middle",2020,"Baltimore City",NA,244,NA,NA
"Dream Academy",2026,"Baltimore City",NA,300,NA,NA
"Dublin Elementary",2021,"Harford",NA,215,NA,NA
"Dublin Elementary",2022,"Harford",NA,214,NA,NA
"Dublin Elementary",2023,"Harford",NA,212,NA,NA
"Dublin Elementary",2024,"Harford",NA,216,NA,NA
"Eager Street Academy",2020,"Baltimore City",NA,46,NA,NA
"Eager Street Academy",2021,"Baltimore City",NA,39,NA,NA
"Eager Street Academy",2022,"Baltimore City",NA,42,NA,NA
"Eager Street Academy",2024,"Baltimore City",NA,59,NA,NA
"Eager Street Academy",2025,"Baltimore City",NA,45,NA,NA
"Eager Street Academy",2026,"Baltimore City",NA,65,NA,NA
"Edgecombe Circle Elementary",2020,"Baltimore City",NA,215,NA,NA
"Edgewood Elementary",2020,"Baltimore City",NA,188,NA,NA
"Edgewood Elementary",2021,"Baltimore City",NA,178,NA,NA
"Edgewood Elementary",2022,"Baltimore City",NA,153,NA,NA
"Edgewood Elementary",2023,"Baltimore City",NA,143,NA,NA
"Edgewood Elementary",2024,"Baltimore City",NA,153,NA,NA
"Edgewood Elementary",2025,"Baltimore City",NA,134,NA,NA
"Elmer A. Henderson: A Johns Hopkins Partnership",2020,"Baltimore City",NA,561,NA,NA
"Elmer A. Henderson: A Johns Hopkins Partnership",2026,"Baltimore City",NA,655,NA,NA
"Emmitsburg Elementary",2020,"Frederick",NA,220,NA,NA
"Emmitsburg Elementary",2021,"Frederick",NA,201,NA,NA
"Empowerment Academy",2020,"Baltimore City",NA,263,NA,NA
"Empowerment Academy",2021,"Baltimore City",NA,287,NA,NA
"Empowerment Academy",2022,"Baltimore City",NA,296,NA,NA
"Empowerment Academy",2023,"Baltimore City",NA,305,NA,NA
"Empowerment Academy",2024,"Baltimore City",NA,305,NA,NA
"Empowerment Academy",2025,"Baltimore City",NA,344,NA,NA
"Empowerment Academy",2026,"Baltimore City",NA,352,NA,NA
"Eutaw-Marshburn Elementary",2020,"Baltimore City",NA,271,NA,NA
"Eutaw-Marshburn Elementary",2021,"Baltimore City",NA,248,NA,NA
"Eutaw-Marshburn Elementary",2022,"Baltimore City",NA,229,NA,NA
"Eutaw-Marshburn Elementary",2023,"Baltimore City",NA,186,NA,NA
"Excel Academy At Francis M. Wood High",2021,"Baltimore City",NA,475,NA,NA
"Excel Academy At Francis M. Wood High",2023,"Baltimore City",NA,307,NA,NA
"F. B. Gwynn Educational Center",2024,"Charles",NA,NA,NA,NA
"Flexible Student Support",2022,"Carroll",NA,27,NA,NA
"Flexible Student Support",2024,"Carroll",NA,35,NA,NA
"Flexible Student Support",2025,"Carroll",NA,44,NA,NA
"Flintstone Elementary",2020,"Allegany",NA,221,NA,NA
"Flintstone Elementary",2021,"Allegany",NA,205,NA,NA
"Flintstone Elementary",2022,"Allegany",NA,211,NA,NA
"Flintstone Elementary",2023,"Allegany",NA,216,NA,NA
"Flintstone Elementary",2024,"Allegany",NA,220,NA,NA
"Flintstone Elementary",2025,"Allegany",NA,223,NA,NA
"Flintstone Elementary",2026,"Allegany",NA,225,NA,NA
"Fort Garrison Elementary",2020,"Baltimore County",NA,319,NA,NA
"Fort Garrison Elementary",2021,"Baltimore County",NA,283,NA,NA
"Franklin Square Elementary/Middle",2020,"Baltimore City",NA,367,NA,NA
"Franklin Square Elementary/Middle",2021,"Baltimore City",NA,336,NA,NA
"Franklin Square Elementary/Middle",2022,"Baltimore City",NA,326,NA,NA
"Franklin Square Elementary/Middle",2023,"Baltimore City",NA,316,NA,NA
"Friendship Aspire Bowie Charter",2025,"Prince Georges",NA,140,NA,NA
"Friendship Aspire Bowie Charter",2026,"Prince Georges",NA,172,NA,NA
"Friendsville Elementary",2020,"Garrett",NA,142,NA,NA
"Friendsville Elementary",2021,"Garrett",NA,140,NA,NA
"Friendsville Elementary",2022,"Garrett",NA,133,NA,NA
"Friendsville Elementary",2023,"Garrett",NA,138,NA,NA
"Friendsville Elementary",2024,"Garrett",NA,129,NA,NA
"Friendsville Elementary",2025,"Garrett",NA,137,NA,NA
"Friendsville Elementary",2026,"Garrett",NA,129,NA,NA
"Frost Elementary",2020,"Allegany",NA,195,NA,NA
"Frost Elementary",2021,"Allegany",NA,192,NA,NA
"Frost Elementary",2022,"Allegany",NA,190,NA,NA
"Frost Elementary",2023,"Allegany",NA,236,NA,NA
"Frost Elementary",2024,"Allegany",NA,239,NA,NA
"Frost Elementary",2025,"Allegany",NA,243,NA,NA
"Frost Elementary",2026,"Allegany",NA,224,NA,NA
"Furman Templeton Preparatory Academy",2020,"Baltimore City",NA,461,NA,NA
"Furman Templeton Preparatory Academy",2021,"Baltimore City",NA,450,NA,NA
"Furman Templeton Preparatory Academy",2022,"Baltimore City",NA,413,NA,NA
"Furman Templeton Preparatory Academy",2023,"Baltimore City",NA,393,NA,NA
"Furman Templeton Preparatory Academy",2024,"Baltimore City",NA,431,NA,NA
"Furman Templeton Preparatory Academy",2025,"Baltimore City",NA,433,NA,NA
"Furman Templeton Preparatory Academy",2026,"Baltimore City",NA,423,NA,NA
"Gardenville Elementary",2020,"Baltimore City",NA,295,NA,NA
"Gardenville Elementary",2021,"Baltimore City",NA,254,NA,NA
"Garrett Heights Elementary/Middle",2020,"Baltimore City",NA,289,NA,NA
"Garrett Heights Elementary/Middle",2021,"Baltimore City",NA,318,NA,NA
"Garrett Heights Elementary/Middle",2022,"Baltimore City",NA,352,NA,NA
"Garrett Heights Elementary/Middle",2023,"Baltimore City",NA,337,NA,NA
"Garrett Heights Elementary/Middle",2026,"Baltimore City",NA,317,NA,NA
"Gateway School",2020,"Carroll",NA,66,NA,NA
"Gateway School",2021,"Carroll",NA,51,NA,NA
"Gateway School",2022,"Carroll",NA,69,NA,NA
"Gateway School",2023,"Carroll",NA,75,NA,NA
"Gateway School",2024,"Carroll",NA,81,NA,NA
"Gateway School",2025,"Carroll",NA,80,NA,NA
"George W. F. Mcmechen High",2020,"Baltimore City",NA,50,NA,NA
"George W. F. Mcmechen High",2021,"Baltimore City",NA,44,NA,NA
"George W. F. Mcmechen High",2022,"Baltimore City",NA,36,NA,NA
"George Washington Elementary",2022,"Baltimore City",NA,174,NA,NA
"George Washington Elementary",2026,"Baltimore City",NA,146,NA,NA
"Georges Creek Elementary",2023,"Allegany",NA,268,NA,NA
"Georges Creek Elementary",2024,"Allegany",NA,268,NA,NA
"Georges Creek Elementary",2025,"Allegany",NA,272,NA,NA
"Georges Creek Elementary",2026,"Allegany",NA,270,NA,NA
"Govans Elementary",2020,"Baltimore City",NA,381,NA,NA
"Grantsville Elementary",2020,"Garrett",NA,188,NA,NA
"Grantsville Elementary",2022,"Garrett",NA,166,NA,NA
"Grantsville Elementary",2023,"Garrett",NA,171,NA,NA
"Grantsville Elementary",2024,"Garrett",NA,187,NA,NA
"Grantsville Elementary",2025,"Garrett",NA,204,NA,NA
"Grantsville Elementary",2026,"Garrett",NA,205,NA,NA
"Green Valley Academy At Edgar Allan Poe",2020,"Prince Georges",NA,50,NA,NA
"Green Valley Academy At Edgar Allan Poe",2021,"Prince Georges",NA,56,NA,NA
"Green Valley Academy At Edgar Allan Poe",2022,"Prince Georges",NA,49,NA,NA
"Greenbrier Elementary",2020,"Washington",NA,215,NA,NA
"Guilford Elementary/Middle",2020,"Baltimore City",NA,305,NA,NA
"Guilford Elementary/Middle",2021,"Baltimore City",NA,262,NA,NA
"Gwynns Falls Elementary",2021,"Baltimore City",NA,286,NA,NA
"Gwynns Falls Elementary",2022,"Baltimore City",NA,250,NA,NA
"Gwynns Falls Elementary",2023,"Baltimore City",NA,238,NA,NA
"Gwynns Falls Elementary",2024,"Baltimore City",NA,228,NA,NA
"Gwynns Falls Elementary",2025,"Baltimore City",NA,201,NA,NA
"Gwynns Falls Elementary",2026,"Baltimore City",NA,257,NA,NA
"Hancock Elementary",2020,"Washington",NA,229,NA,NA
"Hancock Elementary",2021,"Washington",NA,213,NA,NA
"Hancock Elementary",2022,"Washington",NA,209,NA,NA
"Hancock Elementary",2023,"Washington",NA,211,NA,NA
"Hancock Elementary",2024,"Washington",NA,197,NA,NA
"Hancock Elementary",2025,"Washington",NA,193,NA,NA
"Hancock Elementary",2026,"Washington",NA,179,NA,NA
"Hancock Middle Senior High",2020,"Washington",NA,248,NA,NA
"Hancock Middle Senior High",2021,"Washington",NA,235,NA,NA
"Hancock Middle Senior High",2022,"Washington",NA,224,NA,NA
"Hancock Middle Senior High",2023,"Washington",NA,219,NA,NA
"Hancock Middle Senior High",2024,"Washington",NA,255,NA,NA
"Hancock Middle Senior High",2025,"Washington",NA,239,NA,NA
"Harford Heights Elementary",2021,"Baltimore City",NA,397,NA,NA
"Harlem Park Elementary/Middle",2020,"Baltimore City",NA,293,NA,NA
"Harlem Park Elementary/Middle",2021,"Baltimore City",NA,282,NA,NA
"Harlem Park Elementary/Middle",2022,"Baltimore City",NA,330,NA,NA
"Harlem Park Elementary/Middle",2023,"Baltimore City",NA,365,NA,NA
"Harlem Park Elementary/Middle",2024,"Baltimore City",NA,443,NA,NA
"Harlem Park Elementary/Middle",2025,"Baltimore City",NA,402,NA,NA
"Harlem Park Elementary/Middle",2026,"Baltimore City",NA,421,NA,NA
"Heather Ridge",2020,"Frederick",NA,56,NA,NA
"Heather Ridge",2021,"Frederick",NA,44,NA,NA
"Heather Ridge",2022,"Frederick",NA,29,NA,NA
"Hilton Elementary",2020,"Baltimore City",NA,365,NA,NA
"Hilton Elementary",2021,"Baltimore City",NA,328,NA,NA
"Hilton Elementary",2022,"Baltimore City",NA,324,NA,NA
"Hilton Elementary",2023,"Baltimore City",NA,293,NA,NA
"Hilton Elementary",2024,"Baltimore City",NA,271,NA,NA
"Home Assignments-Elementary",2024,"Baltimore County",NA,NA,NA,NA
"Home Assignments-Secondary",2023,"Baltimore County",NA,11,NA,NA
"Home Assignments-Secondary",2024,"Baltimore County",NA,43,NA,NA
"Imagine Foundations At Leeland Pcs",2020,"Prince Georges",NA,480,NA,NA
"Imagine Foundations At Leeland Pcs",2021,"Prince Georges",NA,467,NA,NA
"Imagine Foundations At Leeland Pcs",2022,"Prince Georges",NA,479,NA,NA
"Imagine Foundations At Leeland Pcs",2023,"Prince Georges",NA,490,NA,NA
"Imagine Lincoln Public Charter",2020,"Prince Georges",NA,405,NA,NA
"Incarcerated Youth Center (Jacs)",2020,"Prince Georges",NA,10,NA,NA
"Incarcerated Youth Center (Jacs)",2021,"Prince Georges",NA,11,NA,NA
"Incarcerated Youth Center (Jacs)",2022,"Prince Georges",NA,NA,NA,NA
"Incarcerated Youth Center (Jacs)",2023,"Prince Georges",NA,10,NA,NA
"Incarcerated Youth Center (Jacs)",2024,"Prince Georges",NA,15,NA,NA
"Incarcerated Youth Center (Jacs)",2025,"Prince Georges",NA,28,NA,NA
"Incarcerated Youth Center (Jacs)",2026,"Prince Georges",NA,19,NA,NA
"Independence School Local I",2020,"Baltimore City",NA,140,NA,NA
"Independence School Local I",2021,"Baltimore City",NA,155,NA,NA
"Independence School Local I",2022,"Baltimore City",NA,151,NA,NA
"James Mosher Elementary",2020,"Baltimore City",NA,211,NA,NA
"James Mosher Elementary",2021,"Baltimore City",NA,221,NA,NA
"John Humbird Elementary",2020,"Allegany",NA,279,NA,NA
"John Humbird Elementary",2021,"Allegany",NA,233,NA,NA
"John Humbird Elementary",2022,"Allegany",NA,237,NA,NA
"John Humbird Elementary",2023,"Allegany",NA,234,NA,NA
"John Humbird Elementary",2024,"Allegany",NA,253,NA,NA
"John Humbird Elementary",2025,"Allegany",NA,242,NA,NA
"Johnston Square Elementary",2020,"Baltimore City",NA,291,NA,NA
"Johnston Square Elementary",2021,"Baltimore City",NA,273,NA,NA
"Johnston Square Elementary",2022,"Baltimore City",NA,262,NA,NA
"Johnston Square Elementary",2023,"Baltimore City",NA,277,NA,NA
"Johnston Square Elementary",2024,"Baltimore City",NA,244,NA,NA
"Johnston Square Elementary",2025,"Baltimore City",NA,271,NA,NA
"Johnston Square Elementary",2026,"Baltimore City",NA,244,NA,NA
"Joseph C. Briscoe Academy",2021,"Baltimore City",NA,58,NA,NA
"Joseph C. Briscoe Academy",2022,"Baltimore City",NA,49,NA,NA
"Joseph C. Briscoe Academy",2025,"Baltimore City",NA,30,NA,NA
"Joseph C. Briscoe Academy",2026,"Baltimore City",NA,30,NA,NA
"Kingsville Elementary",2021,"Baltimore County",NA,272,NA,NA
"Lakewood Elementary",2020,"Baltimore City",NA,83,NA,NA
"Lakewood Elementary",2021,"Baltimore City",NA,63,NA,NA
"Lakewood Elementary",2022,"Baltimore City",NA,90,NA,NA
"Lillie May Carroll Jackson School",2020,"Baltimore City",NA,308,NA,NA
"Lillie May Carroll Jackson School",2021,"Baltimore City",NA,309,NA,NA
"Lillie May Carroll Jackson School",2022,"Baltimore City",NA,298,NA,NA
"Lillie May Carroll Jackson School",2023,"Baltimore City",NA,221,NA,NA
"Lillie May Carroll Jackson School",2024,"Baltimore City",NA,204,NA,NA
"Lillie May Carroll Jackson School",2025,"Baltimore City",NA,209,NA,NA
"Lillie May Carroll Jackson School",2026,"Baltimore City",NA,216,NA,NA
"Lockerman Bundy Elementary",2020,"Baltimore City",NA,221,NA,NA
"Lockerman Bundy Elementary",2021,"Baltimore City",NA,215,NA,NA
"Lois T. Murray Elementary/Middle",2020,"Baltimore City",NA,44,NA,NA
"Lois T. Murray Elementary/Middle",2021,"Baltimore City",NA,44,NA,NA
"Lois T. Murray Elementary/Middle",2022,"Baltimore City",NA,37,NA,NA
"Lois T. Murray Elementary/Middle",2023,"Baltimore City",NA,36,NA,NA
"Lois T. Murray Elementary/Middle",2024,"Baltimore City",NA,35,NA,NA
"Lois T. Murray Elementary/Middle",2025,"Baltimore City",NA,33,NA,NA
"Lois T. Murray Elementary/Middle",2026,"Baltimore City",NA,38,NA,NA
"Maiden Choice School",2020,"Baltimore County",NA,137,NA,NA
"Maiden Choice School",2021,"Baltimore County",NA,130,NA,NA
"Maiden Choice School",2025,"Baltimore County",NA,118,NA,NA
"Marley Glen School",2026,"Anne Arundel",NA,73,NA,NA
"Marshall Street School",2020,"Washington",NA,43,NA,NA
"Marshall Street School",2021,"Washington",NA,41,NA,NA
"Marshall Street School",2022,"Washington",NA,46,NA,NA
"Marshall Street School",2023,"Washington",NA,54,NA,NA
"Marshall Street School",2024,"Washington",NA,53,NA,NA
"Marshall Street School",2025,"Washington",NA,47,NA,NA
"Marshall Street School",2026,"Washington",NA,51,NA,NA
"Mary Ann Winterling Elementary At Bentalou",2020,"Baltimore City",NA,226,NA,NA
"Mary Ann Winterling Elementary At Bentalou",2022,"Baltimore City",NA,381,NA,NA
"Mary Ann Winterling Elementary At Bentalou",2023,"Baltimore City",NA,320,NA,NA
"Mary Ann Winterling Elementary At Bentalou",2024,"Baltimore City",NA,315,NA,NA
"Mary E. Rodman Elementary",2020,"Baltimore City",NA,285,NA,NA
"Mary E. Rodman Elementary",2021,"Baltimore City",NA,412,NA,NA
"Mary E. Rodman Elementary",2022,"Baltimore City",NA,399,NA,NA
"Mary Moss At Adams Academy",2020,"Anne Arundel",NA,44,NA,NA
"Mary Moss At Adams Academy",2021,"Anne Arundel",NA,42,NA,NA
"Mary Moss At Adams Academy",2022,"Anne Arundel",NA,16,NA,NA
"Mary Moss At Adams Academy",2023,"Anne Arundel",NA,35,NA,NA
"Mary Moss At Adams Academy",2024,"Anne Arundel",NA,42,NA,NA
"Mary Moss At Adams Academy",2025,"Anne Arundel",NA,50,NA,NA
"Mary Moss At Adams Academy",2026,"Anne Arundel",NA,40,NA,NA
"Matthew A. Henson Elementary",2020,"Baltimore City",NA,312,NA,NA
"Matthew A. Henson Elementary",2021,"Baltimore City",NA,268,NA,NA
"Matthew A. Henson Elementary",2022,"Baltimore City",NA,236,NA,NA
"Matthew A. Henson Elementary",2023,"Baltimore City",NA,218,NA,NA
"Meadowood Education Center",2020,"Baltimore County",NA,33,NA,NA
"Meadowood Education Center",2021,"Baltimore County",NA,15,NA,NA
"Meadowood Education Center",2023,"Baltimore County",NA,19,NA,NA
"Meadowood Education Center",2024,"Baltimore County",NA,25,NA,NA
"Meadowood Education Center",2025,"Baltimore County",NA,29,NA,NA
"Meadowood Education Center",2026,"Baltimore County",NA,29,NA,NA
"Mechanicsville Elementary",2025,"Carroll",NA,510,NA,NA
"Midtown Academy",2020,"Baltimore City",NA,198,NA,NA
"Midtown Academy",2021,"Baltimore City",NA,198,NA,NA
"Midtown Academy",2022,"Baltimore City",NA,198,NA,NA
"Midtown Academy",2023,"Baltimore City",NA,193,NA,NA
"Midtown Academy",2024,"Baltimore City",NA,181,NA,NA
"Midtown Academy",2025,"Baltimore City",NA,184,NA,NA
"Midtown Academy",2026,"Baltimore City",NA,185,NA,NA
"Montebello Elementary/Middle",2020,"Baltimore City",NA,553,NA,NA
"Montebello Elementary/Middle",2021,"Baltimore City",NA,486,NA,NA
"Mount Savage Middle",2020,"Allegany",NA,394,NA,NA
"Mount Savage Middle",2021,"Allegany",NA,383,NA,NA
"Mount Savage Middle",2022,"Allegany",NA,399,NA,NA
"Mount Savage Middle",2023,"Allegany",NA,425,NA,NA
"Mount Savage Middle",2024,"Allegany",NA,434,NA,NA
"Mount Savage Middle",2025,"Allegany",NA,408,NA,NA
"Mount Savage Middle",2026,"Allegany",NA,408,NA,NA
"Mountain Ridge High School",2020,"Allegany",NA,784,NA,NA
"Mt Hope/Nanjemoy Elementary School",2020,"Charles",NA,264,NA,NA
"Mt Hope/Nanjemoy Elementary School",2021,"Charles",NA,230,NA,NA
"Mt Hope/Nanjemoy Elementary School",2022,"Charles",NA,265,NA,NA
"Mt. Savage Elementary",2020,"Allegany",NA,191,NA,NA
"Mt. Savage Elementary",2021,"Allegany",NA,186,NA,NA
"Mt. Savage Elementary",2022,"Allegany",NA,199,NA,NA
"Mt. Savage Elementary",2023,"Allegany",NA,220,NA,NA
"Mt. Savage Elementary",2024,"Allegany",NA,222,NA,NA
"Mt. Savage Elementary",2025,"Allegany",NA,218,NA,NA
"N.a.c.a. Freedom And Democracy Academy Ii",2020,"Baltimore City",NA,297,NA,NA
"New Song Academy",2020,"Baltimore City",NA,185,NA,NA
"New Song Academy",2021,"Baltimore City",NA,174,NA,NA
"New Song Academy",2022,"Baltimore City",NA,180,NA,NA
"Norrisville Elementary",2020,"Harford",NA,218,NA,NA
"Norrisville Elementary",2021,"Harford",NA,205,NA,NA
"Norrisville Elementary",2023,"Harford",NA,212,NA,NA
"Norrisville Elementary",2024,"Harford",NA,213,NA,NA
"North Harford Elementary",2020,"Harford",NA,373,NA,NA
"North Harford Elementary",2021,"Harford",NA,331,NA,NA
"North Harford Elementary",2022,"Harford",NA,348,NA,NA
"North Harford Elementary",2023,"Harford",NA,386,NA,NA
"North Harford Elementary",2024,"Harford",NA,404,NA,NA
"North Harford Elementary",2026,"Harford",NA,417,NA,NA
"Northeast Edlp At Parkville High School",2020,"Baltimore County",NA,18,NA,NA
"Northeast Edlp At Parkville High School",2021,"Baltimore County",NA,15,NA,NA
"Northeast Edlp At Parkville High School",2022,"Baltimore County",NA,11,NA,NA
"Northeast Edlp At Parkville High School",2023,"Baltimore County",NA,12,NA,NA
"Northeast Edlp At Parkville High School",2024,"Baltimore County",NA,NA,NA,NA
"Northeast Edlp At Parkville High School",2026,"Baltimore County",NA,NA,NA,NA
"Northeast Elementary",2020,"Allegany",NA,319,NA,NA
"Northeast Elementary",2021,"Allegany",NA,269,NA,NA
"Northeast Elementary",2022,"Allegany",NA,278,NA,NA
"Northeast Elementary",2023,"Allegany",NA,272,NA,NA
"Northeast Elementary",2024,"Allegany",NA,273,NA,NA
"Northeast Elementary",2025,"Allegany",NA,272,NA,NA
"Northeast Elementary",2026,"Allegany",NA,274,NA,NA
"Northern Garrett High School",2020,"Garrett",NA,441,NA,NA
"Northern Garrett High School",2024,"Garrett",NA,444,NA,NA
"Northern Garrett High School",2025,"Garrett",NA,439,NA,NA
"Northern Garrett High School",2026,"Garrett",NA,440,NA,NA
"Northern Middle School",2020,"Garrett",NA,357,NA,NA
"Northern Middle School",2021,"Garrett",NA,355,NA,NA
"Northern Middle School",2022,"Garrett",NA,326,NA,NA
"Northern Middle School",2023,"Garrett",NA,320,NA,NA
"Northern Middle School",2024,"Garrett",NA,315,NA,NA
"Northern Middle School",2025,"Garrett",NA,305,NA,NA
"Northern Middle School",2026,"Garrett",NA,301,NA,NA
"Northwest Edlp At Milford Mill Academy",2020,"Baltimore County",NA,NA,NA,NA
"Northwest Edlp At Milford Mill Academy",2023,"Baltimore County",NA,NA,NA,NA
"Northwest Edlp At Milford Mill Academy",2025,"Baltimore County",NA,NA,NA,NA
"Northwestern Elementary",2026,"Wicomico",NA,267,NA,NA
"Northwood Elementary",2020,"Baltimore City",NA,590,NA,NA
"Oakville Elementary",2021,"Saint Marys",NA,269,NA,NA
"Oakville Elementary",2022,"Saint Marys",NA,271,NA,NA
"Oakville Elementary",2023,"Saint Marys",NA,258,NA,NA
"Oliver Beach Elementary",2020,"Baltimore County",NA,185,NA,NA
"Oliver Beach Elementary",2021,"Baltimore County",NA,168,NA,NA
"Oliver Beach Elementary",2022,"Baltimore County",NA,146,NA,NA
"Oliver Beach Elementary",2023,"Baltimore County",NA,148,NA,NA
"Oliver Beach Elementary",2024,"Baltimore County",NA,149,NA,NA
"Parkside Elementary",2020,"Allegany",NA,210,NA,NA
"Parkside Elementary",2021,"Allegany",NA,178,NA,NA
"Parkside Elementary",2022,"Allegany",NA,205,NA,NA
"Parkside Elementary",2023,"Allegany",NA,210,NA,NA
"Parkside Elementary",2024,"Allegany",NA,218,NA,NA
"Parkside Elementary",2025,"Allegany",NA,222,NA,NA
"Parkside Elementary",2026,"Allegany",NA,217,NA,NA
"Pep - Itinerant",2021,"Montgomery",NA,40,NA,NA
"Phoenix International School Of The Arts",2024,"Charles",NA,167,NA,NA
"Pleasant Valley Elementary",2020,"Washington",NA,262,NA,NA
"Pleasant Valley Elementary",2021,"Washington",NA,204,NA,NA
"Post Secondary Program",2020,"Carroll",NA,44,NA,NA
"Post Secondary Program",2021,"Carroll",NA,50,NA,NA
"Post Secondary Program",2022,"Carroll",NA,46,NA,NA
"Post Secondary Program",2023,"Carroll",NA,42,NA,NA
"Post Secondary Program",2024,"Carroll",NA,40,NA,NA
"Post Secondary Program",2025,"Carroll",NA,36,NA,NA
"Post Secondary Program",2026,"Carroll",NA,28,NA,NA
"Prekindergarten Offsites",2020,"Prince Georges",NA,16,NA,NA
"Prekindergarten Offsites",2021,"Prince Georges",NA,NA,NA,NA
"Prekindergarten Offsites",2022,"Prince Georges",NA,12,NA,NA
"Prekindergarten Offsites",2024,"Prince Georges",NA,NA,NA,NA
"Prekindergarten Offsites",2025,"Prince Georges",NA,15,NA,NA
"Prekindergarten Offsites",2026,"Prince Georges",NA,14,NA,NA
"Prettyboy Elementary",2020,"Baltimore County",NA,422,NA,NA
"Prettyboy Elementary",2021,"Baltimore County",NA,385,NA,NA
"Pride School",2021,"Carroll",NA,NA,NA,NA
"Pride School",2023,"Carroll",NA,NA,NA,NA
"Pride School",2024,"Carroll",NA,NA,NA,NA
"Pride School",2026,"Carroll",NA,NA,NA,NA
"Renaissance Academy",2020,"Baltimore City",NA,239,NA,NA
"Renaissance Academy",2021,"Baltimore City",NA,243,NA,NA
"Ridge Elementary",2025,"Saint Marys",NA,209,NA,NA
"Ridge Elementary",2026,"Saint Marys",NA,191,NA,NA
"Robert D. Stethem Educational Center",2020,"Charles",NA,88,NA,NA
"Robert D. Stethem Educational Center",2021,"Charles",NA,65,NA,NA
"Robert W. Coleman Elementary",2020,"Baltimore City",NA,304,NA,NA
"Robert W. Coleman Elementary",2021,"Baltimore City",NA,234,NA,NA
"Robert W. Coleman Elementary",2022,"Baltimore City",NA,250,NA,NA
"Robert W. Coleman Elementary",2024,"Baltimore City",NA,228,NA,NA
"Robert W. Coleman Elementary",2025,"Baltimore City",NA,201,NA,NA
"Robert W. Coleman Elementary",2026,"Baltimore City",NA,220,NA,NA
"Rock Hall Elementary",2020,"Kent",NA,231,NA,NA
"Rock Hall Elementary",2021,"Kent",NA,213,NA,NA
"Rock Hall Elementary",2022,"Kent",NA,197,NA,NA
"Rock Hall Elementary",2023,"Kent",NA,182,NA,NA
"Rock Hall Elementary",2024,"Kent",NA,208,NA,NA
"Rock Hall Elementary",2025,"Kent",NA,198,NA,NA
"Rock Hall Elementary",2026,"Kent",NA,207,NA,NA
"Rosedale Center",2020,"Baltimore County",NA,65,NA,NA
"Rosedale Center",2022,"Baltimore County",NA,21,NA,NA
"Rosedale Center",2023,"Baltimore County",NA,52,NA,NA
"Rosedale Center",2025,"Baltimore County",NA,108,NA,NA
"Rosemont Elementary/Middle",2020,"Baltimore City",NA,359,NA,NA
"Rosemont Elementary/Middle",2021,"Baltimore City",NA,351,NA,NA
"Rosemont Elementary/Middle",2022,"Baltimore City",NA,308,NA,NA
"Rosemont Elementary/Middle",2023,"Baltimore City",NA,258,NA,NA
"Rosemont Elementary/Middle",2024,"Baltimore City",NA,258,NA,NA
"Rosemont Elementary/Middle",2025,"Baltimore City",NA,294,NA,NA
"Rosemont Elementary/Middle",2026,"Baltimore City",NA,323,NA,NA
"Route 40 Elementary",2020,"Garrett",NA,133,NA,NA
"Route 40 Elementary",2021,"Garrett",NA,119,NA,NA
"Route 40 Elementary",2022,"Garrett",NA,122,NA,NA
"Sabillasville Elementary",2020,"Frederick",NA,82,NA,NA
"Sabillasville Elementary",2021,"Frederick",NA,70,NA,NA
"Sabillasville Elementary",2022,"Frederick",NA,69,NA,NA
"Sabillasville Environmental School",2023,"Frederick",NA,154,NA,NA
"Sabillasville Environmental School",2024,"Frederick",NA,183,NA,NA
"Sabillasville Environmental School",2025,"Frederick",NA,196,NA,NA
"Sabillasville Environmental School",2026,"Frederick",NA,198,NA,NA
"Sandtown-Winchester Achievement Academy",2020,"Baltimore City",NA,400,NA,NA
"Sandtown-Winchester Achievement Academy",2021,"Baltimore City",NA,400,NA,NA
"Sandtown-Winchester Achievement Academy",2022,"Baltimore City",NA,405,NA,NA
"Sandtown-Winchester Achievement Academy",2024,"Baltimore City",NA,405,NA,NA
"Sandtown-Winchester Achievement Academy",2025,"Baltimore City",NA,410,NA,NA
"Sandtown-Winchester Achievement Academy",2026,"Baltimore City",NA,333,NA,NA
"Sarah M. Roach Elementary",2020,"Baltimore City",NA,185,NA,NA
"Sharp-Leadenhall Elementary/Middle",2022,"Baltimore City",NA,25,NA,NA
"Sharp-Leadenhall Elementary/Middle",2023,"Baltimore City",NA,29,NA,NA
"Sharp-Leadenhall Elementary/Middle",2025,"Baltimore City",NA,23,NA,NA
"Sharp-Leadenhall Elementary/Middle",2026,"Baltimore City",NA,21,NA,NA
"Sharpsburg Elementary",2020,"Washington",NA,248,NA,NA
"Sharpsburg Elementary",2021,"Washington",NA,308,NA,NA
"Shipleys Choice Elementary",2020,"Anne Arundel",NA,394,NA,NA
"Shipleys Choice Elementary",2021,"Anne Arundel",NA,369,NA,NA
"Shipleys Choice Elementary",2022,"Anne Arundel",NA,356,NA,NA
"Shipleys Choice Elementary",2023,"Anne Arundel",NA,342,NA,NA
"Shipleys Choice Elementary",2024,"Anne Arundel",NA,347,NA,NA
"Sinclair Lane Elementary",2020,"Baltimore City",NA,339,NA,NA
"Sinclair Lane Elementary",2021,"Baltimore City",NA,300,NA,NA
"Sinclair Lane Elementary",2022,"Baltimore City",NA,281,NA,NA
"Sinclair Lane Elementary",2023,"Baltimore City",NA,271,NA,NA
"South Dorchester School",2022,"Dorchester",NA,206,NA,NA
"South Penn Elementary",2020,"Allegany",NA,571,NA,NA
"South Penn Elementary",2021,"Allegany",NA,497,NA,NA
"South Penn Elementary",2022,"Allegany",NA,500,NA,NA
"South Penn Elementary",2023,"Allegany",NA,523,NA,NA
"South Penn Elementary",2024,"Allegany",NA,512,NA,NA
"Southeast Edlp At Dundalk High School",2020,"Baltimore County",NA,18,NA,NA
"Southeast Edlp At Dundalk High School",2021,"Baltimore County",NA,NA,NA,NA
"Southeast Edlp At Dundalk High School",2024,"Baltimore County",NA,10,NA,NA
"Southeast Edlp At Dundalk High School",2025,"Baltimore County",NA,NA,NA,NA
"Southern Garrett High School",2021,"Garrett",NA,678,NA,NA
"Southern Garrett High School",2022,"Garrett",NA,661,NA,NA
"Southern Garrett High School",2023,"Garrett",NA,624,NA,NA
"Southern Middle School",2020,"Garrett",NA,507,NA,NA
"Southern Middle School",2021,"Garrett",NA,468,NA,NA
"Southern Middle School",2022,"Garrett",NA,461,NA,NA
"Southern Middle School",2023,"Garrett",NA,434,NA,NA
"Southwest Edlp At Woodlawn High School",2020,"Baltimore County",NA,14,NA,NA
"Southwest Edlp At Woodlawn High School",2021,"Baltimore County",NA,NA,NA,NA
"Stadium School",2022,"Baltimore City",NA,429,NA,NA
"Stadium School",2023,"Baltimore City",NA,339,NA,NA
"Steuart Hill Academic Academy",2021,"Baltimore City",NA,187,NA,NA
"Swan Meadow School",2020,"Garrett",NA,59,NA,NA
"Swan Meadow School",2021,"Garrett",NA,45,NA,NA
"Swan Meadow School",2022,"Garrett",NA,44,NA,NA
"Swan Meadow School",2024,"Garrett",NA,48,NA,NA
"Swan Meadow School",2025,"Garrett",NA,54,NA,NA
"The Green School Of Baltimore",2021,"Baltimore City",NA,162,NA,NA
"The Green School Of Baltimore",2022,"Baltimore City",NA,158,NA,NA
"The Green School Of Baltimore",2023,"Baltimore City",NA,162,NA,NA
"The Green School Of Baltimore",2024,"Baltimore City",NA,163,NA,NA
"The Green School Of Baltimore",2025,"Baltimore City",NA,162,NA,NA
"The Green School Of Baltimore",2026,"Baltimore City",NA,162,NA,NA
"The Historic Samuel Coleridge-Taylor Elementary",2020,"Baltimore City",NA,247,NA,NA
"The Historic Samuel Coleridge-Taylor Elementary",2021,"Baltimore City",NA,220,NA,NA
"The Historic Samuel Coleridge-Taylor Elementary",2022,"Baltimore City",NA,218,NA,NA
"The Historic Samuel Coleridge-Taylor Elementary",2023,"Baltimore City",NA,196,NA,NA
"The Historic Samuel Coleridge-Taylor Elementary",2024,"Baltimore City",NA,245,NA,NA
"The Historic Samuel Coleridge-Taylor Elementary",2025,"Baltimore City",NA,236,NA,NA
"The Historic Samuel Coleridge-Taylor Elementary",2026,"Baltimore City",NA,247,NA,NA
"The Reach! Partnership School",2020,"Baltimore City",NA,587,NA,NA
"The Seed School Of Maryland",2021,"Seed",NA,403,NA,NA
"The Seed School Of Maryland",2022,"Seed",NA,397,NA,NA
"The Seed School Of Maryland",2023,"Seed",NA,403,NA,NA
"The Seed School Of Maryland",2024,"Seed",NA,394,NA,NA
"The Seed School Of Maryland",2025,"Seed",NA,395,NA,NA
"Thomas Jefferson Elementary/Middle",2021,"Baltimore City",NA,396,NA,NA
"Thomas Jefferson Elementary/Middle",2022,"Baltimore City",NA,366,NA,NA
"Thomas Jefferson Elementary/Middle",2023,"Baltimore City",NA,299,NA,NA
"Thomas Jefferson Elementary/Middle",2024,"Baltimore City",NA,296,NA,NA
"Tilghman Elementary",2020,"Talbot",NA,101,NA,NA
"Tilghman Elementary",2021,"Talbot",NA,86,NA,NA
"Tilghman Elementary",2022,"Talbot",NA,94,NA,NA
"Tilghman Elementary",2023,"Talbot",NA,94,NA,NA
"Tilghman Elementary",2024,"Talbot",NA,90,NA,NA
"Tilghman Elementary",2025,"Talbot",NA,99,NA,NA
"Tilghman Elementary",2026,"Talbot",NA,93,NA,NA
"Vienna Elementary School",2020,"Dorchester",NA,183,NA,NA
"Vienna Elementary School",2022,"Dorchester",NA,159,NA,NA
"Walter P. Carter Elementary/Middle",2021,"Baltimore City",NA,371,NA,NA
"Washington County Job Development Center",2020,"Washington",NA,33,NA,NA
"Washington County Job Development Center",2021,"Washington",NA,34,NA,NA
"Washington County Job Development Center",2022,"Washington",NA,37,NA,NA
"Washington County Job Development Center",2023,"Washington",NA,46,NA,NA
"Washington County Job Development Center",2024,"Washington",NA,35,NA,NA
"Washington County Job Development Center",2025,"Washington",NA,38,NA,NA
"Washington County Job Development Center",2026,"Washington",NA,41,NA,NA
"Washington Middle",2020,"Allegany",NA,612,NA,NA
"Washington Middle",2021,"Allegany",NA,609,NA,NA
"Watershed Public Charter",2020,"Baltimore County",NA,170,NA,NA
"West Side Elementary",2020,"Allegany",NA,367,NA,NA
"West Side Elementary",2021,"Allegany",NA,319,NA,NA
"West Side Elementary",2022,"Allegany",NA,303,NA,NA
"West Side Elementary",2023,"Allegany",NA,305,NA,NA
"West Side Elementary",2026,"Allegany",NA,302,NA,NA
"Westernport Elementary",2020,"Allegany",NA,260,NA,NA
"Westernport Elementary",2021,"Allegany",NA,256,NA,NA
"Westernport Elementary",2022,"Allegany",NA,272,NA,NA
"Westernport Elementary",2023,"Allegany",NA,261,NA,NA
"Westernport Elementary",2024,"Allegany",NA,253,NA,NA
"Westernport Elementary",2025,"Allegany",NA,248,NA,NA
"Westernport Elementary",2026,"Allegany",NA,237,NA,NA
"Westmar Middle",2020,"Allegany",NA,268,NA,NA
"Westmar Middle",2021,"Allegany",NA,256,NA,NA
"Westmar Middle",2022,"Allegany",NA,232,NA,NA
"Westmar Middle",2023,"Allegany",NA,232,NA,NA
"Westmar Middle",2024,"Allegany",NA,244,NA,NA
"Westmar Middle",2025,"Allegany",NA,258,NA,NA
"Westmar Middle",2026,"Allegany",NA,265,NA,NA
"White Marsh Elementary",2020,"Saint Marys",NA,242,NA,NA
"White Oak School",2020,"Baltimore County",NA,93,NA,NA
"White Oak School",2021,"Baltimore County",NA,75,NA,NA
"White Oak School",2022,"Baltimore County",NA,53,NA,NA
"White Oak School",2023,"Baltimore County",NA,51,NA,NA
"White Oak School",2024,"Baltimore County",NA,57,NA,NA
"White Oak School",2025,"Baltimore County",NA,60,NA,NA
"White Oak School",2026,"Baltimore County",NA,76,NA,NA
"Wicomico County Evening High",2022,"Wicomico",NA,61,NA,NA
"Wicomico County Evening High",2023,"Wicomico",NA,26,NA,NA
"Wicomico County Evening High",2024,"Wicomico",NA,36,NA,NA
"Wicomico County Evening High",2025,"Wicomico",NA,35,NA,NA
"Wicomico County Evening High",2026,"Wicomico",NA,41,NA,NA
"Windsor Hills Elementary/Middle",2020,"Baltimore City",NA,259,NA,NA
"Winfield Elementary",2024,"Carroll",NA,697,NA,NA
"Wolfsville Elementary",2020,"Frederick",NA,149,NA,NA
"Wolfsville Elementary",2021,"Frederick",NA,123,NA,NA
"Wolfsville Elementary",2022,"Frederick",NA,140,NA,NA
"Yorkwood Elementary",2021,"Baltimore City",NA,363,NA,NA
"Yorkwood Elementary",2022,"Baltimore City",NA,330,NA,NA
"Yorkwood Elementary",2025,"Baltimore City",NA,294,NA,NA
"Yough Glades Elementary",2020,"Garrett",NA,308,NA,NA
"Yough Glades Elementary",2021,"Garrett",NA,284,NA,NA
"Yough Glades Elementary",2022,"Garrett",NA,271,NA,NA
"Yough Glades Elementary",2023,"Garrett",NA,280,NA,NA
"Yough Glades Elementary",2024,"Garrett",NA,275,NA,NA
"Yough Glades Elementary",2025,"Garrett",NA,299,NA,NA
"Yough Glades Elementary",2026,"Garrett",NA,295,NA,NA
